product_category,product_type,material_cost,production_time_days,region,origin_state,demand_index,market_trend,season,actual_selling_price,material_type
Paintings & Art,Folk Painting,402.04,8,Bastar,Chhattisgarh,0.652,0.1291,Summer,3309.65,Acrylic
Handmade Home Décor,Mirror,173.19,5,Srinagar,Jammu and Kashmir,0.742,0.16,Winter,3036.06,Bamboo
Woodcraft,Box,609.53,9,Raghurajpur,Odisha,0.489,0.0397,Festival,3197.98,Wood
Handloom & Textiles,Traditional Garment,751.82,4,Channapatna,Karnataka,0.541,0.1284,Normal,2629.84,Silk
Leather & Traditional Craft,Traditional Leather Craft,526.19,6,Kondapalli,Andhra Pradesh,0.696,0.1845,Wedding,3305.71,Leather
Paintings & Art,Folk Painting,377.58,8,Assam,Assam,0.769,0.0328,Winter,2104.49,Acrylic
Leather & Traditional Craft,Wallet,712.14,7,Narsapur,Andhra Pradesh,0.696,-0.0096,Normal,2327.25,Leather
"Bamboo, Cane & Natural Fibre",Bag,249.26,4,Saharanpur,Uttar Pradesh,0.694,0.0428,Normal,1252.18,Cane
Pottery & Terracotta,Planter,61.47,2,Madhubani,Bihar,0.665,0.0315,Normal,1768.03,Clay
Metal Crafts,Utensil,1075.85,7,Saharanpur,Uttar Pradesh,0.536,0.052,Festival,5720.26,Brass
"Bamboo, Cane & Natural Fibre",Decorative Item,278.2,6,Kondapalli,Andhra Pradesh,0.826,-0.0334,Festival,2376.97,Cane
Handloom & Textiles,Scarf,381.45,5,Channapatna,Karnataka,0.832,0.0741,Normal,2724.72,Cotton
Natural / Eco-friendly Crafts,Coir Product,135.91,4,Pochampally,Telangana,0.851,0.0452,Monsoon,2303.29,Coir
Handmade Bags & Accessories,Accessories,167.73,2,Srinagar,Jammu and Kashmir,0.719,0.1338,Normal,2076.0,Beads
Natural / Eco-friendly Crafts,Handmade Paper Product,75.6,2,Channapatna,Karnataka,0.281,0.0393,Festival,1042.32,Handmade Paper
Pottery & Terracotta,Planter,162.48,3,Bastar,Chhattisgarh,0.836,0.2051,Normal,1718.02,Clay
Woodcraft,Decorative Panel,379.77,12,Srikalahasti,Andhra Pradesh,0.7,0.0804,Normal,2519.83,Wood
Natural / Eco-friendly Crafts,Jute Product,58.22,2,Jaipur,Rajasthan,0.403,0.0528,Normal,1620.55,Jute
Handmade Home Décor,Handmade Clock,565.18,5,Moradabad,Uttar Pradesh,0.652,0.0659,Normal,2260.53,Wood
Handmade Jewellery,Beaded Jewellery,253.67,2,Channapatna,Karnataka,0.402,-0.0156,Winter,1551.23,Seed Beads
Handmade Bags & Accessories,Handmade Belt,215.54,7,Narsapur,Andhra Pradesh,0.811,0.2416,Normal,3476.06,Cotton
Metal Crafts,Jewellery,1325.37,5,Srikalahasti,Andhra Pradesh,0.806,0.0891,Normal,3628.13,Brass
Handloom & Textiles,Towel,266.57,9,Saharanpur,Uttar Pradesh,0.663,0.0548,Winter,3636.91,Cotton
Handloom & Textiles,Bedsheet,548.03,15,Srikalahasti,Andhra Pradesh,0.818,0.0736,Summer,3088.92,Cotton
Ceramics,Ceramic Jewellery,274.75,2,Srinagar,Jammu and Kashmir,0.657,0.0637,Winter,1815.18,Porcelain
Natural / Eco-friendly Crafts,Natural-fibre Basket,30.0,3,Srinagar,Jammu and Kashmir,0.862,0.0204,Normal,1753.28,Coir
Ceramics,Ceramic Jewellery,339.73,4,Kashmir,Jammu and Kashmir,0.622,0.0233,Wedding,2193.19,Porcelain
Metal Crafts,Brassware,1183.45,8,Srinagar,Jammu and Kashmir,0.527,-0.0915,Normal,6745.69,Brass
Woodcraft,Tray,359.15,5,Bastar,Chhattisgarh,0.734,-0.0087,Festival,2814.09,Wood
Embroidery & Needlecraft,Table Runner,666.52,8,Saharanpur,Uttar Pradesh,0.283,0.1828,Wedding,3085.28,Linen
Embroidery & Needlecraft,Embroidered Bag,687.09,7,Saharanpur,Uttar Pradesh,0.684,0.0845,Summer,3196.52,Silk
"Bamboo, Cane & Natural Fibre",Mat,184.52,2,Channapatna,Karnataka,0.552,0.1258,Normal,2138.26,Jute
Handmade Home Décor,Lamp,309.5,3,Raghurajpur,Odisha,0.88,-0.0215,Normal,3564.16,Bamboo
Handmade Bags & Accessories,Backpack,221.63,4,Madhubani,Bihar,0.664,0.0706,Normal,1679.06,Cotton
Natural / Eco-friendly Crafts,Eco-friendly Packaging,143.34,3,Etikoppaka,Andhra Pradesh,0.491,-0.0667,Normal,1681.84,Palm Leaf
Pottery & Terracotta,Terracotta Figurine,138.92,3,Bhubaneswar,Odisha,0.836,0.0412,Monsoon,1558.95,Clay
Metal Crafts,Metal Sculpture,1138.81,4,Etikoppaka,Andhra Pradesh,0.87,-0.0436,Normal,5623.93,Brass
Embroidery & Needlecraft,Cushion Cover,191.88,5,Madhubani,Bihar,0.589,0.0826,Summer,1623.53,Cotton
Paintings & Art,Tanjore Painting,342.61,9,Jaipur,Rajasthan,0.376,0.0562,Normal,1825.49,Acrylic
Handmade Toys,Educational Toy,122.63,3,Bastar,Chhattisgarh,0.621,0.0236,Festival,1257.48,Cotton
Handmade Bags & Accessories,Pouch,236.71,3,Kolkata,West Bengal,0.561,0.0506,Normal,2339.83,Jute
Handmade Toys,Traditional Toy,169.41,3,Moradabad,Uttar Pradesh,0.679,0.1051,Normal,2201.49,Cloth
Metal Crafts,Brassware,1151.97,7,Jaipur,Rajasthan,0.764,-0.0846,Normal,3574.43,Brass
Handmade Toys,Wooden Toy,388.49,2,Thanjavur,Tamil Nadu,0.618,0.0232,Wedding,1742.46,Wood
Woodcraft,Decorative Panel,415.54,10,Thanjavur,Tamil Nadu,0.834,0.1702,Normal,3276.48,Wood
"Bamboo, Cane & Natural Fibre",Basket,253.79,4,Kondapalli,Andhra Pradesh,0.663,-0.0909,Normal,2085.47,Palm Leaf
Embroidery & Needlecraft,Wall Hanging,223.0,2,Khurja,Uttar Pradesh,0.697,0.0683,Normal,2530.78,Cotton
Natural / Eco-friendly Crafts,Eco-friendly Packaging,284.18,3,Raghurajpur,Odisha,0.735,-0.062,Festival,1939.29,Jute
Handloom & Textiles,Dress Material,374.78,8,Narsapur,Andhra Pradesh,0.741,0.0994,Normal,3096.0,Linen
Woodcraft,Figurine,282.69,8,Channapatna,Karnataka,0.783,-0.1669,Summer,3468.26,Wood
Handmade Toys,Wooden Toy,134.7,5,Moradabad,Uttar Pradesh,0.499,-0.0987,Normal,1694.26,Wood
Metal Crafts,Jewellery,2194.59,1,Raghurajpur,Odisha,0.666,0.0987,Winter,4232.5,Silver
Natural / Eco-friendly Crafts,Jute Product,43.99,3,Madhubani,Bihar,0.842,0.0717,Normal,1700.64,Jute
Paintings & Art,Gond Art,297.11,4,Bhubaneswar,Odisha,0.393,-0.1672,Normal,2383.18,Natural Pigment
Handmade Home Décor,Table Décor,172.87,3,Bastar,Chhattisgarh,0.423,0.1129,Summer,1582.09,Clay
Woodcraft,Tray,234.87,10,Moradabad,Uttar Pradesh,0.419,0.2001,Normal,2124.23,Wood
"Bamboo, Cane & Natural Fibre",Furniture,183.56,5,Assam,Assam,0.565,0.0427,Normal,1652.25,Cane
"Bamboo, Cane & Natural Fibre",Storage Box,148.24,5,Saharanpur,Uttar Pradesh,0.435,0.2644,Festival,2382.52,Palm Leaf
Handmade Bags & Accessories,Wallet,216.4,5,Raghurajpur,Odisha,0.476,0.0087,Summer,1988.03,Cotton
Paintings & Art,Madhubani Painting,218.26,4,Bhubaneswar,Odisha,0.463,0.1502,Normal,1364.7,Acrylic
Embroidery & Needlecraft,Embroidered Clothing,531.37,4,Kashmir,Jammu and Kashmir,0.614,-0.0432,Normal,2437.52,Linen
Handloom & Textiles,Scarf,544.83,7,Bastar,Chhattisgarh,0.916,-0.0331,Normal,3114.51,Silk
Handmade Jewellery,Beaded Jewellery,450.64,4,Raghurajpur,Odisha,0.654,0.12,Normal,1520.03,Wood
Handmade Jewellery,Wooden Jewellery,175.71,2,Khurja,Uttar Pradesh,0.418,0.0165,Winter,1483.68,Wood
Handmade Home Décor,Showpiece,342.3,7,Bhubaneswar,Odisha,0.433,0.1625,Normal,2297.08,Clay
Handmade Bags & Accessories,Scarf,212.72,4,Saharanpur,Uttar Pradesh,0.268,0.073,Festival,1307.35,Cotton
"Bamboo, Cane & Natural Fibre",Bag,61.62,4,Khurja,Uttar Pradesh,0.401,0.051,Winter,1955.88,Jute
Pottery & Terracotta,Diya,30.0,2,Channapatna,Karnataka,0.896,0.1396,Normal,1837.65,Clay
Ceramics,Tableware,228.11,3,Channapatna,Karnataka,0.766,0.0213,Festival,1392.85,Stoneware
Handmade Home Décor,Decorative Box,335.51,3,Bastar,Chhattisgarh,0.551,0.0067,Normal,3208.42,Bamboo
Woodcraft,Figurine,212.14,1,Srinagar,Jammu and Kashmir,0.656,-0.1906,Monsoon,2289.92,Wood
Embroidery & Needlecraft,Patchwork Product,451.17,4,Srikalahasti,Andhra Pradesh,0.797,0.0532,Monsoon,3636.89,Wool
Handmade Bags & Accessories,Pouch,142.49,5,Assam,Assam,0.785,0.0528,Normal,1582.24,Jute
"Bamboo, Cane & Natural Fibre",Bag,108.8,4,Kutch,Gujarat,0.439,0.1248,Normal,1511.27,Bamboo
Handmade Jewellery,Wooden Jewellery,546.1,2,Moradabad,Uttar Pradesh,0.893,0.0301,Monsoon,4051.65,Wood
Handloom & Textiles,Dupatta,365.44,4,Assam,Assam,0.725,-0.1034,Festival,2859.36,Wool
Natural / Eco-friendly Crafts,Jute Product,215.73,3,Jaipur,Rajasthan,0.487,0.0851,Monsoon,2196.18,Jute
Handmade Bags & Accessories,Accessories,326.63,3,Moradabad,Uttar Pradesh,0.749,0.1,Normal,3053.25,Leather
Handmade Bags & Accessories,Scarf,523.92,4,Kutch,Gujarat,0.529,-0.0014,Festival,2730.17,Linen
Woodcraft,Tray,535.9,8,Etikoppaka,Andhra Pradesh,0.473,0.1031,Normal,2858.27,Wood
Handmade Jewellery,Metal Jewellery,733.77,5,Channapatna,Karnataka,0.785,-0.2,Winter,3377.35,Brass
Metal Crafts,Decorative Item,1044.39,3,Etikoppaka,Andhra Pradesh,0.501,0.0867,Normal,5936.37,Brass
Metal Crafts,Bell-metal Product,938.93,6,Assam,Assam,0.48,0.0245,Wedding,5206.67,Bell Metal
Handmade Toys,Stuffed Toy,243.05,4,Saharanpur,Uttar Pradesh,0.389,0.0707,Wedding,2463.92,Wool
Natural / Eco-friendly Crafts,Banana-fibre Product,109.33,3,Jaipur,Rajasthan,0.5,0.0401,Festival,1898.76,Banana Fibre
Metal Crafts,Utensil,1108.38,6,Kutch,Gujarat,0.589,0.1103,Wedding,6970.66,Bell Metal
Woodcraft,Wall Décor,448.06,13,Kutch,Gujarat,0.593,0.0254,Normal,2929.66,Wood
Metal Crafts,Jewellery,1495.02,8,Srinagar,Jammu and Kashmir,0.59,0.1441,Summer,5333.99,Silver
Handmade Home Décor,Wall Hanging,520.29,4,Bastar,Chhattisgarh,0.475,0.1377,Festival,3113.54,Wood
Leather & Traditional Craft,Wallet,616.74,6,Bastar,Chhattisgarh,0.707,0.2701,Festival,3457.37,Leather
Metal Crafts,Utensil,1193.3,7,Kutch,Gujarat,0.633,0.0446,Normal,7543.96,Brass
Ceramics,Plate,166.55,1,Kashmir,Jammu and Kashmir,0.396,0.3,Summer,2150.35,Ceramic
Embroidery & Needlecraft,Patchwork Product,342.68,7,Kolkata,West Bengal,0.818,0.0251,Festival,3386.82,Cotton
Leather & Traditional Craft,Traditional Leather Craft,1010.7,4,Kashmir,Jammu and Kashmir,0.662,0.1517,Normal,3138.6,Leather
Embroidery & Needlecraft,Cushion Cover,227.04,3,Kondapalli,Andhra Pradesh,0.578,-0.0537,Winter,1476.25,Cotton
Metal Crafts,Brassware,970.65,7,Kutch,Gujarat,0.779,0.0334,Wedding,7338.8,Brass
Pottery & Terracotta,Clay Pot,81.12,2,Khurja,Uttar Pradesh,0.581,0.0556,Monsoon,1240.61,Terracotta
Metal Crafts,Utensil,1020.87,1,Kutch,Gujarat,0.572,0.1417,Winter,4972.13,Copper
Woodcraft,Wall Décor,655.81,6,Moradabad,Uttar Pradesh,0.456,-0.0776,Normal,3658.36,Wood
Ceramics,Decorative Piece,357.61,2,Kolkata,West Bengal,0.822,-0.1217,Normal,1890.92,Ceramic
Paintings & Art,Handmade Wall Art,340.78,6,Kolkata,West Bengal,0.566,0.107,Normal,1844.41,Canvas
Embroidery & Needlecraft,Table Runner,852.87,6,Channapatna,Karnataka,0.638,0.2264,Normal,4557.3,Silk
Metal Crafts,Brassware,1346.35,5,Bastar,Chhattisgarh,0.722,-0.0292,Normal,4961.23,Brass
Pottery & Terracotta,Decorative Pot,30.0,2,Etikoppaka,Andhra Pradesh,0.844,0.1692,Monsoon,1792.9,Terracotta
Metal Crafts,Copperware,1305.43,4,Bhubaneswar,Odisha,0.635,0.0005,Summer,5520.26,Copper
Leather & Traditional Craft,Footwear,892.3,5,Kondapalli,Andhra Pradesh,0.534,0.2015,Normal,3816.36,Leather
Handmade Bags & Accessories,Pouch,296.83,3,Etikoppaka,Andhra Pradesh,0.819,-0.0153,Normal,2046.6,Leather
Natural / Eco-friendly Crafts,Banana-fibre Product,212.26,2,Khurja,Uttar Pradesh,0.709,0.0396,Winter,2471.67,Banana Fibre
Paintings & Art,Phad Painting,234.29,10,Khurja,Uttar Pradesh,0.671,0.1958,Festival,2186.61,Watercolour
Pottery & Terracotta,Sculpture,98.19,3,Raghurajpur,Odisha,0.665,0.1242,Normal,1121.95,Terracotta
Pottery & Terracotta,Decorative Pot,30.0,3,Thanjavur,Tamil Nadu,0.71,-0.1376,Winter,1211.59,Terracotta
Handmade Bags & Accessories,Accessories,30.0,5,Assam,Assam,0.485,0.0864,Normal,2306.79,Jute
Natural / Eco-friendly Crafts,Banana-fibre Product,90.04,4,Thanjavur,Tamil Nadu,0.809,0.1371,Festival,1599.87,Banana Fibre
Handmade Jewellery,Lac Jewellery,214.52,1,Channapatna,Karnataka,0.668,0.0922,Wedding,3668.13,Lac
Woodcraft,Box,443.56,9,Moradabad,Uttar Pradesh,0.461,0.1324,Summer,2058.09,Wood
Handmade Jewellery,Necklace,1379.9,5,Narsapur,Andhra Pradesh,0.749,0.0271,Normal,2889.86,Silver
Paintings & Art,Pattachitra,126.65,7,Kondapalli,Andhra Pradesh,0.642,0.1246,Winter,3002.09,Natural Pigment
Pottery & Terracotta,Clay Lamp,110.37,3,Kutch,Gujarat,0.978,0.0352,Normal,1809.77,Terracotta
Handmade Home Décor,Table Décor,308.43,2,Kolkata,West Bengal,0.712,0.2176,Normal,2728.15,Wood
Embroidery & Needlecraft,Patchwork Product,466.78,6,Pochampally,Telangana,0.481,0.1087,Festival,2244.08,Wool
Ceramics,Ceramic Jewellery,353.27,4,Kashmir,Jammu and Kashmir,0.397,0.0525,Monsoon,1891.2,Porcelain
Metal Crafts,Lamp,1454.13,3,Channapatna,Karnataka,0.63,-0.0336,Normal,5673.87,Brass
Handmade Toys,Wooden Toy,30.0,2,Thanjavur,Tamil Nadu,0.588,-0.0752,Normal,1452.79,Wood
Handmade Bags & Accessories,Accessories,208.81,3,Raghurajpur,Odisha,0.615,0.182,Wedding,3153.8,Cotton
"Bamboo, Cane & Natural Fibre",Lampshade,150.82,5,Kashmir,Jammu and Kashmir,0.398,-0.0658,Festival,1063.15,Cane
"Bamboo, Cane & Natural Fibre",Mat,30.0,3,Channapatna,Karnataka,0.672,0.0905,Festival,2422.88,Cane
Pottery & Terracotta,Kitchenware,30.0,3,Channapatna,Karnataka,0.752,-0.006,Wedding,990.97,Terracotta
Ceramics,Ceramic Jewellery,171.98,3,Saharanpur,Uttar Pradesh,0.393,0.0309,Normal,1146.44,Porcelain
Pottery & Terracotta,Planter,123.93,3,Jaipur,Rajasthan,0.901,-0.0143,Festival,1575.36,Terracotta
Handmade Bags & Accessories,Accessories,441.54,3,Assam,Assam,0.426,-0.1421,Festival,2273.19,Leather
Embroidery & Needlecraft,Wall Hanging,370.26,12,Etikoppaka,Andhra Pradesh,0.82,0.0265,Normal,2838.49,Wool
Leather & Traditional Craft,Belt,644.26,1,Assam,Assam,0.877,-0.0024,Normal,4190.54,Leather
Natural / Eco-friendly Crafts,Natural-fibre Basket,132.73,4,Saharanpur,Uttar Pradesh,0.715,-0.0346,Normal,2221.19,Jute
Pottery & Terracotta,Clay Pot,83.39,3,Bhubaneswar,Odisha,0.854,0.0526,Festival,2288.39,Terracotta
Handmade Jewellery,Wooden Jewellery,521.15,3,Srinagar,Jammu and Kashmir,0.805,0.1348,Normal,2502.92,Wood
Embroidery & Needlecraft,Patchwork Product,508.3,5,Assam,Assam,0.65,-0.0461,Monsoon,2152.2,Linen
Paintings & Art,Kalamkari,328.48,10,Channapatna,Karnataka,0.71,0.0273,Normal,1875.25,Natural Dye
Handmade Home Décor,Mirror,369.97,1,Srinagar,Jammu and Kashmir,0.539,0.1558,Summer,2457.86,Metal
Paintings & Art,Kalamkari,144.17,9,Khurja,Uttar Pradesh,0.54,0.1476,Monsoon,2052.72,Cotton
Pottery & Terracotta,Terracotta Jewellery,30.0,3,Saharanpur,Uttar Pradesh,0.693,0.1553,Normal,1546.73,Clay
Leather & Traditional Craft,Wallet,746.59,4,Kondapalli,Andhra Pradesh,0.744,0.0616,Summer,3408.7,Leather
Embroidery & Needlecraft,Table Runner,488.62,5,Khurja,Uttar Pradesh,0.735,-0.0938,Winter,2428.35,Linen
Natural / Eco-friendly Crafts,Coir Product,150.31,4,Kutch,Gujarat,0.786,0.0016,Festival,1498.41,Coir
Leather & Traditional Craft,Decorative Leather Product,946.92,5,Kondapalli,Andhra Pradesh,0.598,0.0021,Normal,3895.26,Leather
Handloom & Textiles,Durrie,190.86,9,Kondapalli,Andhra Pradesh,0.905,0.2213,Normal,3485.42,Cotton
Ceramics,Cup,246.72,1,Etikoppaka,Andhra Pradesh,0.606,0.0024,Normal,1467.67,Stoneware
Leather & Traditional Craft,Wallet,1136.48,4,Moradabad,Uttar Pradesh,0.843,0.0566,Wedding,6401.15,Leather
Handmade Jewellery,Lac Jewellery,499.67,3,Narsapur,Andhra Pradesh,0.598,0.015,Normal,3171.44,Lac
Handmade Toys,Handmade Game,167.28,2,Assam,Assam,0.698,-0.0091,Festival,1659.99,Paper
Leather & Traditional Craft,Wallet,603.18,10,Assam,Assam,0.752,-0.0451,Normal,3072.32,Leather
Natural / Eco-friendly Crafts,Coir Product,93.65,6,Kutch,Gujarat,0.425,0.0767,Festival,1510.72,Coir
Handmade Jewellery,Bangles,30.0,4,Moradabad,Uttar Pradesh,0.355,-0.0933,Normal,913.15,Glass
Paintings & Art,Miniature Painting,76.72,5,Assam,Assam,0.622,0.0101,Festival,1726.23,Watercolour
Handmade Jewellery,Metal Jewellery,694.95,1,Jaipur,Rajasthan,0.892,0.0494,Normal,3786.26,Copper
Embroidery & Needlecraft,Embroidered Clothing,190.68,6,Moradabad,Uttar Pradesh,0.628,0.1106,Normal,3103.42,Linen
Handmade Home Décor,Handmade Clock,152.94,4,Kolkata,West Bengal,0.666,0.0267,Monsoon,1713.57,Bamboo
Leather & Traditional Craft,Belt,518.93,7,Moradabad,Uttar Pradesh,0.466,0.0154,Normal,2417.6,Leather
Metal Crafts,Bell-metal Product,1118.34,7,Kashmir,Jammu and Kashmir,0.562,0.109,Normal,3741.88,Bell Metal
Handloom & Textiles,Rug,361.72,7,Moradabad,Uttar Pradesh,0.473,-0.0055,Festival,3164.23,Jute
Handloom & Textiles,Towel,125.0,13,Narsapur,Andhra Pradesh,0.763,-0.1307,Wedding,3299.06,Cotton
Handmade Jewellery,Lac Jewellery,515.42,4,Etikoppaka,Andhra Pradesh,0.871,-0.0023,Festival,3123.93,Lac
Paintings & Art,Handmade Wall Art,366.03,9,Narsapur,Andhra Pradesh,0.788,0.0633,Summer,3215.28,Canvas
Pottery & Terracotta,Terracotta Jewellery,144.25,1,Khurja,Uttar Pradesh,0.128,-0.082,Normal,826.17,Clay
Handmade Home Décor,Mirror,254.06,2,Thanjavur,Tamil Nadu,0.408,0.0137,Summer,2241.06,Metal
Natural / Eco-friendly Crafts,Handmade Paper Product,113.68,2,Kashmir,Jammu and Kashmir,0.526,-0.1462,Normal,752.49,Handmade Paper
Woodcraft,Wall Décor,881.69,4,Kutch,Gujarat,0.874,0.0694,Winter,3582.97,Wood
Ceramics,Tableware,137.31,3,Moradabad,Uttar Pradesh,0.715,0.0715,Normal,1762.2,Ceramic
Handmade Home Décor,Showpiece,413.93,4,Jaipur,Rajasthan,0.791,0.1918,Festival,2799.14,Clay
Handloom & Textiles,Dress Material,437.67,5,Thanjavur,Tamil Nadu,0.767,0.0852,Summer,2169.09,Linen
Ceramics,Decorative Piece,194.63,3,Jaipur,Rajasthan,0.644,0.0891,Normal,1735.33,Stoneware
Pottery & Terracotta,Clay Pot,128.02,4,Raghurajpur,Odisha,0.385,0.0643,Festival,1081.68,Terracotta
Handloom & Textiles,Handwoven Bag,493.18,5,Thanjavur,Tamil Nadu,0.832,-0.1842,Normal,3329.65,Linen
Ceramics,Mug,209.23,2,Kutch,Gujarat,0.581,0.0765,Normal,1774.49,Stoneware
Handmade Jewellery,Tribal Jewellery,426.38,2,Madhubani,Bihar,0.827,-0.0602,Normal,2256.63,Beads
"Bamboo, Cane & Natural Fibre",Bottle/Container,160.78,1,Narsapur,Andhra Pradesh,0.289,0.0842,Festival,1154.51,Cane
"Bamboo, Cane & Natural Fibre",Basket,161.06,3,Narsapur,Andhra Pradesh,0.498,-0.0016,Normal,1436.74,Bamboo
Natural / Eco-friendly Crafts,Palm-leaf Product,134.02,4,Kutch,Gujarat,0.355,0.0414,Festival,1367.05,Palm Leaf
"Bamboo, Cane & Natural Fibre",Basket,192.87,4,Saharanpur,Uttar Pradesh,0.528,-0.1127,Summer,1693.67,Palm Leaf
Leather & Traditional Craft,Wallet,738.79,7,Kashmir,Jammu and Kashmir,0.738,0.069,Normal,2887.69,Leather
Handmade Jewellery,Wooden Jewellery,451.27,3,Bhubaneswar,Odisha,0.542,0.054,Normal,2122.21,Wood
Woodcraft,Wooden Toy,444.07,15,Channapatna,Karnataka,0.666,0.016,Summer,4500.91,Wood
Metal Crafts,Lamp,1501.48,7,Channapatna,Karnataka,0.309,-0.0148,Normal,6504.34,Copper
Handloom & Textiles,Dupatta,572.72,8,Thanjavur,Tamil Nadu,0.501,0.0799,Festival,3594.45,Linen
Handmade Jewellery,Terracotta Jewellery,348.79,5,Saharanpur,Uttar Pradesh,0.789,-0.0266,Festival,2555.43,Terracotta
Paintings & Art,Miniature Painting,301.01,7,Srikalahasti,Andhra Pradesh,0.437,-0.1176,Summer,2576.08,Handmade Paper
Ceramics,Vase,221.9,5,Srikalahasti,Andhra Pradesh,0.827,0.0656,Normal,1764.69,Ceramic
"Bamboo, Cane & Natural Fibre",Lampshade,195.56,3,Srinagar,Jammu and Kashmir,0.501,0.0089,Winter,1066.57,Cane
"Bamboo, Cane & Natural Fibre",Household Product,313.23,5,Thanjavur,Tamil Nadu,0.531,-0.0084,Winter,2050.72,Jute
Natural / Eco-friendly Crafts,Banana-fibre Product,66.49,2,Kondapalli,Andhra Pradesh,0.582,0.075,Normal,907.77,Banana Fibre
Handmade Toys,Puppet,214.96,2,Srinagar,Jammu and Kashmir,0.67,-0.0225,Festival,1717.86,Wood
Handmade Toys,Wooden Toy,213.85,2,Khurja,Uttar Pradesh,0.752,-0.1643,Normal,1508.65,Wood
Embroidery & Needlecraft,Wall Hanging,189.09,8,Jaipur,Rajasthan,0.573,0.121,Normal,2430.13,Wool
Handmade Bags & Accessories,Basket,283.78,2,Etikoppaka,Andhra Pradesh,0.98,0.2198,Festival,3201.22,Jute
Handloom & Textiles,Shawl,740.63,9,Kutch,Gujarat,0.396,-0.0922,Normal,2554.41,Silk
Leather & Traditional Craft,Decorative Leather Product,956.79,8,Jaipur,Rajasthan,0.869,0.0059,Winter,3648.63,Leather
Embroidery & Needlecraft,Cushion Cover,330.28,11,Kondapalli,Andhra Pradesh,0.654,0.1732,Winter,3508.84,Cotton
Embroidery & Needlecraft,Embroidered Bag,622.59,12,Bastar,Chhattisgarh,0.53,-0.1645,Normal,4473.12,Silk
Handmade Bags & Accessories,Tote Bag,53.27,2,Kashmir,Jammu and Kashmir,0.73,0.2991,Normal,2606.63,Jute
Leather & Traditional Craft,Belt,755.24,1,Kutch,Gujarat,0.736,0.1852,Festival,4760.4,Leather
Embroidery & Needlecraft,Table Runner,377.76,4,Raghurajpur,Odisha,0.492,0.1913,Summer,2527.64,Silk
Metal Crafts,Jewellery,1062.3,9,Kutch,Gujarat,0.708,0.0397,Normal,5258.24,Copper
Paintings & Art,Warli Painting,237.61,6,Khurja,Uttar Pradesh,0.826,0.1116,Summer,2825.69,Natural Pigment
Handmade Toys,Stuffed Toy,321.95,1,Kashmir,Jammu and Kashmir,0.567,0.0102,Normal,1946.68,Wool
Embroidery & Needlecraft,Cushion Cover,370.87,7,Assam,Assam,0.489,-0.1635,Wedding,2088.99,Linen
Embroidery & Needlecraft,Embroidered Bag,501.94,9,Pochampally,Telangana,0.46,-0.1175,Festival,2644.57,Cotton
Embroidery & Needlecraft,Quilt,254.86,12,Madhubani,Bihar,0.841,-0.0416,Normal,3097.46,Cotton
Pottery & Terracotta,Terracotta Jewellery,109.59,2,Narsapur,Andhra Pradesh,0.72,-0.0374,Normal,2075.46,Terracotta
Handmade Bags & Accessories,Tote Bag,357.89,5,Assam,Assam,0.497,0.0131,Wedding,2350.39,Cotton
Handmade Toys,Handmade Game,125.06,1,Jaipur,Rajasthan,0.721,0.0104,Festival,1570.07,Wood
Paintings & Art,Pattachitra,309.17,7,Bastar,Chhattisgarh,0.847,0.1186,Normal,3109.38,Handmade Paper
Pottery & Terracotta,Diya,75.39,2,Moradabad,Uttar Pradesh,0.466,0.0707,Normal,1448.94,Clay
Woodcraft,Kitchenware,723.9,5,Kutch,Gujarat,0.962,0.1609,Normal,3634.3,Wood
Metal Crafts,Brassware,1640.07,9,Etikoppaka,Andhra Pradesh,0.714,0.2036,Wedding,9837.17,Brass
Handmade Bags & Accessories,Basket,302.89,6,Assam,Assam,0.216,0.0989,Normal,3050.38,Bamboo
Embroidery & Needlecraft,Quilt,466.87,6,Madhubani,Bihar,0.496,0.0631,Wedding,2007.58,Cotton
Handloom & Textiles,Carpet,355.46,10,Raghurajpur,Odisha,0.727,0.0459,Normal,2655.59,Jute
Paintings & Art,Folk Painting,235.31,1,Kondapalli,Andhra Pradesh,0.531,-0.1389,Normal,2755.98,Natural Pigment
Handmade Toys,Handmade Game,263.84,5,Madhubani,Bihar,0.716,-0.1129,Normal,1688.37,Paper
Metal Crafts,Lamp,1335.96,6,Etikoppaka,Andhra Pradesh,0.37,-0.0392,Monsoon,6424.6,Brass
Metal Crafts,Bell-metal Product,1324.92,9,Srikalahasti,Andhra Pradesh,0.688,0.2443,Normal,6003.28,Bell Metal
Handloom & Textiles,Fabric,30.0,9,Narsapur,Andhra Pradesh,0.561,0.0684,Normal,1962.29,Jute
Woodcraft,Wall Décor,245.73,3,Assam,Assam,0.763,-0.0111,Festival,2803.13,Wood
Handloom & Textiles,Carpet,475.27,6,Khurja,Uttar Pradesh,0.68,0.182,Wedding,2904.78,Jute
"Bamboo, Cane & Natural Fibre",Mat,240.12,4,Madhubani,Bihar,0.77,-0.0027,Festival,1886.29,Coir
Woodcraft,Tray,507.74,13,Saharanpur,Uttar Pradesh,0.743,-0.0452,Normal,2945.28,Wood
Natural / Eco-friendly Crafts,Coir Product,143.62,2,Kutch,Gujarat,0.455,-0.013,Normal,1568.12,Coir
Handmade Home Décor,Decorative Box,391.74,4,Channapatna,Karnataka,0.37,0.0937,Normal,2836.15,Wood
Woodcraft,Wooden Toy,613.55,1,Kolkata,West Bengal,0.629,-0.0837,Normal,3075.43,Wood
Natural / Eco-friendly Crafts,Coir Product,53.33,1,Pochampally,Telangana,0.444,0.0946,Festival,1430.55,Coir
Embroidery & Needlecraft,Table Runner,480.13,9,Kolkata,West Bengal,0.603,0.0772,Winter,4206.87,Cotton
"Bamboo, Cane & Natural Fibre",Tray,131.52,3,Assam,Assam,0.509,0.0658,Normal,1239.26,Palm Leaf
"Bamboo, Cane & Natural Fibre",Tray,112.15,2,Saharanpur,Uttar Pradesh,0.894,0.2055,Festival,2280.98,Palm Leaf
Handmade Home Décor,Showpiece,506.45,8,Kondapalli,Andhra Pradesh,0.667,0.1418,Monsoon,2240.86,Metal
Embroidery & Needlecraft,Embroidered Clothing,378.6,4,Srinagar,Jammu and Kashmir,0.575,-0.0578,Summer,2201.86,Cotton
Metal Crafts,Lamp,1092.01,2,Srikalahasti,Andhra Pradesh,0.803,0.2077,Festival,6200.5,Brass
Natural / Eco-friendly Crafts,Eco-friendly Packaging,77.45,3,Madhubani,Bihar,0.868,-0.041,Normal,1377.6,Palm Leaf
Handmade Toys,Handmade Game,218.48,3,Kolkata,West Bengal,0.695,0.0402,Summer,2235.67,Wood
Handloom & Textiles,Shawl,305.95,10,Pochampally,Telangana,0.727,0.1287,Festival,4265.71,Cotton
Handmade Jewellery,Necklace,171.34,4,Srikalahasti,Andhra Pradesh,0.627,0.0506,Normal,1482.26,Lac
Handmade Jewellery,Metal Jewellery,706.27,1,Raghurajpur,Odisha,0.701,0.2158,Festival,5000.68,Brass
Handmade Home Décor,Table Décor,267.06,6,Madhubani,Bihar,0.613,0.1577,Normal,3151.53,Wood
Natural / Eco-friendly Crafts,Natural-fibre Basket,70.27,2,Bastar,Chhattisgarh,0.46,0.036,Normal,1719.95,Jute
Metal Crafts,Bell-metal Product,1286.59,10,Saharanpur,Uttar Pradesh,0.772,0.107,Festival,5226.58,Bell Metal
Handmade Home Décor,Showpiece,336.82,7,Srinagar,Jammu and Kashmir,0.779,-0.1206,Normal,3195.4,Metal
Paintings & Art,Folk Painting,306.88,7,Channapatna,Karnataka,0.579,0.0773,Monsoon,1672.02,Watercolour
Leather & Traditional Craft,Belt,772.31,6,Channapatna,Karnataka,0.748,0.0571,Festival,3620.3,Leather
"Bamboo, Cane & Natural Fibre",Mat,134.61,3,Bhubaneswar,Odisha,0.638,0.0989,Monsoon,1984.02,Jute
Pottery & Terracotta,Diya,164.6,4,Etikoppaka,Andhra Pradesh,0.689,0.0702,Festival,1929.24,Clay
Ceramics,Mug,86.83,3,Narsapur,Andhra Pradesh,0.48,0.1451,Festival,1072.86,Ceramic
Handmade Home Décor,Wall Hanging,538.47,3,Madhubani,Bihar,0.782,0.0704,Wedding,3065.78,Cotton
Embroidery & Needlecraft,Quilt,455.22,8,Srinagar,Jammu and Kashmir,0.446,0.0602,Normal,3038.36,Wool
Paintings & Art,Phad Painting,277.31,4,Raghurajpur,Odisha,0.561,0.0452,Normal,2892.77,Cotton
Leather & Traditional Craft,Footwear,766.71,3,Bastar,Chhattisgarh,0.579,0.0324,Monsoon,3670.49,Leather
Pottery & Terracotta,Diya,154.46,3,Srinagar,Jammu and Kashmir,0.707,0.0063,Normal,1531.83,Clay
Handloom & Textiles,Fabric,770.93,12,Pochampally,Telangana,0.821,-0.1276,Festival,3880.67,Silk
Ceramics,Mug,191.3,2,Kashmir,Jammu and Kashmir,0.802,0.0841,Winter,1900.93,Ceramic
Woodcraft,Wooden Jewellery,402.74,9,Moradabad,Uttar Pradesh,0.697,-0.0722,Summer,4020.34,Wood
Handmade Jewellery,Beaded Jewellery,451.32,4,Kolkata,West Bengal,0.698,0.0435,Festival,3279.33,Seed Beads
"Bamboo, Cane & Natural Fibre",Decorative Item,165.63,3,Etikoppaka,Andhra Pradesh,0.507,-0.0341,Festival,1167.78,Palm Leaf
Ceramics,Decorative Piece,153.37,2,Moradabad,Uttar Pradesh,0.572,0.0653,Monsoon,1417.0,Stoneware
Woodcraft,Tray,388.33,15,Channapatna,Karnataka,0.89,0.1641,Normal,1957.29,Wood
"Bamboo, Cane & Natural Fibre",Lampshade,77.45,3,Moradabad,Uttar Pradesh,0.725,-0.0546,Summer,1278.78,Jute
Paintings & Art,Miniature Painting,190.64,9,Kashmir,Jammu and Kashmir,0.642,0.2312,Summer,2625.96,Watercolour
Paintings & Art,Handmade Wall Art,251.62,6,Madhubani,Bihar,0.86,0.0712,Normal,3081.82,Handmade Paper
Pottery & Terracotta,Diya,73.34,2,Jaipur,Rajasthan,0.488,0.1119,Normal,958.76,Clay
Handmade Home Décor,Table Décor,441.53,3,Narsapur,Andhra Pradesh,0.695,0.0026,Normal,2601.73,Wood
Natural / Eco-friendly Crafts,Eco-friendly Packaging,317.68,3,Kolkata,West Bengal,0.67,0.1252,Monsoon,2216.57,Palm Leaf
Leather & Traditional Craft,Traditional Leather Craft,765.09,6,Bhubaneswar,Odisha,0.261,-0.0811,Normal,2496.54,Leather
Handmade Toys,Cloth Doll,205.45,2,Srinagar,Jammu and Kashmir,0.678,0.1458,Normal,2129.03,Cotton
"Bamboo, Cane & Natural Fibre",Lampshade,224.46,5,Moradabad,Uttar Pradesh,0.819,-0.0141,Festival,1413.41,Cane
Natural / Eco-friendly Crafts,Coir Product,100.19,2,Kashmir,Jammu and Kashmir,0.599,-0.0563,Normal,1667.27,Coir
Pottery & Terracotta,Terracotta Figurine,51.15,2,Saharanpur,Uttar Pradesh,0.609,0.0191,Normal,1126.55,Clay
Pottery & Terracotta,Diya,118.59,2,Assam,Assam,0.443,0.1587,Festival,1609.06,Clay
Woodcraft,Decorative Panel,579.07,1,Bhubaneswar,Odisha,0.577,-0.0668,Normal,1722.65,Wood
Handmade Jewellery,Tribal Jewellery,262.24,5,Kutch,Gujarat,0.594,-0.0536,Normal,1495.19,Beads
Paintings & Art,Pattachitra,156.85,7,Bhubaneswar,Odisha,0.437,0.046,Normal,2610.71,Natural Pigment
Handmade Jewellery,Handmade Earrings,537.79,6,Khurja,Uttar Pradesh,0.761,0.1951,Winter,1852.7,Brass
Ceramics,Decorative Piece,278.05,2,Raghurajpur,Odisha,0.656,-0.0519,Normal,1619.78,Stoneware
Handmade Toys,Traditional Toy,69.55,4,Narsapur,Andhra Pradesh,0.634,0.1466,Normal,1778.6,Clay
Handmade Jewellery,Metal Jewellery,579.87,4,Madhubani,Bihar,0.705,0.0636,Summer,3372.68,Brass
Handmade Jewellery,Beaded Jewellery,438.04,4,Moradabad,Uttar Pradesh,0.76,0.1083,Normal,2321.62,Glass Beads
Metal Crafts,Copperware,987.05,6,Bhubaneswar,Odisha,0.903,0.0649,Normal,6795.42,Copper
Handmade Jewellery,Bangles,625.98,2,Srikalahasti,Andhra Pradesh,0.884,0.0551,Festival,2580.4,Brass
Handmade Bags & Accessories,Clutch,297.8,3,Assam,Assam,0.911,0.0731,Normal,2277.24,Jute
Metal Crafts,Jewellery,1842.28,8,Narsapur,Andhra Pradesh,0.69,-0.0418,Normal,3418.27,Silver
"Bamboo, Cane & Natural Fibre",Tray,30.0,4,Channapatna,Karnataka,0.597,0.027,Winter,1739.35,Palm Leaf
Handmade Bags & Accessories,Handbag,241.96,4,Pochampally,Telangana,0.485,0.2191,Monsoon,1309.69,Cotton
Embroidery & Needlecraft,Quilt,263.3,3,Kondapalli,Andhra Pradesh,0.634,0.1025,Normal,2415.62,Cotton
Leather & Traditional Craft,Traditional Leather Craft,938.23,6,Bastar,Chhattisgarh,0.789,0.1139,Monsoon,5443.68,Leather
Metal Crafts,Decorative Item,1223.53,2,Assam,Assam,0.319,-0.0495,Monsoon,4688.45,Brass
Handmade Jewellery,Bangles,352.04,4,Bhubaneswar,Odisha,0.414,0.0843,Normal,3892.98,Lac
Handmade Home Décor,Lamp,342.26,3,Srinagar,Jammu and Kashmir,0.581,0.0244,Winter,1657.25,Metal
Natural / Eco-friendly Crafts,Eco-friendly Packaging,120.02,4,Bhubaneswar,Odisha,0.67,-0.0923,Normal,1916.65,Banana Fibre
Handmade Jewellery,Handmade Earrings,528.24,4,Saharanpur,Uttar Pradesh,0.596,-0.0684,Festival,3799.65,Brass
Handmade Bags & Accessories,Tote Bag,370.27,6,Srinagar,Jammu and Kashmir,0.297,-0.0678,Summer,2274.77,Cotton
Leather & Traditional Craft,Belt,699.2,5,Saharanpur,Uttar Pradesh,0.558,0.1473,Winter,3258.68,Leather
Natural / Eco-friendly Crafts,Jute Product,123.27,2,Srinagar,Jammu and Kashmir,0.667,0.1471,Monsoon,1870.59,Jute
"Bamboo, Cane & Natural Fibre",Storage Box,139.19,2,Madhubani,Bihar,0.727,-0.0433,Winter,1109.27,Palm Leaf
Metal Crafts,Metal Sculpture,1397.99,6,Kolkata,West Bengal,0.611,0.1091,Summer,3541.9,Bell Metal
Metal Crafts,Copperware,1583.9,3,Srinagar,Jammu and Kashmir,0.866,0.1905,Wedding,6626.02,Copper
Leather & Traditional Craft,Wallet,728.81,7,Jaipur,Rajasthan,0.696,0.0361,Wedding,4539.46,Leather
Natural / Eco-friendly Crafts,Coir Product,72.16,4,Moradabad,Uttar Pradesh,0.838,-0.1034,Winter,1683.86,Coir
Handmade Toys,Wooden Toy,268.35,2,Moradabad,Uttar Pradesh,0.672,0.2009,Normal,1667.11,Wood
Leather & Traditional Craft,Belt,931.01,7,Srinagar,Jammu and Kashmir,0.679,-0.1208,Summer,5522.39,Leather
Woodcraft,Figurine,548.46,15,Jaipur,Rajasthan,0.375,0.0683,Normal,4364.8,Wood
Woodcraft,Furniture,647.87,9,Narsapur,Andhra Pradesh,0.871,0.1756,Normal,3036.5,Sheesham Wood
Handmade Bags & Accessories,Basket,70.35,5,Madhubani,Bihar,0.768,-0.0189,Normal,949.55,Bamboo
Woodcraft,Box,413.29,12,Kolkata,West Bengal,0.628,-0.0295,Winter,5116.71,Wood
Handmade Bags & Accessories,Handmade Belt,283.73,5,Srikalahasti,Andhra Pradesh,0.787,0.0346,Winter,2678.08,Jute
Embroidery & Needlecraft,Quilt,705.58,3,Bhubaneswar,Odisha,0.666,0.1781,Normal,4218.74,Wool
Handmade Jewellery,Necklace,1208.78,5,Kondapalli,Andhra Pradesh,0.727,-0.0316,Normal,5320.7,Silver
Handmade Bags & Accessories,Clutch,104.44,3,Khurja,Uttar Pradesh,0.867,0.0939,Summer,1262.75,Lac
Handmade Jewellery,Metal Jewellery,714.13,2,Khurja,Uttar Pradesh,0.654,0.0623,Summer,4545.12,Copper
Handmade Toys,Educational Toy,312.98,6,Kondapalli,Andhra Pradesh,0.916,0.1655,Summer,2065.79,Wood
Handmade Toys,Handmade Game,154.81,3,Bhubaneswar,Odisha,0.473,0.0339,Festival,1800.73,Wood
Handmade Jewellery,Necklace,380.13,3,Bastar,Chhattisgarh,0.434,0.091,Wedding,3487.29,Lac
Ceramics,Ceramic Jewellery,354.63,2,Kolkata,West Bengal,0.621,-0.0162,Wedding,2505.43,Porcelain
Woodcraft,Kitchenware,802.56,6,Moradabad,Uttar Pradesh,0.803,-0.1038,Festival,4529.28,Wood
Handmade Home Décor,Showpiece,363.17,3,Jaipur,Rajasthan,0.631,0.0295,Wedding,3078.95,Clay
"Bamboo, Cane & Natural Fibre",Lampshade,131.73,1,Assam,Assam,0.634,0.1553,Normal,2273.42,Jute
Handmade Toys,Puppet,338.09,1,Bastar,Chhattisgarh,0.808,0.0914,Normal,2258.98,Leather
Paintings & Art,Warli Painting,496.37,10,Etikoppaka,Andhra Pradesh,0.478,0.0056,Normal,2938.3,Acrylic
Pottery & Terracotta,Decorative Pot,30.0,2,Srikalahasti,Andhra Pradesh,0.514,-0.0174,Festival,1337.38,Clay
Handmade Jewellery,Bangles,354.4,4,Saharanpur,Uttar Pradesh,0.718,0.0279,Normal,2914.21,Lac
"Bamboo, Cane & Natural Fibre",Furniture,185.47,6,Thanjavur,Tamil Nadu,0.734,0.0204,Festival,2352.96,Cane
Handmade Home Décor,Table Décor,471.03,2,Raghurajpur,Odisha,0.427,0.102,Normal,3295.69,Clay
Ceramics,Ceramic Jewellery,387.59,3,Srinagar,Jammu and Kashmir,0.659,0.128,Normal,1627.37,Porcelain
Handmade Home Décor,Decorative Box,56.49,4,Etikoppaka,Andhra Pradesh,0.558,-0.0593,Summer,2780.6,Bamboo
Pottery & Terracotta,Clay Pot,169.26,3,Srinagar,Jammu and Kashmir,0.666,0.0059,Normal,1199.33,Clay
Natural / Eco-friendly Crafts,Coir Product,34.6,3,Bastar,Chhattisgarh,0.484,0.1612,Normal,851.97,Coir
Natural / Eco-friendly Crafts,Natural-fibre Basket,40.59,2,Khurja,Uttar Pradesh,0.634,-0.0939,Summer,1780.68,Coir
Handmade Home Décor,Mirror,134.05,5,Khurja,Uttar Pradesh,0.318,-0.0443,Monsoon,1735.53,Metal
Woodcraft,Figurine,147.12,3,Kutch,Gujarat,0.705,0.0856,Summer,1197.43,Wood
Handmade Home Décor,Candle,560.95,6,Assam,Assam,0.579,0.118,Winter,4227.59,Beeswax
Ceramics,Decorative Piece,205.99,3,Assam,Assam,0.797,0.0678,Normal,2263.73,Stoneware
Handmade Jewellery,Beaded Jewellery,289.11,3,Srikalahasti,Andhra Pradesh,0.561,0.0523,Monsoon,3813.6,Seed Beads
Handmade Jewellery,Terracotta Jewellery,445.7,2,Thanjavur,Tamil Nadu,0.805,-0.0224,Summer,3196.48,Terracotta
Handmade Jewellery,Lac Jewellery,402.2,4,Srinagar,Jammu and Kashmir,0.747,0.0272,Normal,2124.1,Lac
Paintings & Art,Folk Painting,215.75,2,Bastar,Chhattisgarh,0.5,-0.0317,Festival,2776.44,Acrylic
Handmade Toys,Wooden Toy,169.82,4,Assam,Assam,0.806,0.0728,Normal,2422.0,Wood
"Bamboo, Cane & Natural Fibre",Bag,248.36,3,Narsapur,Andhra Pradesh,0.483,0.1118,Monsoon,2278.58,Cane
"Bamboo, Cane & Natural Fibre",Lampshade,210.42,3,Etikoppaka,Andhra Pradesh,0.835,-0.0299,Festival,3048.8,Cane
Handmade Bags & Accessories,Scarf,494.13,2,Madhubani,Bihar,0.786,0.2479,Festival,2888.95,Silk
Pottery & Terracotta,Terracotta Jewellery,30.0,2,Pochampally,Telangana,0.545,0.0341,Normal,1095.85,Terracotta
Handloom & Textiles,Saree,389.68,10,Kashmir,Jammu and Kashmir,0.645,0.072,Normal,2652.43,Cotton
Handmade Toys,Traditional Toy,103.58,2,Jaipur,Rajasthan,0.658,0.0356,Festival,2094.62,Clay
"Bamboo, Cane & Natural Fibre",Household Product,147.35,3,Jaipur,Rajasthan,0.728,0.1424,Normal,1767.48,Bamboo
Handmade Jewellery,Bangles,340.55,7,Etikoppaka,Andhra Pradesh,0.466,0.0995,Winter,2171.43,Glass
Natural / Eco-friendly Crafts,Jute Product,271.36,2,Khurja,Uttar Pradesh,0.919,0.1822,Monsoon,1827.09,Jute
Metal Crafts,Lamp,1071.95,4,Saharanpur,Uttar Pradesh,0.819,-0.0081,Normal,7387.08,Brass
Pottery & Terracotta,Decorative Pot,78.94,4,Kutch,Gujarat,0.473,0.0815,Normal,1570.98,Terracotta
Handloom & Textiles,Bedsheet,312.37,5,Madhubani,Bihar,0.651,0.0157,Winter,2618.48,Jute
Embroidery & Needlecraft,Wall Hanging,212.27,2,Bastar,Chhattisgarh,0.849,-0.0004,Festival,3827.65,Jute
Ceramics,Ceramic Jewellery,220.78,1,Kolkata,West Bengal,0.421,-0.0422,Festival,1641.97,Ceramic
Handmade Jewellery,Lac Jewellery,261.62,4,Kondapalli,Andhra Pradesh,0.444,-0.139,Normal,2729.85,Lac
Natural / Eco-friendly Crafts,Palm-leaf Product,133.83,3,Moradabad,Uttar Pradesh,0.772,0.1403,Normal,1146.04,Palm Leaf
Handmade Bags & Accessories,Handmade Belt,98.38,4,Thanjavur,Tamil Nadu,0.492,0.0987,Summer,1539.67,Cotton
Leather & Traditional Craft,Wallet,991.89,7,Moradabad,Uttar Pradesh,0.554,0.038,Winter,3293.81,Leather
Handmade Jewellery,Bangles,276.32,6,Kondapalli,Andhra Pradesh,0.425,-0.012,Festival,1788.5,Glass
Woodcraft,Wall Décor,657.0,12,Srinagar,Jammu and Kashmir,0.356,0.0684,Normal,3845.63,Wood
Metal Crafts,Jewellery,1008.01,3,Pochampally,Telangana,0.474,0.0694,Winter,4040.87,Brass
Paintings & Art,Phad Painting,78.39,7,Kolkata,West Bengal,0.815,0.186,Festival,3151.48,Cotton
Handloom & Textiles,Traditional Garment,421.26,11,Kolkata,West Bengal,0.532,0.0334,Normal,3206.03,Wool
Paintings & Art,Gond Art,356.01,5,Saharanpur,Uttar Pradesh,0.75,-0.1785,Summer,1974.71,Watercolour
Pottery & Terracotta,Sculpture,74.55,2,Moradabad,Uttar Pradesh,0.871,0.1653,Monsoon,1232.45,Clay
Handmade Bags & Accessories,Basket,170.34,3,Kondapalli,Andhra Pradesh,0.805,0.05,Normal,1976.92,Jute
Embroidery & Needlecraft,Table Runner,662.69,7,Srinagar,Jammu and Kashmir,0.669,0.0012,Festival,2728.7,Silk
Pottery & Terracotta,Vase,45.75,3,Thanjavur,Tamil Nadu,0.518,-0.1094,Festival,1471.96,Terracotta
Pottery & Terracotta,Planter,103.0,2,Kutch,Gujarat,0.62,0.151,Normal,1309.61,Terracotta
"Bamboo, Cane & Natural Fibre",Decorative Item,222.25,1,Moradabad,Uttar Pradesh,0.831,-0.0818,Normal,2476.77,Bamboo
Leather & Traditional Craft,Belt,1142.22,4,Bastar,Chhattisgarh,0.722,-0.1468,Normal,5319.48,Leather
Handloom & Textiles,Rug,262.0,3,Pochampally,Telangana,0.375,-0.0862,Wedding,2632.14,Cotton
Woodcraft,Wall Décor,414.91,9,Assam,Assam,0.742,-0.0966,Normal,2951.96,Wood
Ceramics,Home Décor,200.66,1,Pochampally,Telangana,0.783,0.0456,Normal,1919.05,Ceramic
Handmade Jewellery,Metal Jewellery,1140.8,3,Moradabad,Uttar Pradesh,0.442,0.1172,Normal,4087.16,Silver
"Bamboo, Cane & Natural Fibre",Decorative Item,299.92,4,Thanjavur,Tamil Nadu,0.889,-0.0403,Festival,2467.2,Bamboo
Woodcraft,Kitchenware,525.64,2,Kashmir,Jammu and Kashmir,0.366,0.1263,Normal,3755.4,Wood
Pottery & Terracotta,Planter,79.47,1,Jaipur,Rajasthan,0.688,0.0517,Wedding,1163.31,Clay
Metal Crafts,Decorative Item,1323.01,7,Saharanpur,Uttar Pradesh,0.845,0.0691,Wedding,8721.43,Copper
Handmade Bags & Accessories,Backpack,460.16,4,Kolkata,West Bengal,0.723,-0.0175,Normal,2361.11,Leather
Handmade Toys,Puppet,234.92,2,Kondapalli,Andhra Pradesh,0.681,0.0706,Winter,1805.55,Cotton
Natural / Eco-friendly Crafts,Eco-friendly Packaging,265.05,3,Srinagar,Jammu and Kashmir,0.684,-0.0736,Summer,2441.79,Jute
Woodcraft,Kitchenware,308.19,11,Saharanpur,Uttar Pradesh,0.515,-0.0407,Festival,2733.43,Wood
"Bamboo, Cane & Natural Fibre",Storage Box,196.46,2,Raghurajpur,Odisha,0.745,-0.1065,Festival,2228.68,Bamboo
Handmade Home Décor,Mirror,527.08,4,Channapatna,Karnataka,0.46,0.1788,Wedding,2815.0,Wood
Ceramics,Vase,117.82,3,Moradabad,Uttar Pradesh,0.574,0.0745,Festival,2279.51,Ceramic
Handloom & Textiles,Fabric,504.33,7,Kashmir,Jammu and Kashmir,0.517,-0.012,Summer,3234.82,Cotton
Paintings & Art,Gond Art,167.64,8,Moradabad,Uttar Pradesh,0.658,0.0951,Normal,1634.95,Acrylic
Woodcraft,Decorative Panel,517.08,9,Khurja,Uttar Pradesh,0.403,0.0826,Festival,2692.46,Wood
Leather & Traditional Craft,Decorative Leather Product,816.14,7,Bastar,Chhattisgarh,0.696,0.1851,Normal,3659.82,Leather
Woodcraft,Wall Décor,576.47,13,Jaipur,Rajasthan,0.551,0.1282,Summer,4444.54,Wood
Leather & Traditional Craft,Footwear,779.52,5,Bastar,Chhattisgarh,0.667,0.1667,Normal,4766.4,Leather
Handmade Bags & Accessories,Handbag,403.29,3,Kondapalli,Andhra Pradesh,0.873,0.1032,Normal,2010.14,Leather
Woodcraft,Tray,602.21,14,Srinagar,Jammu and Kashmir,0.681,-0.1084,Winter,2418.23,Wood
Ceramics,Vase,108.62,1,Madhubani,Bihar,0.383,0.1293,Festival,1336.85,Ceramic
Leather & Traditional Craft,Belt,746.63,5,Channapatna,Karnataka,0.459,0.0631,Normal,3450.8,Leather
Handmade Jewellery,Necklace,280.31,1,Raghurajpur,Odisha,0.526,0.2168,Normal,2998.61,Beads
Handmade Jewellery,Terracotta Jewellery,279.72,4,Kashmir,Jammu and Kashmir,0.613,-0.0346,Festival,3737.61,Terracotta
Handmade Home Décor,Mirror,303.7,3,Srinagar,Jammu and Kashmir,0.505,0.1496,Festival,2477.59,Wood
Metal Crafts,Lamp,1209.25,8,Narsapur,Andhra Pradesh,0.639,-0.1131,Normal,6355.8,Brass
Natural / Eco-friendly Crafts,Palm-leaf Product,145.46,2,Jaipur,Rajasthan,0.535,-0.0025,Monsoon,1179.99,Palm Leaf
Woodcraft,Wall Décor,58.95,8,Khurja,Uttar Pradesh,0.583,0.1517,Normal,2138.82,Wood
Paintings & Art,Phad Painting,513.42,5,Moradabad,Uttar Pradesh,0.329,0.131,Festival,2896.61,Cotton
Handmade Home Décor,Candle,435.98,4,Thanjavur,Tamil Nadu,0.824,-0.1074,Normal,3179.88,Beeswax
Handmade Home Décor,Candle,481.49,3,Kashmir,Jammu and Kashmir,0.783,0.3,Normal,3593.65,Beeswax
"Bamboo, Cane & Natural Fibre",Lampshade,45.65,5,Srikalahasti,Andhra Pradesh,0.972,0.1089,Normal,2048.47,Jute
Handloom & Textiles,Stole,429.94,8,Thanjavur,Tamil Nadu,0.71,-0.0901,Festival,4867.77,Linen
Ceramics,Decorative Piece,234.99,1,Srinagar,Jammu and Kashmir,0.752,0.1262,Summer,1779.44,Ceramic
Embroidery & Needlecraft,Embroidered Bag,203.83,9,Srikalahasti,Andhra Pradesh,0.566,0.0441,Festival,3402.99,Jute
Handmade Jewellery,Handmade Earrings,638.16,1,Channapatna,Karnataka,0.815,-0.0105,Summer,3536.25,Lac
Handloom & Textiles,Towel,509.75,7,Kondapalli,Andhra Pradesh,0.517,-0.0161,Normal,2851.18,Cotton
Ceramics,Mug,91.91,1,Channapatna,Karnataka,0.375,0.1068,Festival,1507.0,Stoneware
Pottery & Terracotta,Planter,69.04,1,Srikalahasti,Andhra Pradesh,0.817,0.0299,Normal,1313.32,Clay
Ceramics,Plate,118.9,3,Kutch,Gujarat,0.585,0.0662,Normal,1481.51,Ceramic
Metal Crafts,Copperware,1305.18,8,Bhubaneswar,Odisha,0.46,0.0249,Normal,6708.31,Copper
Handmade Jewellery,Bracelet,448.75,5,Etikoppaka,Andhra Pradesh,0.586,0.0419,Festival,3552.33,Lac
Woodcraft,Tray,547.09,1,Narsapur,Andhra Pradesh,0.377,0.1207,Festival,1760.04,Wood
Leather & Traditional Craft,Decorative Leather Product,592.79,6,Khurja,Uttar Pradesh,0.915,0.0753,Normal,3047.61,Leather
Handloom & Textiles,Towel,488.43,3,Bastar,Chhattisgarh,0.567,0.1115,Festival,2325.7,Cotton
Ceramics,Vase,64.03,3,Khurja,Uttar Pradesh,0.657,0.0262,Summer,1826.81,Ceramic
Handmade Home Décor,Wall Hanging,370.73,4,Madhubani,Bihar,0.748,0.1511,Festival,1760.37,Jute
Ceramics,Home Décor,300.56,2,Etikoppaka,Andhra Pradesh,0.751,0.0131,Summer,1782.75,Porcelain
Pottery & Terracotta,Clay Pot,30.0,3,Etikoppaka,Andhra Pradesh,0.564,0.1514,Festival,1247.11,Clay
"Bamboo, Cane & Natural Fibre",Bottle/Container,244.26,1,Saharanpur,Uttar Pradesh,0.742,-0.0904,Monsoon,2177.92,Cane
Leather & Traditional Craft,Leather Bag,727.31,7,Narsapur,Andhra Pradesh,0.818,0.023,Festival,4668.01,Leather
Handmade Toys,Traditional Toy,160.19,4,Srinagar,Jammu and Kashmir,0.832,0.2007,Normal,1311.25,Wood
"Bamboo, Cane & Natural Fibre",Bottle/Container,146.57,5,Assam,Assam,0.851,-0.1862,Winter,1753.49,Cane
Pottery & Terracotta,Clay Pot,147.51,3,Raghurajpur,Odisha,0.833,-0.0194,Summer,2011.92,Clay
Metal Crafts,Metal Sculpture,598.49,1,Assam,Assam,0.862,0.0497,Winter,2498.09,Copper
Metal Crafts,Brassware,1229.53,6,Srinagar,Jammu and Kashmir,0.595,-0.0444,Normal,6656.63,Brass
Pottery & Terracotta,Kitchenware,142.02,1,Raghurajpur,Odisha,0.631,0.2222,Normal,1346.91,Terracotta
Metal Crafts,Copperware,1391.81,6,Thanjavur,Tamil Nadu,0.655,0.0301,Summer,3545.65,Copper
Metal Crafts,Metal Sculpture,1384.1,12,Srinagar,Jammu and Kashmir,0.685,0.0273,Normal,3853.57,Bell Metal
Metal Crafts,Brassware,1512.25,10,Bastar,Chhattisgarh,0.739,0.0158,Summer,5706.29,Brass
Paintings & Art,Folk Painting,449.91,8,Kolkata,West Bengal,0.72,0.1089,Normal,2647.8,Watercolour
Handmade Bags & Accessories,Handbag,512.08,6,Bastar,Chhattisgarh,0.748,0.0511,Winter,2922.42,Leather
Pottery & Terracotta,Sculpture,64.32,3,Thanjavur,Tamil Nadu,0.968,0.1471,Winter,2458.75,Terracotta
Pottery & Terracotta,Decorative Pot,167.31,1,Kashmir,Jammu and Kashmir,0.447,-0.0288,Monsoon,1449.24,Clay
Metal Crafts,Jewellery,2488.15,2,Channapatna,Karnataka,0.751,-0.049,Normal,9532.32,Silver
Woodcraft,Wooden Jewellery,369.06,6,Kondapalli,Andhra Pradesh,0.577,-0.1067,Monsoon,2365.78,Wood
Woodcraft,Kitchenware,348.14,9,Pochampally,Telangana,0.66,-0.044,Normal,1856.69,Wood
Natural / Eco-friendly Crafts,Jute Product,207.92,5,Bastar,Chhattisgarh,0.728,0.0727,Festival,2359.06,Jute
Pottery & Terracotta,Planter,30.0,1,Kondapalli,Andhra Pradesh,0.537,0.0006,Winter,835.42,Clay
Handmade Toys,Wooden Toy,260.16,4,Assam,Assam,0.557,0.141,Summer,2118.82,Wood
Metal Crafts,Utensil,742.66,8,Kondapalli,Andhra Pradesh,0.67,-0.0294,Normal,6170.44,Copper
Metal Crafts,Metal Sculpture,1522.12,8,Srinagar,Jammu and Kashmir,0.375,0.0792,Wedding,6189.26,Bell Metal
Woodcraft,Sculpture,670.96,13,Srinagar,Jammu and Kashmir,0.688,0.0715,Normal,3212.75,Wood
"Bamboo, Cane & Natural Fibre",Household Product,65.92,3,Kolkata,West Bengal,0.488,0.1498,Wedding,974.82,Bamboo
Ceramics,Mug,169.85,2,Madhubani,Bihar,0.756,0.1317,Normal,1894.9,Stoneware
Handmade Bags & Accessories,Tote Bag,349.27,6,Saharanpur,Uttar Pradesh,0.251,0.1816,Monsoon,1371.41,Canvas
Paintings & Art,Phad Painting,379.7,4,Bhubaneswar,Odisha,0.531,0.022,Monsoon,1407.12,Watercolour
Handmade Jewellery,Wooden Jewellery,438.5,3,Pochampally,Telangana,0.574,0.0728,Winter,2309.59,Wood
Natural / Eco-friendly Crafts,Natural-fibre Basket,265.46,5,Khurja,Uttar Pradesh,0.458,0.0859,Normal,1407.4,Coir
Handloom & Textiles,Rug,381.65,11,Pochampally,Telangana,0.715,-0.1316,Wedding,2036.51,Cotton
Paintings & Art,Folk Painting,186.61,6,Narsapur,Andhra Pradesh,0.777,0.1281,Normal,2846.98,Natural Pigment
Handmade Toys,Educational Toy,317.15,3,Etikoppaka,Andhra Pradesh,0.35,0.2133,Normal,2459.13,Cotton
Pottery & Terracotta,Vase,99.0,2,Kolkata,West Bengal,0.759,0.1393,Festival,1220.95,Terracotta
Ceramics,Cup,93.84,4,Saharanpur,Uttar Pradesh,0.646,-0.078,Normal,1312.91,Ceramic
"Bamboo, Cane & Natural Fibre",Basket,306.01,4,Srikalahasti,Andhra Pradesh,0.451,-0.0691,Monsoon,1670.1,Cane
Metal Crafts,Metal Sculpture,1300.51,3,Saharanpur,Uttar Pradesh,0.777,0.1725,Festival,7701.46,Copper
Handloom & Textiles,Handwoven Bag,181.4,11,Bhubaneswar,Odisha,0.517,-0.0116,Normal,4077.4,Cotton
Handloom & Textiles,Rug,474.71,4,Jaipur,Rajasthan,0.617,0.0791,Normal,2415.29,Cotton
Pottery & Terracotta,Sculpture,57.65,4,Pochampally,Telangana,0.27,0.032,Monsoon,1055.53,Terracotta
Paintings & Art,Kalamkari,410.24,1,Khurja,Uttar Pradesh,0.625,-0.0457,Wedding,3537.0,Cotton
"Bamboo, Cane & Natural Fibre",Mat,243.51,4,Thanjavur,Tamil Nadu,0.535,0.0742,Festival,2102.25,Jute
Handmade Jewellery,Handmade Earrings,587.07,5,Raghurajpur,Odisha,0.527,0.2218,Normal,2777.46,Brass
Handmade Toys,Traditional Toy,70.43,3,Channapatna,Karnataka,0.785,0.1151,Normal,1229.48,Clay
Handmade Bags & Accessories,Scarf,171.64,4,Bastar,Chhattisgarh,0.552,0.0862,Normal,2468.08,Cotton
Handmade Toys,Educational Toy,152.97,2,Etikoppaka,Andhra Pradesh,0.533,0.1111,Normal,2172.76,Cotton
Paintings & Art,Warli Painting,270.0,7,Kondapalli,Andhra Pradesh,0.717,0.0461,Winter,2459.05,Natural Pigment
Embroidery & Needlecraft,Patchwork Product,305.11,8,Kolkata,West Bengal,0.568,0.0441,Normal,3670.01,Linen
Metal Crafts,Decorative Item,1192.15,8,Saharanpur,Uttar Pradesh,0.714,0.0722,Normal,4865.92,Brass
Handmade Bags & Accessories,Tote Bag,345.8,7,Pochampally,Telangana,0.396,-0.0592,Monsoon,2376.95,Canvas
"Bamboo, Cane & Natural Fibre",Bottle/Container,301.86,4,Bastar,Chhattisgarh,0.696,0.1424,Normal,2968.37,Cane
Leather & Traditional Craft,Leather Bag,817.8,4,Khurja,Uttar Pradesh,0.599,0.0559,Wedding,3924.02,Leather
"Bamboo, Cane & Natural Fibre",Tray,130.51,3,Jaipur,Rajasthan,0.451,0.107,Summer,1255.26,Bamboo
Handloom & Textiles,Rug,334.08,9,Kondapalli,Andhra Pradesh,0.804,0.1194,Normal,2698.31,Jute
"Bamboo, Cane & Natural Fibre",Decorative Item,204.5,7,Khurja,Uttar Pradesh,0.762,0.0862,Monsoon,2187.11,Bamboo
Handmade Toys,Stuffed Toy,252.34,1,Madhubani,Bihar,0.248,0.0902,Normal,918.96,Jute
Handmade Toys,Traditional Toy,232.31,4,Saharanpur,Uttar Pradesh,0.896,-0.0934,Winter,2059.72,Clay
Natural / Eco-friendly Crafts,Banana-fibre Product,130.88,2,Kondapalli,Andhra Pradesh,0.373,0.0841,Wedding,1429.65,Banana Fibre
Leather & Traditional Craft,Traditional Leather Craft,846.63,5,Assam,Assam,0.542,0.0848,Monsoon,3668.05,Leather
Handmade Toys,Puppet,197.77,3,Saharanpur,Uttar Pradesh,0.487,-0.0288,Winter,2129.47,Cotton
Handmade Jewellery,Metal Jewellery,886.19,2,Channapatna,Karnataka,0.406,0.2481,Wedding,3814.5,Copper
Metal Crafts,Decorative Item,1325.4,9,Thanjavur,Tamil Nadu,0.607,0.0888,Winter,8493.91,Copper
Handmade Toys,Wooden Toy,111.29,6,Bhubaneswar,Odisha,0.678,0.0925,Festival,2048.33,Wood
Embroidery & Needlecraft,Wall Hanging,274.3,7,Kolkata,West Bengal,0.778,0.0529,Normal,2854.19,Wool
Handloom & Textiles,Towel,104.42,10,Raghurajpur,Odisha,0.603,0.1088,Normal,2460.47,Cotton
Pottery & Terracotta,Planter,115.49,2,Madhubani,Bihar,0.519,0.0715,Winter,937.08,Terracotta
Handloom & Textiles,Scarf,261.23,10,Moradabad,Uttar Pradesh,0.779,0.1987,Winter,3714.66,Cotton
Leather & Traditional Craft,Belt,989.77,5,Jaipur,Rajasthan,0.815,0.1679,Winter,4521.28,Leather
Ceramics,Plate,326.94,2,Raghurajpur,Odisha,0.783,0.1514,Winter,1828.0,Stoneware
Handmade Bags & Accessories,Clutch,293.11,7,Kutch,Gujarat,0.618,0.1131,Festival,1933.34,Lac
Metal Crafts,Brassware,964.68,4,Raghurajpur,Odisha,0.73,0.1194,Normal,4536.45,Brass
Ceramics,Ceramic Jewellery,161.47,2,Khurja,Uttar Pradesh,0.89,0.1369,Normal,2081.36,Porcelain
Paintings & Art,Pattachitra,187.75,7,Assam,Assam,0.489,0.0469,Normal,1452.66,Cloth
Leather & Traditional Craft,Decorative Leather Product,1049.12,6,Thanjavur,Tamil Nadu,0.526,0.0467,Summer,4492.8,Leather
Handmade Jewellery,Handmade Earrings,480.32,3,Bhubaneswar,Odisha,0.459,0.1585,Festival,1959.64,Lac
Handmade Home Décor,Lamp,160.41,1,Khurja,Uttar Pradesh,0.521,0.2703,Normal,2072.74,Clay
Embroidery & Needlecraft,Embroidered Clothing,623.71,5,Channapatna,Karnataka,0.783,0.0446,Winter,4257.4,Linen
Embroidery & Needlecraft,Embroidered Clothing,763.03,6,Narsapur,Andhra Pradesh,0.805,0.0523,Summer,3600.02,Silk
Leather & Traditional Craft,Footwear,730.08,5,Bastar,Chhattisgarh,0.397,0.0547,Normal,4100.87,Leather
Handmade Jewellery,Necklace,309.71,4,Jaipur,Rajasthan,0.681,0.0907,Normal,2844.8,Beads
Handloom & Textiles,Traditional Garment,349.44,4,Kutch,Gujarat,0.542,0.0976,Winter,2660.12,Linen
Handmade Jewellery,Handmade Earrings,441.24,2,Srikalahasti,Andhra Pradesh,0.889,0.1097,Festival,2176.12,Beads
Handloom & Textiles,Saree,934.19,11,Kashmir,Jammu and Kashmir,0.427,-0.0321,Normal,4871.36,Wool
Handloom & Textiles,Carpet,331.1,13,Srikalahasti,Andhra Pradesh,0.866,0.0609,Summer,3091.49,Cotton
Natural / Eco-friendly Crafts,Banana-fibre Product,233.45,3,Madhubani,Bihar,0.717,-0.0762,Normal,1511.09,Banana Fibre
Natural / Eco-friendly Crafts,Banana-fibre Product,131.65,4,Pochampally,Telangana,0.657,0.133,Normal,1212.2,Banana Fibre
Paintings & Art,Phad Painting,268.53,10,Kondapalli,Andhra Pradesh,0.468,0.1046,Monsoon,2528.38,Natural Pigment
Pottery & Terracotta,Diya,30.0,3,Narsapur,Andhra Pradesh,0.699,-0.0381,Festival,1400.17,Terracotta
Ceramics,Plate,190.71,1,Etikoppaka,Andhra Pradesh,0.632,-0.0079,Normal,2195.79,Stoneware
Handmade Toys,Puppet,160.14,3,Bhubaneswar,Odisha,0.484,0.1182,Monsoon,1090.75,Cotton
Woodcraft,Decorative Panel,524.5,10,Assam,Assam,0.615,-0.0159,Normal,3992.33,Wood
Handloom & Textiles,Bedsheet,561.22,10,Raghurajpur,Odisha,0.61,0.0031,Winter,2402.54,Linen
Metal Crafts,Copperware,1357.52,8,Jaipur,Rajasthan,0.673,0.1216,Normal,4291.43,Copper
Pottery & Terracotta,Sculpture,30.0,5,Channapatna,Karnataka,0.486,-0.0466,Normal,1168.34,Terracotta
"Bamboo, Cane & Natural Fibre",Basket,30.0,4,Raghurajpur,Odisha,0.532,0.1392,Summer,1716.2,Palm Leaf
Handmade Home Décor,Lamp,551.2,3,Channapatna,Karnataka,0.703,0.1675,Normal,3691.48,Metal
Pottery & Terracotta,Terracotta Figurine,171.64,3,Raghurajpur,Odisha,0.548,0.2299,Normal,1580.9,Terracotta
Handmade Toys,Wooden Toy,272.87,1,Pochampally,Telangana,0.631,0.0372,Normal,1082.53,Wood
Pottery & Terracotta,Terracotta Jewellery,30.0,1,Thanjavur,Tamil Nadu,0.405,0.2266,Normal,1273.83,Clay
Natural / Eco-friendly Crafts,Natural-fibre Basket,196.52,1,Jaipur,Rajasthan,0.745,0.2087,Normal,1978.62,Palm Leaf
"Bamboo, Cane & Natural Fibre",Bottle/Container,137.01,4,Bhubaneswar,Odisha,0.435,0.1103,Normal,1751.5,Bamboo
Ceramics,Cup,115.7,2,Kolkata,West Bengal,0.855,-0.1847,Monsoon,1531.22,Stoneware
Handmade Home Décor,Decorative Box,110.25,6,Channapatna,Karnataka,0.441,0.0346,Summer,2497.43,Bamboo
Handmade Bags & Accessories,Accessories,329.92,5,Kondapalli,Andhra Pradesh,0.353,0.0631,Festival,1372.32,Cotton
Metal Crafts,Bell-metal Product,1137.16,9,Assam,Assam,0.426,0.1185,Normal,6328.12,Bell Metal
Handmade Jewellery,Bracelet,618.16,6,Thanjavur,Tamil Nadu,0.635,0.0473,Summer,2509.0,Brass
Handmade Toys,Traditional Toy,236.44,3,Bhubaneswar,Odisha,0.644,-0.0433,Normal,1388.49,Clay
"Bamboo, Cane & Natural Fibre",Basket,270.52,6,Channapatna,Karnataka,0.308,0.0259,Normal,2218.82,Jute
Pottery & Terracotta,Clay Lamp,82.08,1,Khurja,Uttar Pradesh,0.589,0.021,Normal,705.98,Clay
Handmade Jewellery,Wooden Jewellery,430.93,5,Madhubani,Bihar,0.268,0.0393,Normal,3700.05,Wood
Embroidery & Needlecraft,Wall Hanging,342.39,12,Narsapur,Andhra Pradesh,0.707,-0.036,Monsoon,2274.39,Jute
Metal Crafts,Metal Sculpture,860.32,4,Jaipur,Rajasthan,0.37,-0.0004,Monsoon,5050.4,Copper
Handloom & Textiles,Towel,107.05,15,Srikalahasti,Andhra Pradesh,0.809,0.1599,Normal,3656.4,Cotton
Handmade Jewellery,Wooden Jewellery,365.98,3,Bastar,Chhattisgarh,0.748,0.0592,Wedding,2309.32,Wood
"Bamboo, Cane & Natural Fibre",Lampshade,208.57,5,Kashmir,Jammu and Kashmir,0.789,-0.0958,Festival,2432.05,Bamboo
Handmade Toys,Cloth Doll,212.6,3,Thanjavur,Tamil Nadu,0.819,0.0819,Normal,1560.68,Wool
Metal Crafts,Copperware,1717.82,4,Moradabad,Uttar Pradesh,0.598,0.1161,Normal,5467.0,Copper
Pottery & Terracotta,Clay Lamp,83.26,2,Kutch,Gujarat,0.356,-0.0348,Normal,879.21,Clay
Natural / Eco-friendly Crafts,Natural-fibre Basket,152.81,2,Thanjavur,Tamil Nadu,0.356,0.0149,Normal,1212.63,Jute
Natural / Eco-friendly Crafts,Coir Product,30.0,5,Jaipur,Rajasthan,0.585,0.0847,Winter,1187.8,Coir
Metal Crafts,Metal Sculpture,1358.16,3,Moradabad,Uttar Pradesh,0.733,0.0337,Wedding,6348.8,Copper
Paintings & Art,Kalamkari,282.06,11,Madhubani,Bihar,0.775,0.1724,Normal,2683.43,Cotton
Handmade Jewellery,Lac Jewellery,30.0,4,Pochampally,Telangana,0.465,-0.052,Summer,1766.05,Lac
Metal Crafts,Bell-metal Product,1248.79,7,Bastar,Chhattisgarh,0.746,0.1484,Winter,4892.15,Bell Metal
Paintings & Art,Pattachitra,250.4,6,Raghurajpur,Odisha,0.781,0.1817,Normal,2018.05,Natural Pigment
Embroidery & Needlecraft,Cushion Cover,345.06,5,Srinagar,Jammu and Kashmir,0.543,0.1373,Wedding,1873.4,Cotton
Handloom & Textiles,Rug,852.92,8,Srinagar,Jammu and Kashmir,0.735,-0.0403,Normal,3294.15,Wool
Leather & Traditional Craft,Leather Bag,744.58,4,Khurja,Uttar Pradesh,0.663,0.1096,Festival,4239.38,Leather
Paintings & Art,Miniature Painting,202.08,9,Bhubaneswar,Odisha,0.483,0.0463,Monsoon,3221.7,Handmade Paper
Paintings & Art,Kalamkari,629.44,12,Etikoppaka,Andhra Pradesh,0.731,-0.0083,Winter,2366.0,Silk
Handmade Bags & Accessories,Basket,117.79,1,Srikalahasti,Andhra Pradesh,0.433,0.1459,Festival,1897.25,Cane
Pottery & Terracotta,Sculpture,101.28,3,Etikoppaka,Andhra Pradesh,0.782,0.1537,Festival,2548.05,Clay
"Bamboo, Cane & Natural Fibre",Furniture,184.01,3,Raghurajpur,Odisha,0.342,0.011,Wedding,2239.59,Cane
Handmade Bags & Accessories,Handmade Belt,156.84,4,Etikoppaka,Andhra Pradesh,0.705,0.1065,Normal,1287.23,Cotton
Pottery & Terracotta,Kitchenware,57.63,3,Kolkata,West Bengal,0.611,0.0166,Festival,1911.9,Clay
"Bamboo, Cane & Natural Fibre",Storage Box,182.78,3,Madhubani,Bihar,0.882,-0.1254,Wedding,1497.33,Bamboo
Handloom & Textiles,Durrie,547.71,11,Narsapur,Andhra Pradesh,0.505,0.1208,Festival,4220.36,Wool
Handmade Toys,Stuffed Toy,234.46,2,Assam,Assam,0.64,0.1148,Summer,1817.6,Jute
Leather & Traditional Craft,Footwear,593.98,1,Khurja,Uttar Pradesh,0.412,0.0573,Festival,3118.3,Leather
Handmade Home Décor,Table Décor,378.72,6,Srinagar,Jammu and Kashmir,0.479,0.0019,Festival,1920.23,Ceramic
Leather & Traditional Craft,Wallet,803.3,2,Kashmir,Jammu and Kashmir,0.588,0.1131,Monsoon,2560.75,Leather
Paintings & Art,Pattachitra,162.99,6,Moradabad,Uttar Pradesh,0.713,-0.0484,Normal,2151.74,Natural Pigment
Embroidery & Needlecraft,Embroidered Clothing,908.46,2,Srikalahasti,Andhra Pradesh,0.829,0.0262,Normal,2585.65,Silk
"Bamboo, Cane & Natural Fibre",Household Product,71.33,4,Srikalahasti,Andhra Pradesh,0.526,0.2691,Normal,1515.84,Jute
"Bamboo, Cane & Natural Fibre",Household Product,135.42,1,Madhubani,Bihar,0.492,0.1844,Normal,1249.8,Jute
Woodcraft,Wooden Toy,346.4,6,Khurja,Uttar Pradesh,0.652,-0.0207,Festival,3660.24,Wood
"Bamboo, Cane & Natural Fibre",Mat,160.93,3,Bastar,Chhattisgarh,0.564,0.0666,Winter,2095.65,Bamboo
Handmade Home Décor,Dreamcatcher,289.79,1,Saharanpur,Uttar Pradesh,0.828,0.0914,Normal,3315.13,Bamboo
Ceramics,Ceramic Jewellery,248.85,3,Thanjavur,Tamil Nadu,0.515,0.2107,Winter,2192.9,Porcelain
Natural / Eco-friendly Crafts,Banana-fibre Product,88.82,5,Saharanpur,Uttar Pradesh,0.778,0.0797,Normal,1858.97,Banana Fibre
Pottery & Terracotta,Kitchenware,52.87,2,Bastar,Chhattisgarh,0.632,-0.0588,Normal,1496.35,Terracotta
Ceramics,Decorative Piece,175.98,4,Assam,Assam,0.57,-0.0759,Festival,1899.34,Stoneware
Embroidery & Needlecraft,Quilt,394.45,9,Saharanpur,Uttar Pradesh,0.423,0.0472,Monsoon,2444.03,Wool
Natural / Eco-friendly Crafts,Banana-fibre Product,41.84,2,Moradabad,Uttar Pradesh,0.621,-0.0151,Festival,1281.45,Banana Fibre
Woodcraft,Wall Décor,263.5,9,Kolkata,West Bengal,0.648,0.105,Normal,4312.46,Wood
Handmade Bags & Accessories,Accessories,308.33,3,Bhubaneswar,Odisha,0.747,0.054,Normal,1706.28,Cotton
Embroidery & Needlecraft,Patchwork Product,628.3,4,Thanjavur,Tamil Nadu,0.592,-0.1802,Summer,3008.05,Cotton
Handloom & Textiles,Handwoven Bag,528.84,4,Raghurajpur,Odisha,0.712,0.0407,Monsoon,2545.11,Linen
Handmade Home Décor,Decorative Box,257.49,5,Pochampally,Telangana,0.53,-0.0663,Winter,1120.95,Bamboo
Ceramics,Mug,182.08,3,Moradabad,Uttar Pradesh,0.461,0.0933,Normal,1167.15,Ceramic
Paintings & Art,Sketch,370.46,6,Bhubaneswar,Odisha,0.789,-0.0288,Normal,1944.4,Ink
"Bamboo, Cane & Natural Fibre",Bottle/Container,179.1,5,Moradabad,Uttar Pradesh,0.63,0.0467,Winter,2156.22,Cane
"Bamboo, Cane & Natural Fibre",Furniture,119.57,3,Saharanpur,Uttar Pradesh,0.788,-0.046,Normal,2468.86,Bamboo
Ceramics,Ceramic Jewellery,185.65,1,Kondapalli,Andhra Pradesh,0.555,0.1117,Festival,1697.74,Ceramic
Handmade Jewellery,Necklace,918.77,3,Kashmir,Jammu and Kashmir,0.781,0.0473,Festival,2912.38,Silver
Woodcraft,Wooden Toy,675.78,3,Bhubaneswar,Odisha,0.46,-0.0153,Winter,4523.35,Wood
Handmade Bags & Accessories,Wallet,309.41,3,Srikalahasti,Andhra Pradesh,0.405,0.1744,Normal,2392.35,Cotton
Ceramics,Bowl,179.92,2,Bhubaneswar,Odisha,0.706,-0.162,Monsoon,1210.08,Ceramic
Handmade Jewellery,Metal Jewellery,927.73,6,Srinagar,Jammu and Kashmir,0.799,-0.0552,Festival,3997.09,Silver
Embroidery & Needlecraft,Quilt,290.59,11,Narsapur,Andhra Pradesh,0.819,-0.0479,Festival,4175.55,Wool
Leather & Traditional Craft,Leather Bag,693.99,2,Bastar,Chhattisgarh,0.666,0.1474,Wedding,3708.82,Leather
Woodcraft,Sculpture,410.2,4,Srikalahasti,Andhra Pradesh,0.514,-0.0922,Normal,1837.96,Wood
Natural / Eco-friendly Crafts,Palm-leaf Product,79.83,2,Channapatna,Karnataka,0.46,-0.0226,Normal,1896.6,Palm Leaf
Embroidery & Needlecraft,Table Runner,333.92,3,Madhubani,Bihar,0.743,0.0956,Normal,2865.06,Cotton
Natural / Eco-friendly Crafts,Eco-friendly Packaging,145.79,1,Kashmir,Jammu and Kashmir,0.745,0.1535,Normal,1284.11,Palm Leaf
Leather & Traditional Craft,Leather Bag,838.74,7,Thanjavur,Tamil Nadu,0.517,0.2268,Normal,4579.9,Leather
Handmade Toys,Puppet,383.29,3,Bhubaneswar,Odisha,0.594,0.0895,Festival,2848.42,Leather
Woodcraft,Wooden Toy,701.46,8,Channapatna,Karnataka,0.435,0.103,Normal,3536.94,Wood
Metal Crafts,Utensil,1399.25,6,Khurja,Uttar Pradesh,0.801,0.1254,Festival,7064.46,Copper
Ceramics,Ceramic Jewellery,344.16,3,Narsapur,Andhra Pradesh,0.497,0.1615,Monsoon,2332.48,Porcelain
Embroidery & Needlecraft,Embroidered Bag,701.2,8,Moradabad,Uttar Pradesh,0.816,0.155,Normal,4179.35,Silk
Handmade Home Décor,Sculpture,30.0,3,Bhubaneswar,Odisha,0.887,0.0449,Festival,2296.3,Clay
Handloom & Textiles,Dupatta,529.56,8,Kondapalli,Andhra Pradesh,0.667,-0.0194,Normal,3943.12,Wool
Handloom & Textiles,Fabric,596.2,5,Kutch,Gujarat,0.403,0.1376,Normal,2578.61,Linen
Handmade Bags & Accessories,Clutch,551.2,6,Srikalahasti,Andhra Pradesh,0.64,0.0419,Summer,2994.02,Leather
Handmade Bags & Accessories,Scarf,289.07,4,Khurja,Uttar Pradesh,0.484,0.0192,Normal,3233.31,Cotton
Paintings & Art,Tanjore Painting,309.59,8,Madhubani,Bihar,0.68,0.0684,Winter,2196.67,Acrylic
Natural / Eco-friendly Crafts,Coir Product,50.55,2,Etikoppaka,Andhra Pradesh,0.811,-0.0014,Normal,1133.44,Coir
Embroidery & Needlecraft,Cushion Cover,469.4,8,Bastar,Chhattisgarh,0.403,-0.0124,Normal,1494.56,Linen
"Bamboo, Cane & Natural Fibre",Household Product,68.2,2,Srinagar,Jammu and Kashmir,0.446,0.1086,Normal,1153.88,Bamboo
Handloom & Textiles,Stole,581.33,4,Etikoppaka,Andhra Pradesh,0.576,-0.051,Festival,3957.11,Wool
Handloom & Textiles,Fabric,301.7,14,Moradabad,Uttar Pradesh,0.686,-0.0509,Normal,4079.59,Cotton
Metal Crafts,Bell-metal Product,1044.47,5,Kolkata,West Bengal,0.597,0.0225,Normal,4961.36,Bell Metal
Woodcraft,Wooden Jewellery,730.96,12,Madhubani,Bihar,0.528,0.1054,Normal,3540.71,Wood
Metal Crafts,Brassware,1357.01,2,Assam,Assam,0.259,-0.0166,Festival,3296.27,Brass
Handmade Bags & Accessories,Accessories,518.85,1,Pochampally,Telangana,0.683,0.2098,Festival,2834.74,Leather
Handloom & Textiles,Bedsheet,443.6,7,Jaipur,Rajasthan,0.728,-0.0039,Winter,2521.92,Linen
Handmade Jewellery,Terracotta Jewellery,153.3,1,Moradabad,Uttar Pradesh,0.393,0.0659,Normal,1753.44,Terracotta
Handloom & Textiles,Towel,30.0,7,Madhubani,Bihar,0.381,0.1749,Festival,1127.11,Cotton
Handmade Jewellery,Tribal Jewellery,1053.38,7,Kondapalli,Andhra Pradesh,0.653,-0.0421,Normal,2810.38,Silver
Handmade Home Décor,Showpiece,399.65,4,Kashmir,Jammu and Kashmir,0.442,0.1059,Summer,2002.1,Ceramic
Embroidery & Needlecraft,Embroidered Clothing,347.42,4,Srinagar,Jammu and Kashmir,0.501,0.0134,Normal,1559.43,Cotton
Ceramics,Plate,297.09,3,Kolkata,West Bengal,0.621,-0.0289,Winter,2122.75,Stoneware
Handmade Toys,Wooden Toy,199.61,1,Moradabad,Uttar Pradesh,0.618,0.1482,Wedding,2557.81,Wood
Ceramics,Bowl,175.17,1,Pochampally,Telangana,0.76,-0.1697,Normal,1738.37,Ceramic
Natural / Eco-friendly Crafts,Palm-leaf Product,30.0,5,Pochampally,Telangana,0.569,-0.0024,Festival,2248.92,Palm Leaf
Pottery & Terracotta,Terracotta Jewellery,30.0,3,Thanjavur,Tamil Nadu,0.593,-0.0637,Monsoon,810.01,Clay
Woodcraft,Decorative Panel,284.16,8,Srikalahasti,Andhra Pradesh,0.707,-0.0147,Wedding,4552.68,Wood
Handmade Home Décor,Decorative Box,408.52,6,Saharanpur,Uttar Pradesh,0.684,0.0972,Winter,3243.18,Wood
Natural / Eco-friendly Crafts,Handmade Paper Product,161.25,4,Assam,Assam,0.75,0.1823,Wedding,2398.12,Handmade Paper
Handmade Bags & Accessories,Wallet,377.07,5,Kutch,Gujarat,0.705,0.0634,Winter,3195.86,Leather
Woodcraft,Box,747.09,5,Kolkata,West Bengal,0.675,-0.0017,Normal,4090.9,Wood
Handmade Home Décor,Handmade Clock,453.74,5,Channapatna,Karnataka,0.746,0.0316,Summer,3529.91,Wood
Handmade Home Décor,Mirror,230.1,4,Srikalahasti,Andhra Pradesh,0.794,0.0451,Normal,1540.05,Bamboo
"Bamboo, Cane & Natural Fibre",Storage Box,268.22,2,Kutch,Gujarat,0.461,0.038,Normal,1808.12,Bamboo
Handmade Toys,Traditional Toy,139.28,3,Madhubani,Bihar,0.494,0.0879,Festival,2041.32,Clay
Handmade Jewellery,Tribal Jewellery,392.12,6,Channapatna,Karnataka,0.639,0.0324,Festival,2128.73,Beads
Leather & Traditional Craft,Footwear,843.24,9,Moradabad,Uttar Pradesh,0.544,0.1116,Festival,4709.1,Leather
"Bamboo, Cane & Natural Fibre",Bag,128.97,6,Srinagar,Jammu and Kashmir,0.757,0.0182,Summer,2270.21,Jute
Leather & Traditional Craft,Leather Bag,889.38,8,Narsapur,Andhra Pradesh,0.351,0.0487,Normal,4205.65,Leather
Leather & Traditional Craft,Traditional Leather Craft,958.99,7,Moradabad,Uttar Pradesh,0.559,0.1144,Normal,3981.16,Leather
Woodcraft,Kitchenware,555.38,12,Srinagar,Jammu and Kashmir,0.783,-0.0474,Wedding,5561.8,Wood
Natural / Eco-friendly Crafts,Coir Product,87.35,3,Madhubani,Bihar,0.846,0.0484,Normal,1607.68,Coir
Handmade Toys,Puppet,402.04,2,Srikalahasti,Andhra Pradesh,0.545,0.026,Normal,1848.52,Leather
"Bamboo, Cane & Natural Fibre",Bag,173.54,1,Etikoppaka,Andhra Pradesh,0.862,0.0066,Normal,1801.07,Bamboo
Handmade Home Décor,Sculpture,349.04,4,Narsapur,Andhra Pradesh,0.815,0.1603,Festival,2672.72,Wood
Leather & Traditional Craft,Wallet,513.15,1,Saharanpur,Uttar Pradesh,0.546,-0.0497,Normal,3091.21,Leather
Handmade Jewellery,Wooden Jewellery,317.63,3,Pochampally,Telangana,0.594,0.1333,Normal,3833.82,Wood
Handmade Toys,Educational Toy,90.94,3,Srikalahasti,Andhra Pradesh,0.673,0.0242,Normal,1038.16,Cotton
Handloom & Textiles,Fabric,542.55,9,Bhubaneswar,Odisha,0.629,-0.0524,Wedding,2720.07,Linen
Paintings & Art,Folk Painting,316.56,5,Madhubani,Bihar,0.914,0.0582,Wedding,2768.92,Natural Pigment
Ceramics,Decorative Piece,274.49,2,Srikalahasti,Andhra Pradesh,0.84,0.1676,Winter,1853.38,Stoneware
"Bamboo, Cane & Natural Fibre",Household Product,30.0,4,Channapatna,Karnataka,0.633,0.1084,Normal,1784.19,Jute
Paintings & Art,Handmade Wall Art,142.61,10,Narsapur,Andhra Pradesh,0.738,-0.0039,Festival,1861.44,Handmade Paper
Handmade Bags & Accessories,Clutch,337.12,5,Khurja,Uttar Pradesh,0.585,0.1673,Festival,2850.77,Cotton
"Bamboo, Cane & Natural Fibre",Decorative Item,144.27,4,Pochampally,Telangana,0.554,-0.0021,Wedding,1685.66,Palm Leaf
Woodcraft,Box,577.41,2,Moradabad,Uttar Pradesh,0.707,0.1453,Festival,6137.91,Wood
Woodcraft,Wooden Toy,581.24,9,Madhubani,Bihar,0.65,0.2435,Summer,3484.97,Wood
Handmade Bags & Accessories,Tote Bag,281.62,1,Raghurajpur,Odisha,0.769,-0.0309,Normal,2920.42,Canvas
Metal Crafts,Brassware,867.14,6,Kutch,Gujarat,0.678,0.0603,Normal,5395.35,Brass
Woodcraft,Tray,58.16,5,Srinagar,Jammu and Kashmir,0.639,0.0515,Normal,3769.24,Wood
Leather & Traditional Craft,Wallet,910.83,5,Kutch,Gujarat,0.679,0.241,Normal,5368.6,Leather
Metal Crafts,Lamp,1307.35,9,Kolkata,West Bengal,0.921,-0.0178,Normal,7679.39,Brass
Handloom & Textiles,Fabric,559.22,10,Etikoppaka,Andhra Pradesh,0.914,-0.0168,Normal,3818.18,Linen
Embroidery & Needlecraft,Table Runner,526.27,4,Narsapur,Andhra Pradesh,0.603,-0.0208,Festival,4077.97,Silk
Woodcraft,Sculpture,533.64,6,Pochampally,Telangana,0.639,0.1183,Summer,3444.54,Wood
Paintings & Art,Folk Painting,181.13,2,Thanjavur,Tamil Nadu,0.373,0.0068,Summer,1364.91,Natural Pigment
Natural / Eco-friendly Crafts,Coir Product,180.28,1,Moradabad,Uttar Pradesh,0.69,0.1474,Festival,1970.56,Coir
Leather & Traditional Craft,Wallet,331.32,2,Saharanpur,Uttar Pradesh,0.716,-0.0488,Festival,2639.89,Leather
Pottery & Terracotta,Clay Lamp,153.87,2,Channapatna,Karnataka,0.592,0.0513,Festival,2065.89,Terracotta
Embroidery & Needlecraft,Patchwork Product,399.76,9,Pochampally,Telangana,0.799,0.1034,Winter,2751.8,Wool
"Bamboo, Cane & Natural Fibre",Lampshade,91.97,3,Khurja,Uttar Pradesh,0.748,-0.0785,Festival,1529.82,Cane
Handloom & Textiles,Shawl,520.26,8,Srikalahasti,Andhra Pradesh,0.452,0.1784,Normal,2909.36,Linen
Paintings & Art,Kalamkari,323.44,6,Kutch,Gujarat,0.4,0.2057,Wedding,2929.59,Natural Dye
Ceramics,Mug,122.19,3,Bhubaneswar,Odisha,0.683,0.0419,Normal,1413.96,Ceramic
Metal Crafts,Jewellery,1009.78,2,Kashmir,Jammu and Kashmir,0.779,0.0724,Festival,5991.05,Copper
Woodcraft,Box,568.49,6,Bastar,Chhattisgarh,0.518,-0.1017,Normal,2761.95,Wood
"Bamboo, Cane & Natural Fibre",Household Product,216.01,5,Bastar,Chhattisgarh,0.827,-0.0819,Normal,2206.83,Jute
Natural / Eco-friendly Crafts,Eco-friendly Packaging,157.78,4,Kutch,Gujarat,0.608,0.0684,Normal,1312.69,Banana Fibre
"Bamboo, Cane & Natural Fibre",Bag,129.28,6,Srikalahasti,Andhra Pradesh,0.906,0.0828,Summer,2166.78,Jute
Woodcraft,Sculpture,572.14,11,Raghurajpur,Odisha,0.676,0.1637,Wedding,3176.86,Wood
Pottery & Terracotta,Terracotta Figurine,162.4,2,Kashmir,Jammu and Kashmir,0.772,-0.0477,Summer,1476.88,Terracotta
Embroidery & Needlecraft,Quilt,601.98,7,Srikalahasti,Andhra Pradesh,0.347,0.2732,Summer,2980.31,Cotton
Handmade Jewellery,Beaded Jewellery,590.78,3,Bastar,Chhattisgarh,0.748,0.3,Festival,2054.96,Wood
Woodcraft,Decorative Panel,442.19,7,Bastar,Chhattisgarh,0.468,-0.0587,Festival,3462.35,Wood
Handmade Jewellery,Handmade Earrings,213.53,1,Kashmir,Jammu and Kashmir,0.699,0.1154,Festival,3400.02,Beads
Embroidery & Needlecraft,Cushion Cover,775.01,7,Bastar,Chhattisgarh,0.393,0.1626,Festival,4041.65,Silk
"Bamboo, Cane & Natural Fibre",Mat,110.46,2,Assam,Assam,0.827,0.0909,Monsoon,1483.93,Bamboo
"Bamboo, Cane & Natural Fibre",Bag,158.06,2,Madhubani,Bihar,0.57,0.0853,Winter,2390.3,Jute
Handmade Home Décor,Showpiece,105.82,4,Kondapalli,Andhra Pradesh,0.721,-0.0541,Festival,3889.1,Metal
"Bamboo, Cane & Natural Fibre",Decorative Item,176.39,1,Kutch,Gujarat,0.606,0.0937,Monsoon,2057.45,Cane
Woodcraft,Box,255.17,8,Kashmir,Jammu and Kashmir,0.695,0.2082,Normal,3370.88,Wood
Handmade Jewellery,Terracotta Jewellery,338.5,6,Bastar,Chhattisgarh,0.669,-0.0664,Winter,2915.05,Terracotta
Handmade Toys,Puppet,271.72,2,Etikoppaka,Andhra Pradesh,0.586,0.1642,Festival,2343.53,Cotton
"Bamboo, Cane & Natural Fibre",Basket,120.19,4,Etikoppaka,Andhra Pradesh,0.425,-0.0057,Summer,1433.37,Cane
Handmade Home Décor,Table Décor,111.19,2,Srinagar,Jammu and Kashmir,0.661,0.0571,Monsoon,1777.03,Clay
Woodcraft,Wooden Jewellery,330.57,8,Channapatna,Karnataka,0.325,0.0129,Wedding,1729.88,Wood
Pottery & Terracotta,Clay Lamp,59.67,3,Kolkata,West Bengal,0.443,0.064,Festival,1721.43,Terracotta
Paintings & Art,Miniature Painting,241.98,7,Madhubani,Bihar,0.614,-0.0562,Winter,2247.93,Natural Pigment
Leather & Traditional Craft,Leather Bag,900.17,10,Jaipur,Rajasthan,0.848,0.1141,Winter,4663.38,Leather
Handmade Toys,Educational Toy,240.75,4,Narsapur,Andhra Pradesh,0.618,0.0327,Festival,2088.43,Cotton
Pottery & Terracotta,Clay Lamp,67.36,2,Kolkata,West Bengal,0.425,0.101,Festival,1068.53,Clay
Handmade Home Décor,Dreamcatcher,329.64,3,Jaipur,Rajasthan,0.348,-0.0046,Festival,1124.74,Cotton
Ceramics,Bowl,190.94,3,Bhubaneswar,Odisha,0.479,0.0287,Wedding,1094.68,Stoneware
Natural / Eco-friendly Crafts,Handmade Paper Product,316.13,6,Pochampally,Telangana,0.783,0.0413,Normal,3015.59,Handmade Paper
Embroidery & Needlecraft,Wall Hanging,260.16,5,Srikalahasti,Andhra Pradesh,0.689,-0.0784,Winter,1851.4,Wool
Embroidery & Needlecraft,Patchwork Product,213.75,2,Raghurajpur,Odisha,0.775,0.0231,Festival,3123.56,Wool
"Bamboo, Cane & Natural Fibre",Lampshade,233.95,3,Saharanpur,Uttar Pradesh,0.592,0.1746,Normal,1662.91,Cane
Natural / Eco-friendly Crafts,Palm-leaf Product,240.71,3,Thanjavur,Tamil Nadu,0.214,0.0308,Festival,1109.85,Palm Leaf
"Bamboo, Cane & Natural Fibre",Furniture,128.52,3,Khurja,Uttar Pradesh,0.543,-0.0105,Normal,2389.91,Bamboo
Handmade Toys,Stuffed Toy,189.73,3,Srinagar,Jammu and Kashmir,0.64,0.1408,Wedding,2262.48,Jute
Leather & Traditional Craft,Wallet,734.53,6,Srikalahasti,Andhra Pradesh,0.598,0.0759,Summer,3980.43,Leather
Embroidery & Needlecraft,Embroidered Bag,278.78,7,Kutch,Gujarat,0.772,-0.0132,Normal,2357.47,Jute
Handmade Home Décor,Candle,317.23,6,Channapatna,Karnataka,0.327,0.1138,Summer,3649.58,Soy Wax
"Bamboo, Cane & Natural Fibre",Tray,168.39,5,Kutch,Gujarat,0.554,0.1169,Summer,1331.19,Cane
Pottery & Terracotta,Decorative Pot,81.69,1,Raghurajpur,Odisha,0.802,0.0514,Monsoon,1534.25,Terracotta
Handmade Toys,Educational Toy,66.2,3,Kashmir,Jammu and Kashmir,0.827,0.0296,Normal,1244.87,Cotton
Handmade Toys,Educational Toy,156.72,3,Kolkata,West Bengal,0.517,0.0912,Normal,1276.37,Cotton
"Bamboo, Cane & Natural Fibre",Furniture,254.76,6,Kashmir,Jammu and Kashmir,0.746,-0.0514,Normal,2096.53,Bamboo
"Bamboo, Cane & Natural Fibre",Lampshade,158.77,2,Kashmir,Jammu and Kashmir,0.472,-0.1287,Monsoon,1473.29,Bamboo
Handloom & Textiles,Handwoven Bag,417.61,8,Kashmir,Jammu and Kashmir,0.775,0.0325,Normal,3277.52,Linen
Woodcraft,Wooden Toy,552.25,8,Kondapalli,Andhra Pradesh,0.319,0.0774,Wedding,4729.99,Wood
Leather & Traditional Craft,Belt,701.97,3,Thanjavur,Tamil Nadu,0.618,0.0722,Normal,3080.49,Leather
Embroidery & Needlecraft,Embroidered Clothing,312.02,9,Etikoppaka,Andhra Pradesh,0.429,0.0691,Normal,3543.45,Cotton
Ceramics,Vase,125.41,2,Khurja,Uttar Pradesh,0.811,0.0877,Summer,1724.63,Stoneware
Handmade Toys,Wooden Toy,238.77,1,Srinagar,Jammu and Kashmir,0.533,0.104,Monsoon,1292.68,Wood
Handmade Jewellery,Tribal Jewellery,302.64,4,Assam,Assam,0.618,0.0634,Festival,1732.52,Beads
Ceramics,Home Décor,177.58,4,Srikalahasti,Andhra Pradesh,0.82,0.2469,Winter,2332.58,Porcelain
Handloom & Textiles,Dress Material,30.0,8,Bastar,Chhattisgarh,0.502,0.0331,Summer,1311.6,Cotton
Handmade Home Décor,Wall Hanging,573.23,4,Kolkata,West Bengal,0.758,-0.0087,Normal,2388.37,Wood
"Bamboo, Cane & Natural Fibre",Decorative Item,330.42,5,Kolkata,West Bengal,0.496,0.0382,Festival,2240.67,Bamboo
"Bamboo, Cane & Natural Fibre",Bottle/Container,88.09,4,Bhubaneswar,Odisha,0.676,0.1072,Festival,1380.77,Bamboo
Handmade Jewellery,Tribal Jewellery,30.0,4,Assam,Assam,0.67,0.1176,Normal,2506.67,Beads
Ceramics,Home Décor,53.31,2,Assam,Assam,0.568,0.1126,Wedding,2382.31,Porcelain
Pottery & Terracotta,Planter,61.76,2,Moradabad,Uttar Pradesh,0.733,0.0097,Normal,1916.77,Clay
Metal Crafts,Metal Sculpture,864.05,2,Etikoppaka,Andhra Pradesh,0.327,0.0071,Normal,4195.95,Brass
Pottery & Terracotta,Sculpture,143.57,2,Saharanpur,Uttar Pradesh,0.482,0.1778,Summer,1089.21,Clay
Metal Crafts,Lamp,1420.68,5,Jaipur,Rajasthan,0.787,-0.0567,Summer,4684.54,Copper
"Bamboo, Cane & Natural Fibre",Basket,139.09,3,Kondapalli,Andhra Pradesh,0.78,0.0889,Festival,1597.56,Cane
Handmade Toys,Traditional Toy,207.37,5,Madhubani,Bihar,0.875,0.2273,Festival,2131.51,Cloth
Natural / Eco-friendly Crafts,Banana-fibre Product,94.93,3,Bastar,Chhattisgarh,0.634,0.1766,Normal,1082.35,Banana Fibre
"Bamboo, Cane & Natural Fibre",Decorative Item,204.36,3,Jaipur,Rajasthan,0.849,0.1056,Summer,1475.63,Palm Leaf
Handmade Bags & Accessories,Tote Bag,30.0,4,Narsapur,Andhra Pradesh,0.387,-0.0727,Wedding,2804.79,Canvas
Pottery & Terracotta,Clay Pot,167.87,3,Raghurajpur,Odisha,0.691,0.119,Wedding,2137.34,Terracotta
Handloom & Textiles,Stole,441.18,6,Channapatna,Karnataka,0.742,0.088,Festival,3621.02,Linen
Leather & Traditional Craft,Wallet,758.17,2,Kondapalli,Andhra Pradesh,0.385,0.041,Festival,3195.41,Leather
"Bamboo, Cane & Natural Fibre",Storage Box,30.0,5,Madhubani,Bihar,0.434,-0.0985,Normal,1033.38,Palm Leaf
Handmade Toys,Stuffed Toy,231.56,2,Khurja,Uttar Pradesh,0.575,-0.1685,Normal,2139.66,Wool
Handmade Home Décor,Handmade Clock,641.38,3,Raghurajpur,Odisha,0.33,-0.0564,Normal,2174.9,Wood
Paintings & Art,Phad Painting,395.91,6,Saharanpur,Uttar Pradesh,0.782,0.1816,Normal,2206.42,Natural Pigment
Handloom & Textiles,Dupatta,414.32,4,Jaipur,Rajasthan,0.552,0.1916,Festival,2885.52,Linen
Pottery & Terracotta,Terracotta Jewellery,85.59,2,Bhubaneswar,Odisha,0.615,0.1642,Normal,1617.32,Terracotta
Handmade Toys,Handmade Game,117.07,1,Madhubani,Bihar,0.667,-0.1296,Winter,1702.87,Wood
Leather & Traditional Craft,Decorative Leather Product,981.0,6,Bhubaneswar,Odisha,0.543,-0.0485,Monsoon,4056.31,Leather
"Bamboo, Cane & Natural Fibre",Basket,188.89,5,Bastar,Chhattisgarh,0.686,-0.0776,Wedding,1668.99,Bamboo
Handmade Toys,Traditional Toy,312.92,5,Jaipur,Rajasthan,0.501,0.1932,Summer,1526.16,Wood
Handmade Jewellery,Wooden Jewellery,607.45,3,Srinagar,Jammu and Kashmir,0.888,0.0958,Festival,2536.93,Wood
Embroidery & Needlecraft,Cushion Cover,301.97,3,Channapatna,Karnataka,0.866,0.1404,Monsoon,1720.85,Cotton
Handmade Bags & Accessories,Handbag,453.98,2,Bastar,Chhattisgarh,0.288,0.0687,Festival,2065.4,Leather
Handmade Bags & Accessories,Clutch,310.12,4,Raghurajpur,Odisha,0.95,-0.0487,Normal,2129.15,Cotton
Embroidery & Needlecraft,Quilt,283.07,9,Assam,Assam,0.413,-0.0506,Normal,3229.51,Wool
Natural / Eco-friendly Crafts,Handmade Paper Product,30.0,2,Pochampally,Telangana,0.59,0.109,Summer,1648.37,Handmade Paper
Embroidery & Needlecraft,Embroidered Bag,315.49,5,Narsapur,Andhra Pradesh,0.596,-0.0464,Monsoon,3448.76,Jute
Handloom & Textiles,Handwoven Bag,590.3,8,Kolkata,West Bengal,0.673,-0.0793,Normal,2632.85,Jute
Handloom & Textiles,Handwoven Bag,408.23,4,Kutch,Gujarat,0.531,0.0877,Wedding,3678.11,Linen
Leather & Traditional Craft,Wallet,870.9,6,Saharanpur,Uttar Pradesh,0.695,0.1075,Festival,5079.16,Leather
Handmade Toys,Educational Toy,281.55,4,Pochampally,Telangana,0.92,0.1454,Festival,2107.74,Wood
Natural / Eco-friendly Crafts,Palm-leaf Product,55.92,2,Moradabad,Uttar Pradesh,0.368,0.081,Normal,1265.3,Palm Leaf
Metal Crafts,Brassware,1283.27,3,Srinagar,Jammu and Kashmir,0.799,0.0262,Normal,5678.06,Brass
Metal Crafts,Lamp,1208.09,4,Channapatna,Karnataka,0.462,0.0658,Normal,6326.75,Copper
Embroidery & Needlecraft,Wall Hanging,381.3,9,Thanjavur,Tamil Nadu,0.409,-0.0239,Wedding,3490.6,Wool
Leather & Traditional Craft,Belt,688.71,6,Pochampally,Telangana,0.503,-0.0233,Normal,3968.89,Leather
Handmade Bags & Accessories,Handmade Belt,354.89,3,Khurja,Uttar Pradesh,0.271,0.0832,Festival,1347.25,Leather
Embroidery & Needlecraft,Embroidered Bag,275.1,7,Pochampally,Telangana,0.556,0.0681,Winter,1564.49,Jute
Handmade Bags & Accessories,Tote Bag,428.76,5,Thanjavur,Tamil Nadu,0.537,0.0163,Festival,3129.67,Canvas
Handmade Bags & Accessories,Handmade Belt,520.31,3,Srikalahasti,Andhra Pradesh,0.503,0.1407,Monsoon,3034.17,Cotton
Metal Crafts,Decorative Item,1317.03,4,Pochampally,Telangana,0.441,-0.1269,Festival,3249.04,Copper
Embroidery & Needlecraft,Patchwork Product,736.66,11,Kashmir,Jammu and Kashmir,0.664,0.2123,Normal,2404.37,Linen
"Bamboo, Cane & Natural Fibre",Furniture,185.25,3,Jaipur,Rajasthan,0.396,0.2384,Festival,1859.72,Bamboo
Handmade Bags & Accessories,Tote Bag,239.14,3,Narsapur,Andhra Pradesh,0.649,-0.0236,Monsoon,1728.4,Jute
Ceramics,Decorative Piece,234.52,1,Jaipur,Rajasthan,0.538,0.0655,Normal,1016.05,Stoneware
Ceramics,Bowl,184.61,2,Madhubani,Bihar,0.262,-0.0009,Festival,987.96,Stoneware
Metal Crafts,Jewellery,804.47,8,Channapatna,Karnataka,0.545,-0.077,Summer,3228.21,Brass
Handloom & Textiles,Dupatta,466.25,8,Assam,Assam,0.553,0.1493,Winter,2697.31,Linen
Embroidery & Needlecraft,Embroidered Bag,395.97,3,Kondapalli,Andhra Pradesh,0.378,-0.0431,Festival,2643.21,Cotton
Paintings & Art,Phad Painting,127.37,2,Raghurajpur,Odisha,0.534,0.1017,Winter,1705.21,Natural Pigment
Embroidery & Needlecraft,Patchwork Product,312.02,7,Srikalahasti,Andhra Pradesh,0.805,-0.0222,Winter,2462.87,Cotton
Metal Crafts,Brassware,1081.93,5,Assam,Assam,0.596,-0.0774,Normal,8164.4,Brass
Ceramics,Bowl,194.0,1,Thanjavur,Tamil Nadu,0.55,0.1282,Normal,1585.05,Ceramic
Handmade Toys,Cloth Doll,193.02,2,Pochampally,Telangana,0.682,-0.0191,Festival,1921.78,Cotton
Handmade Jewellery,Wooden Jewellery,463.19,3,Kashmir,Jammu and Kashmir,0.561,0.0849,Festival,2020.71,Wood
Leather & Traditional Craft,Footwear,415.77,4,Moradabad,Uttar Pradesh,0.266,0.1651,Normal,2859.27,Leather
Natural / Eco-friendly Crafts,Jute Product,95.86,3,Kondapalli,Andhra Pradesh,0.581,0.0986,Festival,1884.29,Jute
Embroidery & Needlecraft,Embroidered Bag,706.41,5,Bhubaneswar,Odisha,0.314,0.1363,Wedding,4664.02,Silk
Woodcraft,Figurine,531.82,5,Khurja,Uttar Pradesh,0.619,-0.0696,Monsoon,3322.54,Wood
Natural / Eco-friendly Crafts,Coir Product,153.72,2,Pochampally,Telangana,0.317,0.0323,Normal,1508.95,Coir
Woodcraft,Kitchenware,391.54,9,Assam,Assam,0.495,0.2316,Normal,2853.69,Wood
Handloom & Textiles,Fabric,285.23,5,Etikoppaka,Andhra Pradesh,0.644,0.0146,Normal,2982.77,Cotton
Woodcraft,Wall Décor,761.38,3,Thanjavur,Tamil Nadu,0.762,-0.0297,Festival,4564.89,Wood
Paintings & Art,Warli Painting,256.63,8,Srinagar,Jammu and Kashmir,0.491,0.0736,Normal,2437.32,Acrylic
Handmade Toys,Traditional Toy,164.64,1,Pochampally,Telangana,0.597,0.1521,Normal,1047.01,Wood
Pottery & Terracotta,Planter,81.03,3,Assam,Assam,0.546,0.0977,Festival,1821.98,Terracotta
Paintings & Art,Madhubani Painting,106.74,6,Bastar,Chhattisgarh,0.553,0.2166,Summer,1643.83,Acrylic
Leather & Traditional Craft,Wallet,1118.93,2,Assam,Assam,0.676,0.0471,Summer,3069.96,Leather
Handmade Bags & Accessories,Backpack,30.0,3,Pochampally,Telangana,0.686,-0.0018,Winter,2488.98,Canvas
Natural / Eco-friendly Crafts,Handmade Paper Product,125.7,3,Bastar,Chhattisgarh,0.625,-0.0425,Monsoon,1479.75,Handmade Paper
Leather & Traditional Craft,Traditional Leather Craft,905.49,5,Srinagar,Jammu and Kashmir,0.881,0.0501,Wedding,5996.12,Leather
Metal Crafts,Bell-metal Product,1179.12,4,Kolkata,West Bengal,0.379,0.0126,Winter,3685.41,Bell Metal
Embroidery & Needlecraft,Cushion Cover,436.7,7,Saharanpur,Uttar Pradesh,0.879,-0.1382,Normal,1884.84,Linen
Ceramics,Vase,149.04,2,Srinagar,Jammu and Kashmir,0.646,0.0169,Monsoon,1107.68,Ceramic
Handmade Bags & Accessories,Backpack,472.12,4,Srinagar,Jammu and Kashmir,0.728,-0.0096,Normal,1771.71,Leather
Handloom & Textiles,Towel,281.42,13,Khurja,Uttar Pradesh,0.589,0.1253,Festival,3140.44,Cotton
Metal Crafts,Bell-metal Product,1599.64,8,Kondapalli,Andhra Pradesh,0.748,0.1097,Winter,9594.49,Bell Metal
Leather & Traditional Craft,Wallet,539.22,6,Narsapur,Andhra Pradesh,0.639,0.0925,Normal,2905.01,Leather
Pottery & Terracotta,Kitchenware,120.06,4,Raghurajpur,Odisha,0.778,0.0497,Normal,1735.93,Clay
Paintings & Art,Sketch,158.98,5,Kolkata,West Bengal,0.828,0.1359,Winter,2106.21,Graphite
Handloom & Textiles,Traditional Garment,437.56,9,Kashmir,Jammu and Kashmir,0.943,0.1264,Summer,3475.67,Cotton
Paintings & Art,Madhubani Painting,188.5,5,Kashmir,Jammu and Kashmir,0.537,0.1489,Normal,2441.83,Natural Pigment
Metal Crafts,Lamp,1278.92,4,Pochampally,Telangana,0.535,0.0418,Normal,4192.84,Copper
Handmade Toys,Stuffed Toy,250.9,1,Jaipur,Rajasthan,0.619,0.2669,Summer,1973.11,Wool
Woodcraft,Figurine,832.79,7,Kondapalli,Andhra Pradesh,0.49,0.0988,Normal,3076.66,Wood
Woodcraft,Decorative Panel,680.79,2,Assam,Assam,0.39,-0.1097,Wedding,3731.21,Wood
Metal Crafts,Lamp,1381.8,1,Kutch,Gujarat,0.598,-0.0637,Festival,5742.72,Copper
Leather & Traditional Craft,Leather Bag,765.14,5,Bhubaneswar,Odisha,0.524,0.1372,Normal,4437.83,Leather
Handmade Toys,Puppet,193.06,4,Moradabad,Uttar Pradesh,0.475,0.1867,Festival,1781.98,Leather
Handmade Bags & Accessories,Scarf,756.31,6,Etikoppaka,Andhra Pradesh,0.977,0.1492,Normal,3065.45,Silk
Pottery & Terracotta,Planter,154.66,1,Raghurajpur,Odisha,0.681,0.0718,Summer,998.85,Terracotta
Handmade Jewellery,Necklace,370.74,3,Thanjavur,Tamil Nadu,0.536,0.0678,Monsoon,1824.82,Beads
Leather & Traditional Craft,Wallet,775.55,1,Khurja,Uttar Pradesh,0.612,-0.0621,Monsoon,4193.89,Leather
Natural / Eco-friendly Crafts,Natural-fibre Basket,30.0,3,Thanjavur,Tamil Nadu,0.56,-0.0851,Festival,1675.11,Palm Leaf
Natural / Eco-friendly Crafts,Handmade Paper Product,159.89,4,Bhubaneswar,Odisha,0.671,-0.0261,Normal,2005.52,Handmade Paper
Handmade Jewellery,Bangles,276.13,1,Srikalahasti,Andhra Pradesh,0.664,0.0113,Normal,1399.82,Glass
Handmade Home Décor,Handmade Clock,362.06,4,Kutch,Gujarat,0.523,0.1685,Festival,2179.8,Wood
Handloom & Textiles,Traditional Garment,414.51,6,Kashmir,Jammu and Kashmir,0.883,-0.0191,Normal,2609.54,Cotton
"Bamboo, Cane & Natural Fibre",Bag,177.58,4,Pochampally,Telangana,0.781,0.1112,Normal,2122.96,Jute
Ceramics,Bowl,290.1,2,Madhubani,Bihar,0.859,0.0926,Festival,2364.42,Ceramic
Handmade Home Décor,Candle,364.75,4,Khurja,Uttar Pradesh,0.476,0.0386,Winter,1550.5,Soy Wax
Handmade Bags & Accessories,Scarf,309.54,5,Kolkata,West Bengal,0.634,-0.0611,Normal,2105.9,Cotton
Embroidery & Needlecraft,Embroidered Clothing,203.76,8,Khurja,Uttar Pradesh,0.502,0.2196,Normal,2563.06,Cotton
Woodcraft,Furniture,756.58,6,Saharanpur,Uttar Pradesh,0.844,0.0266,Winter,5320.0,Mango Wood
Woodcraft,Tray,282.62,7,Bhubaneswar,Odisha,0.853,0.0755,Wedding,4696.1,Wood
"Bamboo, Cane & Natural Fibre",Bottle/Container,274.18,3,Jaipur,Rajasthan,0.968,0.1073,Normal,1661.7,Bamboo
Handloom & Textiles,Durrie,482.13,10,Madhubani,Bihar,0.553,0.0194,Festival,4193.13,Cotton
Metal Crafts,Brassware,1194.76,1,Thanjavur,Tamil Nadu,0.652,-0.0435,Wedding,5499.57,Brass
Handmade Home Décor,Wall Hanging,364.42,6,Khurja,Uttar Pradesh,0.489,-0.1153,Monsoon,1386.95,Jute
Paintings & Art,Pattachitra,394.26,6,Thanjavur,Tamil Nadu,0.492,0.0243,Normal,1748.25,Cloth
Embroidery & Needlecraft,Cushion Cover,439.2,8,Kutch,Gujarat,0.511,-0.0136,Summer,2091.29,Cotton
Pottery & Terracotta,Planter,94.54,3,Srikalahasti,Andhra Pradesh,0.656,-0.0932,Normal,1275.84,Terracotta
Ceramics,Plate,147.96,5,Kondapalli,Andhra Pradesh,0.54,0.0584,Monsoon,1653.62,Stoneware
Leather & Traditional Craft,Decorative Leather Product,979.44,1,Assam,Assam,0.322,0.0328,Festival,3225.46,Leather
Handmade Toys,Wooden Toy,129.69,2,Kondapalli,Andhra Pradesh,0.489,-0.149,Normal,1248.1,Wood
Metal Crafts,Lamp,1275.13,3,Srikalahasti,Andhra Pradesh,0.803,-0.1076,Festival,9789.95,Brass
Paintings & Art,Handmade Wall Art,136.21,6,Kutch,Gujarat,0.593,-0.1082,Normal,898.61,Canvas
Woodcraft,Sculpture,570.8,7,Raghurajpur,Odisha,0.567,0.0179,Festival,4690.96,Wood
Woodcraft,Figurine,236.8,7,Saharanpur,Uttar Pradesh,0.645,0.0157,Festival,2461.13,Wood
Handmade Jewellery,Wooden Jewellery,339.81,2,Madhubani,Bihar,0.446,-0.0409,Wedding,3451.25,Wood
Handmade Jewellery,Bracelet,139.51,1,Kondapalli,Andhra Pradesh,0.401,0.0977,Normal,935.26,Beads
Handmade Toys,Stuffed Toy,140.54,2,Srikalahasti,Andhra Pradesh,0.522,0.0676,Winter,1736.45,Jute
Embroidery & Needlecraft,Embroidered Clothing,714.67,7,Srikalahasti,Andhra Pradesh,0.445,0.0693,Normal,2251.7,Silk
Handmade Bags & Accessories,Basket,141.36,2,Saharanpur,Uttar Pradesh,0.517,0.0053,Wedding,2249.79,Jute
Leather & Traditional Craft,Traditional Leather Craft,777.12,4,Thanjavur,Tamil Nadu,0.74,-0.1394,Normal,4502.14,Leather
Handmade Toys,Cloth Doll,256.93,3,Bastar,Chhattisgarh,0.736,-0.0581,Normal,1897.89,Cotton
Pottery & Terracotta,Decorative Pot,40.98,3,Jaipur,Rajasthan,0.765,-0.0306,Festival,1466.31,Clay
Handmade Toys,Educational Toy,164.05,2,Khurja,Uttar Pradesh,0.792,-0.0971,Monsoon,1701.12,Cotton
Metal Crafts,Metal Sculpture,1425.57,1,Assam,Assam,0.652,0.0454,Normal,5364.77,Bell Metal
Leather & Traditional Craft,Wallet,1039.01,6,Madhubani,Bihar,0.508,-0.0233,Winter,5921.64,Leather
Handmade Bags & Accessories,Pouch,448.9,3,Etikoppaka,Andhra Pradesh,0.924,0.0428,Festival,3607.3,Leather
Handmade Toys,Educational Toy,221.96,4,Kondapalli,Andhra Pradesh,0.427,-0.0175,Festival,2089.11,Cotton
Metal Crafts,Bell-metal Product,1231.12,7,Kolkata,West Bengal,0.767,0.0052,Summer,4680.64,Bell Metal
"Bamboo, Cane & Natural Fibre",Bag,128.67,6,Kolkata,West Bengal,0.265,-0.003,Wedding,1099.19,Bamboo
Paintings & Art,Phad Painting,232.65,5,Khurja,Uttar Pradesh,0.563,0.0658,Summer,2572.1,Watercolour
Leather & Traditional Craft,Leather Bag,1016.6,6,Narsapur,Andhra Pradesh,0.521,0.0025,Normal,5525.7,Leather
Embroidery & Needlecraft,Embroidered Bag,801.15,6,Kolkata,West Bengal,0.348,0.1103,Normal,3317.78,Silk
Metal Crafts,Decorative Item,918.16,9,Saharanpur,Uttar Pradesh,0.834,0.1248,Wedding,7910.25,Brass
Leather & Traditional Craft,Leather Bag,661.45,4,Jaipur,Rajasthan,0.85,0.0068,Festival,5495.26,Leather
Natural / Eco-friendly Crafts,Natural-fibre Basket,247.96,2,Khurja,Uttar Pradesh,0.884,0.0017,Normal,1847.28,Coir
Woodcraft,Decorative Panel,713.0,6,Kutch,Gujarat,0.854,0.0631,Normal,2984.63,Wood
Metal Crafts,Brassware,1230.01,10,Moradabad,Uttar Pradesh,0.849,0.2468,Normal,6837.57,Brass
Natural / Eco-friendly Crafts,Banana-fibre Product,104.05,1,Channapatna,Karnataka,0.838,-0.0976,Wedding,2101.62,Banana Fibre
Handmade Toys,Puppet,258.99,4,Khurja,Uttar Pradesh,0.629,0.0562,Normal,1658.26,Leather
Metal Crafts,Bell-metal Product,1194.36,2,Jaipur,Rajasthan,0.573,0.0772,Wedding,7620.01,Bell Metal
Pottery & Terracotta,Decorative Pot,30.0,1,Moradabad,Uttar Pradesh,0.37,-0.0072,Normal,499.02,Clay
Handmade Toys,Educational Toy,225.23,3,Jaipur,Rajasthan,0.744,-0.0104,Festival,2254.69,Cotton
Metal Crafts,Decorative Item,1331.05,5,Kashmir,Jammu and Kashmir,0.898,0.0682,Normal,4489.54,Copper
Handmade Bags & Accessories,Tote Bag,215.16,5,Raghurajpur,Odisha,0.575,0.0039,Normal,2389.23,Jute
Embroidery & Needlecraft,Wall Hanging,625.79,5,Assam,Assam,0.642,0.0761,Festival,4180.41,Wool
Woodcraft,Tray,454.62,9,Pochampally,Telangana,0.384,0.1371,Monsoon,4178.88,Wood
Pottery & Terracotta,Terracotta Jewellery,101.01,4,Kutch,Gujarat,0.786,0.0541,Summer,1960.84,Terracotta
Handmade Toys,Traditional Toy,330.41,3,Etikoppaka,Andhra Pradesh,0.431,0.025,Wedding,1607.93,Cloth
Embroidery & Needlecraft,Wall Hanging,423.07,9,Kolkata,West Bengal,0.79,-0.132,Wedding,2502.05,Wool
Leather & Traditional Craft,Belt,1032.94,5,Bastar,Chhattisgarh,0.613,0.0007,Normal,4695.91,Leather
Woodcraft,Decorative Panel,166.67,14,Srinagar,Jammu and Kashmir,0.497,-0.0301,Normal,1442.18,Wood
Handmade Jewellery,Beaded Jewellery,368.82,3,Jaipur,Rajasthan,0.471,-0.0437,Winter,1627.81,Seed Beads
Leather & Traditional Craft,Footwear,730.4,7,Kolkata,West Bengal,0.612,-0.0895,Normal,3928.86,Leather
Handmade Bags & Accessories,Handbag,443.34,3,Saharanpur,Uttar Pradesh,0.709,-0.0149,Normal,2317.11,Leather
"Bamboo, Cane & Natural Fibre",Storage Box,113.2,4,Assam,Assam,0.543,0.1881,Normal,1831.11,Palm Leaf
Natural / Eco-friendly Crafts,Eco-friendly Packaging,30.0,3,Kondapalli,Andhra Pradesh,0.61,-0.0215,Winter,1469.75,Jute
Ceramics,Bowl,198.62,1,Assam,Assam,0.475,0.1759,Normal,1811.13,Ceramic
"Bamboo, Cane & Natural Fibre",Tray,251.31,3,Thanjavur,Tamil Nadu,0.815,0.0761,Winter,2032.95,Cane
Ceramics,Tableware,251.56,4,Srinagar,Jammu and Kashmir,0.476,-0.0812,Festival,2260.65,Ceramic
Embroidery & Needlecraft,Embroidered Clothing,568.32,11,Jaipur,Rajasthan,0.614,0.0646,Normal,2450.39,Linen
Handmade Home Décor,Decorative Box,32.0,1,Bastar,Chhattisgarh,0.748,0.1757,Monsoon,2303.54,Cane
Natural / Eco-friendly Crafts,Natural-fibre Basket,173.53,1,Narsapur,Andhra Pradesh,0.294,0.0093,Monsoon,990.24,Palm Leaf
Handmade Bags & Accessories,Tote Bag,190.78,5,Kolkata,West Bengal,0.314,0.0434,Normal,1125.82,Jute
Handmade Bags & Accessories,Basket,160.19,5,Madhubani,Bihar,0.761,-0.0044,Summer,2920.99,Jute
Ceramics,Mug,220.62,3,Madhubani,Bihar,0.415,-0.0363,Festival,2550.37,Ceramic
Natural / Eco-friendly Crafts,Coir Product,163.05,2,Narsapur,Andhra Pradesh,0.704,0.0809,Festival,2502.01,Coir
Natural / Eco-friendly Crafts,Handmade Paper Product,186.62,2,Bastar,Chhattisgarh,0.659,-0.023,Normal,1194.67,Handmade Paper
Woodcraft,Decorative Panel,30.0,1,Srikalahasti,Andhra Pradesh,0.392,0.0635,Winter,2741.39,Wood
Ceramics,Mug,248.3,3,Pochampally,Telangana,0.761,-0.0849,Winter,1683.95,Stoneware
Handmade Home Décor,Wall Hanging,221.75,7,Assam,Assam,0.819,0.0998,Normal,2631.51,Bamboo
Handmade Home Décor,Mirror,446.13,5,Kashmir,Jammu and Kashmir,0.619,0.1846,Normal,2528.65,Metal
Natural / Eco-friendly Crafts,Eco-friendly Packaging,128.55,4,Moradabad,Uttar Pradesh,0.304,0.142,Monsoon,1325.97,Banana Fibre
Metal Crafts,Lamp,707.99,8,Kondapalli,Andhra Pradesh,0.408,0.0157,Normal,5947.58,Copper
Metal Crafts,Brassware,1096.19,4,Jaipur,Rajasthan,0.765,0.0177,Normal,6981.14,Brass
"Bamboo, Cane & Natural Fibre",Furniture,383.17,7,Madhubani,Bihar,0.681,0.0141,Festival,2194.56,Cane
Pottery & Terracotta,Terracotta Figurine,137.33,2,Kashmir,Jammu and Kashmir,0.627,-0.048,Festival,1167.1,Clay
Natural / Eco-friendly Crafts,Natural-fibre Basket,162.0,4,Madhubani,Bihar,0.74,0.1837,Normal,1825.5,Palm Leaf
Metal Crafts,Decorative Item,1576.36,7,Channapatna,Karnataka,0.741,-0.067,Normal,7090.18,Brass
Natural / Eco-friendly Crafts,Palm-leaf Product,116.8,3,Pochampally,Telangana,0.305,0.1148,Normal,804.04,Palm Leaf
Handmade Jewellery,Bangles,451.94,3,Narsapur,Andhra Pradesh,0.47,0.0889,Festival,2428.71,Glass
Ceramics,Cup,166.14,2,Madhubani,Bihar,0.678,0.0157,Normal,1511.42,Ceramic
Embroidery & Needlecraft,Quilt,459.71,5,Etikoppaka,Andhra Pradesh,0.667,-0.022,Normal,3347.39,Wool
Pottery & Terracotta,Sculpture,30.0,2,Etikoppaka,Andhra Pradesh,0.37,0.1514,Festival,1324.73,Clay
Handloom & Textiles,Blanket,376.32,10,Srinagar,Jammu and Kashmir,0.372,0.0807,Summer,2768.49,Cotton
Metal Crafts,Brassware,1025.63,8,Bastar,Chhattisgarh,0.753,0.0042,Normal,2815.46,Brass
Ceramics,Mug,100.53,3,Kashmir,Jammu and Kashmir,0.736,0.0566,Festival,2443.04,Stoneware
Woodcraft,Wooden Toy,542.71,13,Kutch,Gujarat,0.632,0.0333,Normal,4174.44,Wood
Pottery & Terracotta,Planter,60.29,1,Moradabad,Uttar Pradesh,0.965,0.185,Monsoon,1854.26,Terracotta
"Bamboo, Cane & Natural Fibre",Basket,176.76,4,Saharanpur,Uttar Pradesh,0.76,0.2154,Festival,1966.22,Palm Leaf
Embroidery & Needlecraft,Table Runner,264.6,11,Khurja,Uttar Pradesh,0.613,0.2332,Normal,2950.15,Linen
Embroidery & Needlecraft,Wall Hanging,520.58,8,Khurja,Uttar Pradesh,0.602,0.0782,Normal,3611.58,Wool
"Bamboo, Cane & Natural Fibre",Lampshade,191.46,3,Srikalahasti,Andhra Pradesh,0.459,0.0524,Normal,2306.68,Bamboo
"Bamboo, Cane & Natural Fibre",Lampshade,283.21,3,Kondapalli,Andhra Pradesh,0.698,0.2853,Winter,2573.65,Jute
Natural / Eco-friendly Crafts,Handmade Paper Product,160.89,3,Saharanpur,Uttar Pradesh,0.375,0.0012,Normal,1842.66,Handmade Paper
Pottery & Terracotta,Vase,51.75,1,Bastar,Chhattisgarh,0.483,0.0618,Wedding,1041.17,Clay
Handmade Jewellery,Metal Jewellery,1149.22,7,Thanjavur,Tamil Nadu,0.614,0.2393,Festival,5780.63,Silver
Natural / Eco-friendly Crafts,Palm-leaf Product,30.0,3,Channapatna,Karnataka,0.787,0.0919,Normal,1078.16,Palm Leaf
Paintings & Art,Handmade Wall Art,224.06,4,Khurja,Uttar Pradesh,0.792,0.0442,Festival,1933.5,Canvas
Embroidery & Needlecraft,Wall Hanging,456.12,11,Kutch,Gujarat,0.796,0.1027,Normal,3788.95,Jute
Pottery & Terracotta,Terracotta Jewellery,79.74,3,Srinagar,Jammu and Kashmir,0.645,0.0968,Festival,1385.88,Clay
Pottery & Terracotta,Decorative Pot,56.82,2,Raghurajpur,Odisha,0.76,0.0921,Normal,1156.95,Terracotta
Handmade Jewellery,Bracelet,902.07,3,Etikoppaka,Andhra Pradesh,0.224,0.0169,Normal,2782.52,Brass
Metal Crafts,Jewellery,1193.21,2,Bastar,Chhattisgarh,0.609,0.0042,Summer,6280.15,Copper
Handmade Toys,Puppet,337.44,2,Kondapalli,Andhra Pradesh,0.367,0.1549,Winter,1209.49,Cotton
Leather & Traditional Craft,Traditional Leather Craft,733.74,5,Srikalahasti,Andhra Pradesh,0.697,-0.0835,Normal,4647.8,Leather
"Bamboo, Cane & Natural Fibre",Lampshade,117.74,3,Jaipur,Rajasthan,0.707,0.0996,Festival,2593.9,Bamboo
Embroidery & Needlecraft,Cushion Cover,482.32,4,Khurja,Uttar Pradesh,0.593,0.0138,Wedding,2478.02,Cotton
Embroidery & Needlecraft,Cushion Cover,367.75,7,Etikoppaka,Andhra Pradesh,0.349,0.077,Normal,3107.99,Cotton
Embroidery & Needlecraft,Quilt,718.87,11,Assam,Assam,0.575,-0.0659,Normal,3958.83,Wool
Handmade Toys,Wooden Toy,110.88,4,Kondapalli,Andhra Pradesh,0.882,0.0172,Festival,1846.5,Wood
Handloom & Textiles,Durrie,328.16,7,Etikoppaka,Andhra Pradesh,0.57,-0.1441,Festival,1939.58,Wool
Metal Crafts,Utensil,1307.48,9,Raghurajpur,Odisha,0.692,0.0214,Winter,6802.92,Copper
Natural / Eco-friendly Crafts,Coir Product,205.39,3,Saharanpur,Uttar Pradesh,0.856,-0.1555,Festival,1664.1,Coir
Handmade Bags & Accessories,Scarf,367.22,3,Etikoppaka,Andhra Pradesh,0.671,0.1702,Normal,2648.78,Linen
Handloom & Textiles,Blanket,645.53,4,Kolkata,West Bengal,0.882,-0.0915,Winter,3869.74,Wool
Handmade Jewellery,Terracotta Jewellery,60.78,2,Bastar,Chhattisgarh,0.577,-0.1878,Normal,2748.02,Terracotta
Pottery & Terracotta,Sculpture,119.08,3,Kashmir,Jammu and Kashmir,0.663,0.0383,Winter,1847.38,Terracotta
"Bamboo, Cane & Natural Fibre",Storage Box,206.7,2,Bhubaneswar,Odisha,0.707,0.004,Normal,1912.86,Bamboo
Paintings & Art,Folk Painting,223.95,6,Channapatna,Karnataka,0.274,0.0751,Normal,925.28,Natural Pigment
Leather & Traditional Craft,Wallet,847.17,6,Thanjavur,Tamil Nadu,0.449,0.0241,Normal,5035.21,Leather
Handmade Toys,Traditional Toy,145.42,4,Kashmir,Jammu and Kashmir,0.584,-0.047,Festival,1367.39,Cloth
Handloom & Textiles,Bedsheet,114.61,6,Thanjavur,Tamil Nadu,0.764,0.0176,Festival,3100.2,Jute
Woodcraft,Tray,622.11,5,Madhubani,Bihar,0.88,0.1553,Festival,3493.31,Wood
"Bamboo, Cane & Natural Fibre",Bag,117.52,3,Madhubani,Bihar,0.597,-0.0337,Winter,1759.03,Bamboo
Natural / Eco-friendly Crafts,Banana-fibre Product,120.21,3,Bastar,Chhattisgarh,0.881,0.1452,Festival,1966.4,Banana Fibre
Natural / Eco-friendly Crafts,Banana-fibre Product,212.3,2,Pochampally,Telangana,0.355,0.0998,Normal,1507.25,Banana Fibre
Metal Crafts,Lamp,1420.31,4,Channapatna,Karnataka,0.849,0.0129,Normal,6502.37,Brass
"Bamboo, Cane & Natural Fibre",Decorative Item,274.85,5,Moradabad,Uttar Pradesh,0.809,-0.063,Winter,2513.49,Cane
Handmade Home Décor,Mirror,218.26,8,Channapatna,Karnataka,0.378,-0.0063,Festival,2666.18,Metal
Handmade Bags & Accessories,Tote Bag,107.92,4,Raghurajpur,Odisha,0.355,-0.0616,Normal,1776.07,Cotton
Metal Crafts,Bell-metal Product,1231.7,11,Bastar,Chhattisgarh,0.652,0.0753,Monsoon,7630.92,Bell Metal
Embroidery & Needlecraft,Table Runner,714.16,5,Kolkata,West Bengal,0.411,0.0952,Festival,2411.31,Silk
Pottery & Terracotta,Clay Lamp,91.67,4,Khurja,Uttar Pradesh,0.627,0.0936,Wedding,1435.76,Terracotta
Metal Crafts,Brassware,1075.49,8,Kashmir,Jammu and Kashmir,0.542,0.067,Normal,5171.34,Brass
"Bamboo, Cane & Natural Fibre",Basket,125.18,5,Channapatna,Karnataka,0.71,0.1475,Normal,1392.57,Palm Leaf
Pottery & Terracotta,Decorative Pot,151.79,2,Srikalahasti,Andhra Pradesh,0.46,-0.0485,Winter,1968.28,Clay
Woodcraft,Wall Décor,745.74,12,Narsapur,Andhra Pradesh,0.621,-0.0167,Monsoon,3274.81,Wood
Woodcraft,Kitchenware,306.61,5,Khurja,Uttar Pradesh,0.787,-0.0049,Festival,3106.87,Wood
Handmade Toys,Puppet,321.74,4,Srikalahasti,Andhra Pradesh,0.544,0.0905,Festival,2057.27,Leather
Handmade Home Décor,Decorative Box,296.71,3,Srinagar,Jammu and Kashmir,0.575,0.2077,Normal,2096.89,Bamboo
Pottery & Terracotta,Kitchenware,158.05,5,Raghurajpur,Odisha,0.828,-0.0491,Normal,1948.16,Terracotta
Natural / Eco-friendly Crafts,Palm-leaf Product,106.07,3,Pochampally,Telangana,0.597,0.0046,Winter,1759.39,Palm Leaf
Embroidery & Needlecraft,Cushion Cover,531.82,11,Madhubani,Bihar,0.537,0.0112,Normal,2730.85,Silk
Metal Crafts,Metal Sculpture,1587.24,9,Bhubaneswar,Odisha,0.543,-0.118,Winter,4910.64,Bell Metal
"Bamboo, Cane & Natural Fibre",Bottle/Container,178.65,5,Srikalahasti,Andhra Pradesh,0.37,0.2242,Normal,1846.56,Bamboo
Natural / Eco-friendly Crafts,Eco-friendly Packaging,30.0,1,Kondapalli,Andhra Pradesh,0.522,-0.0064,Festival,868.89,Palm Leaf
Leather & Traditional Craft,Decorative Leather Product,602.75,5,Madhubani,Bihar,0.299,0.0123,Wedding,2759.66,Leather
Handmade Toys,Puppet,309.18,4,Thanjavur,Tamil Nadu,0.787,0.0455,Normal,2177.79,Cotton
Handmade Jewellery,Beaded Jewellery,260.09,3,Madhubani,Bihar,0.725,0.0758,Normal,3701.7,Wood
Pottery & Terracotta,Terracotta Figurine,42.8,4,Pochampally,Telangana,0.542,0.0276,Normal,1060.93,Clay
"Bamboo, Cane & Natural Fibre",Furniture,121.15,1,Kolkata,West Bengal,0.615,-0.0812,Normal,1064.31,Bamboo
"Bamboo, Cane & Natural Fibre",Storage Box,32.47,6,Narsapur,Andhra Pradesh,0.72,-0.0387,Normal,1289.83,Bamboo
Woodcraft,Wooden Toy,797.15,3,Kondapalli,Andhra Pradesh,0.659,0.1677,Summer,5593.19,Wood
Natural / Eco-friendly Crafts,Coir Product,180.03,5,Bhubaneswar,Odisha,0.883,-0.0889,Normal,1693.74,Coir
Ceramics,Bowl,136.85,3,Bastar,Chhattisgarh,0.666,0.034,Normal,1812.6,Stoneware
Embroidery & Needlecraft,Cushion Cover,149.8,5,Assam,Assam,0.735,0.0302,Normal,2056.63,Cotton
Paintings & Art,Folk Painting,287.3,7,Srinagar,Jammu and Kashmir,0.466,0.1083,Normal,2215.98,Acrylic
Woodcraft,Kitchenware,624.11,13,Bhubaneswar,Odisha,0.804,0.0066,Summer,4292.54,Wood
Pottery & Terracotta,Diya,80.39,3,Madhubani,Bihar,0.55,0.0508,Normal,971.96,Clay
Paintings & Art,Tanjore Painting,336.22,5,Srinagar,Jammu and Kashmir,0.844,0.1875,Festival,2180.34,Acrylic
Metal Crafts,Metal Sculpture,1091.64,10,Assam,Assam,0.565,0.1257,Normal,6717.12,Copper
Natural / Eco-friendly Crafts,Natural-fibre Basket,30.0,3,Kutch,Gujarat,0.696,0.1217,Summer,2439.81,Palm Leaf
Natural / Eco-friendly Crafts,Palm-leaf Product,30.0,2,Moradabad,Uttar Pradesh,0.506,-0.0311,Festival,1321.6,Palm Leaf
Handmade Toys,Wooden Toy,226.25,3,Etikoppaka,Andhra Pradesh,0.604,0.1304,Normal,2306.5,Wood
Pottery & Terracotta,Terracotta Jewellery,105.8,2,Pochampally,Telangana,0.342,0.1887,Normal,1532.96,Clay
Handloom & Textiles,Rug,424.27,3,Channapatna,Karnataka,0.694,-0.0259,Festival,3614.92,Jute
Ceramics,Vase,122.56,4,Bhubaneswar,Odisha,0.597,-0.0224,Summer,2134.97,Ceramic
Natural / Eco-friendly Crafts,Palm-leaf Product,83.73,4,Moradabad,Uttar Pradesh,0.437,0.0434,Normal,985.27,Palm Leaf
Handloom & Textiles,Carpet,406.33,8,Kolkata,West Bengal,0.764,0.0735,Normal,2590.35,Wool
Handmade Home Décor,Table Décor,416.21,2,Raghurajpur,Odisha,0.639,-0.1076,Wedding,3421.78,Ceramic
Handloom & Textiles,Shawl,588.93,10,Khurja,Uttar Pradesh,0.627,0.0502,Summer,2413.44,Cotton
Embroidery & Needlecraft,Cushion Cover,729.44,6,Etikoppaka,Andhra Pradesh,0.519,0.064,Winter,4614.92,Silk
Metal Crafts,Bell-metal Product,1392.54,4,Thanjavur,Tamil Nadu,0.697,0.0709,Normal,8121.59,Bell Metal
Leather & Traditional Craft,Leather Bag,925.39,5,Kondapalli,Andhra Pradesh,0.284,-0.0639,Festival,2977.72,Leather
"Bamboo, Cane & Natural Fibre",Basket,164.4,2,Saharanpur,Uttar Pradesh,0.511,0.012,Festival,2160.98,Bamboo
Metal Crafts,Decorative Item,1181.78,5,Kashmir,Jammu and Kashmir,0.453,-0.0807,Wedding,7563.19,Copper
Natural / Eco-friendly Crafts,Handmade Paper Product,146.03,3,Assam,Assam,0.28,-0.1111,Winter,1201.93,Handmade Paper
Paintings & Art,Gond Art,323.24,9,Kutch,Gujarat,0.394,0.0025,Normal,2986.88,Watercolour
Handloom & Textiles,Bedsheet,449.04,13,Srikalahasti,Andhra Pradesh,0.718,0.1015,Normal,2407.19,Linen
Handmade Toys,Cloth Doll,251.23,4,Assam,Assam,0.637,0.1981,Normal,1720.01,Cotton
Handmade Bags & Accessories,Scarf,494.29,3,Etikoppaka,Andhra Pradesh,0.775,0.045,Festival,2703.42,Silk
Handmade Toys,Stuffed Toy,223.81,6,Narsapur,Andhra Pradesh,0.285,0.2549,Summer,2003.2,Wool
Embroidery & Needlecraft,Embroidered Bag,275.28,5,Thanjavur,Tamil Nadu,0.515,0.0151,Normal,3153.64,Cotton
Handmade Home Décor,Candle,378.21,3,Kondapalli,Andhra Pradesh,0.748,-0.0199,Monsoon,2656.59,Soy Wax
"Bamboo, Cane & Natural Fibre",Storage Box,92.07,4,Kondapalli,Andhra Pradesh,0.378,-0.0559,Winter,1685.49,Bamboo
Handmade Toys,Handmade Game,196.13,3,Saharanpur,Uttar Pradesh,0.637,0.0977,Summer,2260.15,Paper
Handmade Home Décor,Handmade Clock,267.87,4,Pochampally,Telangana,0.663,-0.0211,Normal,2627.85,Bamboo
"Bamboo, Cane & Natural Fibre",Household Product,128.89,4,Bastar,Chhattisgarh,0.579,-0.1542,Normal,1524.09,Cane
Embroidery & Needlecraft,Quilt,91.33,5,Assam,Assam,0.83,0.1194,Normal,1779.35,Cotton
Handmade Home Décor,Sculpture,198.27,3,Saharanpur,Uttar Pradesh,0.673,-0.0996,Normal,1144.73,Clay
Handmade Bags & Accessories,Handmade Belt,411.21,2,Jaipur,Rajasthan,0.884,0.0244,Festival,3312.81,Cotton
Ceramics,Tableware,293.96,1,Bhubaneswar,Odisha,0.573,0.0304,Normal,1663.96,Stoneware
Leather & Traditional Craft,Wallet,1114.1,5,Raghurajpur,Odisha,0.247,0.0346,Normal,2626.84,Leather
Handloom & Textiles,Fabric,235.85,8,Channapatna,Karnataka,0.589,-0.0456,Normal,1880.61,Cotton
Ceramics,Mug,191.23,1,Raghurajpur,Odisha,0.704,0.1393,Summer,1395.7,Stoneware
Handmade Home Décor,Wall Hanging,340.43,4,Khurja,Uttar Pradesh,0.515,-0.027,Normal,3166.62,Cotton
Handmade Toys,Wooden Toy,163.69,2,Thanjavur,Tamil Nadu,0.595,-0.0286,Monsoon,1940.49,Wood
Woodcraft,Wooden Toy,539.09,9,Kashmir,Jammu and Kashmir,0.759,0.024,Normal,3923.72,Wood
Woodcraft,Tray,216.6,12,Jaipur,Rajasthan,0.725,-0.0331,Summer,2987.72,Wood
Embroidery & Needlecraft,Patchwork Product,222.84,11,Assam,Assam,0.937,0.2163,Normal,2612.1,Wool
"Bamboo, Cane & Natural Fibre",Decorative Item,151.51,1,Assam,Assam,0.676,0.2473,Monsoon,1617.1,Cane
Embroidery & Needlecraft,Quilt,442.55,7,Bhubaneswar,Odisha,0.599,-0.0103,Normal,3272.11,Wool
Woodcraft,Wooden Jewellery,471.97,12,Channapatna,Karnataka,0.686,-0.0242,Festival,3947.18,Wood
"Bamboo, Cane & Natural Fibre",Storage Box,141.23,4,Assam,Assam,0.855,0.0334,Normal,2095.32,Palm Leaf
Embroidery & Needlecraft,Table Runner,410.79,3,Kondapalli,Andhra Pradesh,0.663,-0.0746,Festival,2508.26,Silk
Natural / Eco-friendly Crafts,Natural-fibre Basket,153.63,3,Raghurajpur,Odisha,0.721,0.0712,Normal,1935.47,Jute
Woodcraft,Wooden Toy,480.12,3,Raghurajpur,Odisha,0.735,0.0981,Wedding,2973.12,Wood
Ceramics,Cup,184.67,3,Kashmir,Jammu and Kashmir,0.59,0.011,Normal,1218.65,Stoneware
Leather & Traditional Craft,Wallet,918.32,1,Thanjavur,Tamil Nadu,0.821,-0.0852,Normal,2967.3,Leather
Handmade Bags & Accessories,Clutch,281.32,1,Narsapur,Andhra Pradesh,0.539,0.0684,Festival,2585.53,Jute
Handmade Bags & Accessories,Clutch,152.09,3,Bastar,Chhattisgarh,0.241,0.0661,Normal,1887.32,Cotton
Handmade Toys,Puppet,142.96,3,Etikoppaka,Andhra Pradesh,0.701,0.034,Summer,1305.65,Wood
Ceramics,Bowl,142.54,2,Narsapur,Andhra Pradesh,0.713,0.1117,Summer,1425.81,Ceramic
Handmade Toys,Educational Toy,119.85,1,Srikalahasti,Andhra Pradesh,0.297,-0.0379,Normal,1584.7,Cotton
Pottery & Terracotta,Terracotta Jewellery,97.05,2,Kolkata,West Bengal,0.84,-0.0709,Festival,1471.94,Clay
Pottery & Terracotta,Sculpture,110.63,3,Kolkata,West Bengal,0.638,0.0043,Festival,1200.75,Terracotta
Paintings & Art,Pattachitra,346.21,5,Jaipur,Rajasthan,0.489,-0.0105,Monsoon,2468.16,Natural Pigment
Handmade Jewellery,Beaded Jewellery,130.46,3,Srinagar,Jammu and Kashmir,0.626,0.1316,Festival,2756.78,Glass Beads
Handmade Toys,Cloth Doll,282.44,3,Thanjavur,Tamil Nadu,0.864,0.0314,Monsoon,2306.06,Wool
Paintings & Art,Handmade Wall Art,500.26,2,Srikalahasti,Andhra Pradesh,0.541,0.0021,Normal,2748.92,Wood
Pottery & Terracotta,Clay Lamp,185.44,3,Bastar,Chhattisgarh,0.587,0.0663,Normal,1228.57,Terracotta
Metal Crafts,Utensil,1681.82,1,Saharanpur,Uttar Pradesh,0.769,-0.0006,Normal,7626.46,Brass
Handmade Home Décor,Table Décor,148.92,6,Kashmir,Jammu and Kashmir,0.739,0.1269,Festival,3173.99,Clay
Handmade Toys,Cloth Doll,199.45,3,Moradabad,Uttar Pradesh,0.547,-0.0581,Normal,2169.64,Cotton
Handmade Bags & Accessories,Pouch,196.39,5,Etikoppaka,Andhra Pradesh,0.575,0.2624,Summer,3065.28,Jute
Leather & Traditional Craft,Footwear,941.76,4,Srinagar,Jammu and Kashmir,0.779,0.034,Festival,7132.17,Leather
Handloom & Textiles,Stole,445.64,10,Saharanpur,Uttar Pradesh,0.558,-0.0428,Normal,2682.94,Cotton
Natural / Eco-friendly Crafts,Palm-leaf Product,168.68,3,Narsapur,Andhra Pradesh,0.728,0.0181,Summer,1636.02,Palm Leaf
Metal Crafts,Utensil,1450.17,6,Bastar,Chhattisgarh,0.833,0.2181,Monsoon,8237.79,Bell Metal
Paintings & Art,Pattachitra,38.29,5,Madhubani,Bihar,0.751,0.0303,Festival,1802.48,Natural Pigment
"Bamboo, Cane & Natural Fibre",Tray,184.86,4,Bastar,Chhattisgarh,0.412,0.0293,Normal,2028.51,Bamboo
Leather & Traditional Craft,Leather Bag,818.76,8,Moradabad,Uttar Pradesh,0.648,0.004,Normal,2689.35,Leather
Paintings & Art,Handmade Wall Art,351.23,7,Etikoppaka,Andhra Pradesh,0.613,0.1423,Normal,2559.68,Canvas
Natural / Eco-friendly Crafts,Palm-leaf Product,136.04,3,Kutch,Gujarat,0.851,0.0321,Normal,2131.53,Palm Leaf
Handmade Toys,Educational Toy,140.48,1,Srinagar,Jammu and Kashmir,0.696,0.0166,Festival,1834.48,Cotton
"Bamboo, Cane & Natural Fibre",Bag,378.87,6,Etikoppaka,Andhra Pradesh,0.747,-0.0139,Normal,1864.98,Cane
Handmade Jewellery,Necklace,806.38,5,Etikoppaka,Andhra Pradesh,0.752,0.112,Normal,3916.9,Brass
Handmade Bags & Accessories,Accessories,241.39,3,Kashmir,Jammu and Kashmir,0.717,-0.0157,Summer,2240.25,Cotton
Handloom & Textiles,Saree,466.15,5,Kashmir,Jammu and Kashmir,0.511,-0.1137,Normal,2670.0,Wool
Natural / Eco-friendly Crafts,Jute Product,100.49,2,Kolkata,West Bengal,0.677,0.072,Winter,1074.81,Jute
Handloom & Textiles,Rug,559.28,9,Moradabad,Uttar Pradesh,0.512,0.2311,Summer,3314.96,Jute
Natural / Eco-friendly Crafts,Coir Product,202.29,4,Kondapalli,Andhra Pradesh,0.43,-0.0946,Wedding,1672.41,Coir
Handmade Bags & Accessories,Backpack,215.49,3,Raghurajpur,Odisha,0.626,0.0117,Monsoon,2285.4,Canvas
Handmade Home Décor,Mirror,329.79,3,Raghurajpur,Odisha,0.632,0.1257,Winter,2892.87,Metal
"Bamboo, Cane & Natural Fibre",Lampshade,241.93,4,Srikalahasti,Andhra Pradesh,0.737,-0.0905,Wedding,1996.76,Cane
Handmade Bags & Accessories,Backpack,270.01,1,Raghurajpur,Odisha,0.936,-0.0173,Winter,2716.79,Canvas
Leather & Traditional Craft,Decorative Leather Product,686.86,5,Channapatna,Karnataka,0.542,-0.0955,Monsoon,4186.86,Leather
Ceramics,Tableware,162.0,4,Narsapur,Andhra Pradesh,0.67,0.1617,Winter,1377.29,Ceramic
Paintings & Art,Miniature Painting,30.0,3,Channapatna,Karnataka,0.5,-0.0851,Festival,1676.41,Handmade Paper
Natural / Eco-friendly Crafts,Handmade Paper Product,101.51,2,Assam,Assam,0.728,0.1894,Normal,2047.15,Handmade Paper
Handmade Jewellery,Wooden Jewellery,339.98,3,Bhubaneswar,Odisha,0.747,-0.004,Normal,2727.46,Wood
Leather & Traditional Craft,Footwear,755.8,5,Kutch,Gujarat,0.494,0.1917,Normal,4941.5,Leather
Woodcraft,Wall Décor,355.93,4,Narsapur,Andhra Pradesh,0.695,-0.1631,Festival,2692.56,Wood
Metal Crafts,Lamp,964.47,1,Channapatna,Karnataka,0.788,-0.0968,Normal,4735.32,Brass
Woodcraft,Sculpture,187.47,3,Assam,Assam,0.536,-0.0898,Winter,1440.71,Wood
Paintings & Art,Miniature Painting,398.21,1,Thanjavur,Tamil Nadu,0.606,0.0123,Normal,1539.48,Watercolour
Woodcraft,Tray,503.85,11,Kutch,Gujarat,0.717,0.0775,Festival,4906.49,Wood
Ceramics,Tableware,86.87,3,Narsapur,Andhra Pradesh,0.63,-0.0887,Summer,1578.01,Stoneware
Pottery & Terracotta,Clay Lamp,76.86,3,Kolkata,West Bengal,0.762,0.0175,Festival,1675.65,Terracotta
Handmade Jewellery,Bracelet,532.57,4,Bhubaneswar,Odisha,0.774,0.0318,Festival,4005.42,Lac
Handmade Bags & Accessories,Handmade Belt,378.65,5,Channapatna,Karnataka,0.611,0.0679,Monsoon,3320.48,Cotton
Paintings & Art,Miniature Painting,196.34,6,Narsapur,Andhra Pradesh,0.759,-0.0188,Festival,2010.6,Watercolour
Pottery & Terracotta,Clay Pot,30.0,2,Moradabad,Uttar Pradesh,0.635,0.0747,Festival,1466.84,Clay
Metal Crafts,Jewellery,2400.79,11,Saharanpur,Uttar Pradesh,0.673,0.1843,Normal,6143.87,Silver
Woodcraft,Wooden Jewellery,483.83,4,Thanjavur,Tamil Nadu,0.535,0.0302,Normal,3818.04,Wood
Woodcraft,Kitchenware,397.1,6,Narsapur,Andhra Pradesh,0.619,0.1327,Normal,3387.84,Wood
Handmade Bags & Accessories,Clutch,160.67,6,Etikoppaka,Andhra Pradesh,0.579,0.0258,Normal,1882.25,Lac
Handloom & Textiles,Stole,234.82,3,Raghurajpur,Odisha,0.639,0.2313,Normal,3479.46,Cotton
Paintings & Art,Folk Painting,213.55,3,Jaipur,Rajasthan,0.905,0.0526,Winter,3316.67,Watercolour
Woodcraft,Box,384.22,10,Moradabad,Uttar Pradesh,0.888,0.1663,Wedding,4752.1,Wood
"Bamboo, Cane & Natural Fibre",Bag,30.0,4,Srikalahasti,Andhra Pradesh,0.581,0.0851,Normal,2136.92,Bamboo
"Bamboo, Cane & Natural Fibre",Mat,154.01,5,Bastar,Chhattisgarh,0.889,0.0614,Winter,2664.39,Coir
Handloom & Textiles,Scarf,301.92,11,Moradabad,Uttar Pradesh,0.702,-0.0052,Normal,3626.29,Cotton
Handmade Jewellery,Necklace,426.61,5,Narsapur,Andhra Pradesh,0.727,-0.0135,Normal,2362.39,Beads
Paintings & Art,Handmade Wall Art,317.17,5,Assam,Assam,0.487,-0.0187,Normal,2114.03,Canvas
Metal Crafts,Bell-metal Product,1219.84,7,Jaipur,Rajasthan,0.601,0.1695,Normal,6192.71,Bell Metal
Woodcraft,Decorative Panel,314.53,11,Bastar,Chhattisgarh,0.748,-0.0605,Normal,2201.71,Wood
Ceramics,Home Décor,228.63,2,Kolkata,West Bengal,0.455,0.2305,Festival,2141.25,Porcelain
Handmade Bags & Accessories,Wallet,628.12,4,Madhubani,Bihar,0.781,0.0225,Normal,4005.1,Leather
Pottery & Terracotta,Diya,30.0,2,Kashmir,Jammu and Kashmir,0.753,0.0847,Normal,1842.52,Terracotta
Paintings & Art,Handmade Wall Art,495.77,2,Bastar,Chhattisgarh,0.683,0.0512,Wedding,3461.09,Wood
Handmade Home Décor,Lamp,411.85,6,Jaipur,Rajasthan,0.426,-0.0445,Normal,3948.96,Bamboo
Woodcraft,Box,443.15,4,Jaipur,Rajasthan,0.604,-0.0755,Monsoon,3410.12,Wood
Leather & Traditional Craft,Leather Bag,1247.63,5,Kolkata,West Bengal,0.802,0.1462,Normal,3920.42,Leather
Handmade Toys,Wooden Toy,211.41,4,Channapatna,Karnataka,0.58,0.1246,Festival,2157.15,Wood
Leather & Traditional Craft,Leather Bag,678.86,5,Bastar,Chhattisgarh,0.46,-0.0165,Festival,4022.85,Leather
Natural / Eco-friendly Crafts,Jute Product,127.21,4,Srikalahasti,Andhra Pradesh,0.641,-0.0557,Normal,1045.27,Jute
Handmade Home Décor,Lamp,253.16,2,Moradabad,Uttar Pradesh,0.57,0.0394,Normal,1980.98,Bamboo
Handmade Jewellery,Wooden Jewellery,594.96,4,Pochampally,Telangana,0.514,-0.0574,Festival,3169.58,Wood
Pottery & Terracotta,Diya,30.0,3,Bhubaneswar,Odisha,0.322,-0.0212,Normal,628.45,Terracotta
Embroidery & Needlecraft,Patchwork Product,370.04,3,Kashmir,Jammu and Kashmir,0.583,0.25,Normal,1938.39,Wool
Handmade Jewellery,Necklace,677.26,5,Kutch,Gujarat,0.846,0.1321,Normal,2541.07,Brass
Woodcraft,Wooden Toy,420.68,11,Khurja,Uttar Pradesh,0.966,-0.0148,Festival,5168.92,Wood
Embroidery & Needlecraft,Embroidered Bag,637.71,4,Assam,Assam,0.731,-0.0459,Normal,2479.43,Silk
Pottery & Terracotta,Terracotta Figurine,30.0,1,Saharanpur,Uttar Pradesh,0.455,-0.0684,Normal,875.35,Clay
Woodcraft,Wall Décor,213.8,7,Khurja,Uttar Pradesh,0.669,0.0563,Monsoon,2969.11,Wood
Leather & Traditional Craft,Wallet,947.23,8,Srikalahasti,Andhra Pradesh,0.766,0.2039,Normal,5669.65,Leather
Woodcraft,Box,233.16,9,Kondapalli,Andhra Pradesh,0.615,0.1846,Wedding,3437.26,Wood
Pottery & Terracotta,Terracotta Figurine,117.83,3,Narsapur,Andhra Pradesh,0.396,0.1539,Normal,1321.56,Terracotta
Natural / Eco-friendly Crafts,Coir Product,131.34,4,Bhubaneswar,Odisha,0.364,0.0713,Festival,1406.94,Coir
Handmade Toys,Cloth Doll,190.42,1,Assam,Assam,0.533,-0.0264,Monsoon,926.51,Cotton
Handmade Toys,Puppet,204.04,4,Pochampally,Telangana,0.377,0.1602,Wedding,1933.66,Cotton
Embroidery & Needlecraft,Wall Hanging,449.74,7,Etikoppaka,Andhra Pradesh,0.419,0.0934,Wedding,2741.25,Wool
Woodcraft,Box,411.22,13,Khurja,Uttar Pradesh,0.498,0.0077,Normal,3335.29,Wood
Handloom & Textiles,Handwoven Bag,60.54,9,Narsapur,Andhra Pradesh,0.738,0.0478,Normal,1814.58,Cotton
Handmade Bags & Accessories,Basket,217.03,4,Saharanpur,Uttar Pradesh,0.682,0.0034,Winter,1957.13,Cane
Woodcraft,Sculpture,559.95,11,Channapatna,Karnataka,0.583,0.0442,Festival,3074.16,Wood
Natural / Eco-friendly Crafts,Coir Product,188.32,6,Channapatna,Karnataka,0.587,0.1308,Summer,2200.26,Coir
Embroidery & Needlecraft,Patchwork Product,312.77,6,Kolkata,West Bengal,0.729,0.2152,Normal,2323.73,Cotton
Metal Crafts,Brassware,1205.39,5,Kashmir,Jammu and Kashmir,0.659,0.1051,Normal,6217.18,Brass
Pottery & Terracotta,Sculpture,154.9,2,Moradabad,Uttar Pradesh,0.538,-0.0207,Summer,1487.2,Terracotta
Natural / Eco-friendly Crafts,Palm-leaf Product,222.68,5,Thanjavur,Tamil Nadu,0.466,0.0417,Normal,2278.71,Palm Leaf
"Bamboo, Cane & Natural Fibre",Storage Box,30.0,3,Narsapur,Andhra Pradesh,0.614,-0.0679,Normal,2269.39,Palm Leaf
Metal Crafts,Copperware,1217.9,7,Narsapur,Andhra Pradesh,0.725,0.0291,Monsoon,3645.89,Copper
Handmade Bags & Accessories,Clutch,223.06,2,Srikalahasti,Andhra Pradesh,0.681,-0.012,Winter,1713.13,Cotton
Ceramics,Bowl,188.35,2,Channapatna,Karnataka,0.696,0.0335,Winter,1804.5,Stoneware
Embroidery & Needlecraft,Cushion Cover,440.58,2,Khurja,Uttar Pradesh,0.33,0.0584,Normal,1780.61,Linen
Handloom & Textiles,Stole,862.83,5,Raghurajpur,Odisha,0.649,0.1882,Summer,4653.05,Silk
Pottery & Terracotta,Sculpture,30.0,3,Bastar,Chhattisgarh,0.677,0.1579,Winter,1596.98,Terracotta
"Bamboo, Cane & Natural Fibre",Storage Box,276.65,3,Madhubani,Bihar,0.419,-0.0366,Festival,2289.76,Palm Leaf
Handmade Toys,Handmade Game,93.34,6,Kutch,Gujarat,0.537,-0.0142,Normal,1935.36,Paper
Leather & Traditional Craft,Footwear,912.11,6,Moradabad,Uttar Pradesh,0.503,0.0285,Normal,3416.25,Leather
Handloom & Textiles,Dress Material,351.27,8,Narsapur,Andhra Pradesh,0.286,0.0686,Monsoon,3135.72,Cotton
Pottery & Terracotta,Kitchenware,91.46,3,Pochampally,Telangana,0.689,0.0843,Normal,1662.99,Clay
Handmade Home Décor,Table Décor,547.87,6,Khurja,Uttar Pradesh,0.575,0.111,Festival,2517.84,Wood
Paintings & Art,Tanjore Painting,410.69,9,Kolkata,West Bengal,0.599,0.1488,Normal,2126.28,Acrylic
Natural / Eco-friendly Crafts,Jute Product,273.56,2,Bastar,Chhattisgarh,0.699,0.0225,Normal,1928.2,Jute
Handmade Jewellery,Bangles,376.28,1,Kutch,Gujarat,0.617,0.1397,Monsoon,2079.76,Glass
Handmade Jewellery,Bangles,652.55,4,Jaipur,Rajasthan,0.79,0.032,Normal,4188.14,Brass
Handloom & Textiles,Blanket,218.42,12,Jaipur,Rajasthan,0.436,0.1709,Monsoon,3949.27,Cotton
Handmade Home Décor,Sculpture,87.54,6,Etikoppaka,Andhra Pradesh,0.736,0.0308,Winter,2213.56,Clay
Handmade Home Décor,Showpiece,291.96,1,Srinagar,Jammu and Kashmir,0.547,-0.0679,Festival,2128.98,Ceramic
Handmade Home Décor,Lamp,249.96,5,Kutch,Gujarat,0.719,0.0592,Normal,2222.94,Wood
Pottery & Terracotta,Terracotta Jewellery,75.63,3,Thanjavur,Tamil Nadu,0.852,-0.0971,Winter,1449.32,Clay
Metal Crafts,Bell-metal Product,1318.0,7,Assam,Assam,0.534,0.1775,Winter,7521.45,Bell Metal
"Bamboo, Cane & Natural Fibre",Bag,196.94,5,Kondapalli,Andhra Pradesh,0.601,-0.0117,Summer,1969.59,Jute
Handloom & Textiles,Traditional Garment,513.26,9,Kutch,Gujarat,0.914,0.065,Normal,3846.01,Cotton
Handloom & Textiles,Towel,347.27,11,Pochampally,Telangana,0.877,0.1906,Normal,2132.64,Cotton
Metal Crafts,Jewellery,1149.67,10,Bhubaneswar,Odisha,0.768,-0.0566,Normal,7000.59,Copper
Leather & Traditional Craft,Belt,1069.5,5,Channapatna,Karnataka,0.542,0.0818,Normal,3863.8,Leather
Handmade Jewellery,Metal Jewellery,615.65,3,Madhubani,Bihar,0.528,0.0414,Normal,2083.46,Brass
Handmade Jewellery,Bangles,297.3,4,Kashmir,Jammu and Kashmir,0.56,0.096,Normal,1476.83,Glass
Ceramics,Ceramic Jewellery,133.09,2,Raghurajpur,Odisha,0.142,0.0161,Wedding,1775.45,Ceramic
Natural / Eco-friendly Crafts,Banana-fibre Product,114.11,1,Saharanpur,Uttar Pradesh,0.893,-0.0628,Normal,1009.14,Banana Fibre
Handmade Bags & Accessories,Wallet,176.38,5,Thanjavur,Tamil Nadu,0.439,0.0748,Normal,1067.84,Jute
Leather & Traditional Craft,Decorative Leather Product,821.72,10,Bhubaneswar,Odisha,0.729,0.0897,Normal,5472.76,Leather
"Bamboo, Cane & Natural Fibre",Furniture,288.43,4,Channapatna,Karnataka,0.773,0.0827,Summer,2723.22,Cane
Metal Crafts,Bell-metal Product,1506.34,12,Etikoppaka,Andhra Pradesh,0.389,-0.0846,Festival,5053.97,Bell Metal
Metal Crafts,Lamp,1048.74,5,Bhubaneswar,Odisha,0.51,0.0018,Normal,6060.7,Brass
Handloom & Textiles,Traditional Garment,271.59,8,Kolkata,West Bengal,0.439,0.1974,Summer,3621.75,Cotton
Handmade Toys,Educational Toy,118.07,5,Kashmir,Jammu and Kashmir,0.596,-0.1036,Winter,1931.72,Cotton
Woodcraft,Box,370.59,9,Srinagar,Jammu and Kashmir,0.806,-0.0938,Normal,3270.31,Wood
Natural / Eco-friendly Crafts,Palm-leaf Product,108.29,4,Saharanpur,Uttar Pradesh,0.665,0.2189,Wedding,1540.28,Palm Leaf
Handmade Toys,Wooden Toy,95.84,4,Moradabad,Uttar Pradesh,0.496,-0.0493,Winter,1977.91,Wood
Handmade Home Décor,Showpiece,248.02,6,Saharanpur,Uttar Pradesh,0.405,0.1532,Wedding,2136.23,Clay
Natural / Eco-friendly Crafts,Natural-fibre Basket,152.71,2,Moradabad,Uttar Pradesh,0.423,0.0905,Normal,1851.65,Coir
Handmade Jewellery,Bracelet,342.35,3,Pochampally,Telangana,0.526,-0.0339,Normal,3012.37,Lac
Leather & Traditional Craft,Leather Bag,760.8,1,Bhubaneswar,Odisha,0.627,-0.2,Festival,3434.25,Leather
Embroidery & Needlecraft,Wall Hanging,513.03,6,Pochampally,Telangana,0.496,0.0307,Summer,3926.71,Jute
Handmade Jewellery,Handmade Earrings,320.35,5,Bhubaneswar,Odisha,0.577,-0.0372,Winter,3838.53,Lac
Handmade Home Décor,Sculpture,394.83,6,Kashmir,Jammu and Kashmir,0.457,-0.0107,Festival,2310.27,Metal
Metal Crafts,Lamp,1500.69,5,Etikoppaka,Andhra Pradesh,0.645,0.0552,Normal,4255.2,Copper
Embroidery & Needlecraft,Quilt,238.28,6,Saharanpur,Uttar Pradesh,0.397,0.0283,Normal,1993.94,Cotton
Handloom & Textiles,Carpet,241.24,3,Pochampally,Telangana,0.563,-0.094,Normal,1888.81,Jute
Embroidery & Needlecraft,Embroidered Bag,427.74,6,Moradabad,Uttar Pradesh,0.778,0.1209,Wedding,4279.56,Jute
Ceramics,Plate,155.46,3,Moradabad,Uttar Pradesh,0.611,0.0342,Wedding,1527.02,Stoneware
"Bamboo, Cane & Natural Fibre",Bag,329.3,6,Kolkata,West Bengal,0.507,0.1728,Festival,2515.23,Cane
Embroidery & Needlecraft,Quilt,363.34,6,Kutch,Gujarat,0.872,0.1025,Normal,3036.51,Cotton
"Bamboo, Cane & Natural Fibre",Basket,169.03,7,Kutch,Gujarat,0.84,0.2069,Normal,2349.32,Palm Leaf
Embroidery & Needlecraft,Patchwork Product,304.52,12,Thanjavur,Tamil Nadu,0.449,0.0862,Monsoon,1733.49,Cotton
Handmade Toys,Wooden Toy,208.27,1,Jaipur,Rajasthan,0.425,-0.1113,Normal,1047.96,Wood
Natural / Eco-friendly Crafts,Palm-leaf Product,92.59,3,Jaipur,Rajasthan,0.51,0.1956,Normal,1581.06,Palm Leaf
"Bamboo, Cane & Natural Fibre",Basket,259.75,5,Moradabad,Uttar Pradesh,0.457,-0.0131,Normal,2262.9,Bamboo
Handmade Jewellery,Tribal Jewellery,812.36,4,Raghurajpur,Odisha,0.412,0.1812,Monsoon,2535.22,Silver
Woodcraft,Figurine,800.28,6,Saharanpur,Uttar Pradesh,0.396,0.0015,Normal,2547.41,Wood
Leather & Traditional Craft,Wallet,971.26,6,Raghurajpur,Odisha,0.569,0.0923,Normal,3609.93,Leather
"Bamboo, Cane & Natural Fibre",Household Product,99.22,3,Kondapalli,Andhra Pradesh,0.392,0.0916,Normal,1478.0,Bamboo
"Bamboo, Cane & Natural Fibre",Lampshade,75.44,3,Kondapalli,Andhra Pradesh,0.863,0.1533,Monsoon,1961.98,Jute
Ceramics,Ceramic Jewellery,292.92,1,Kutch,Gujarat,0.81,-0.0368,Normal,1726.15,Porcelain
Handmade Home Décor,Decorative Box,309.38,4,Thanjavur,Tamil Nadu,0.679,0.0789,Normal,2056.3,Cane
Leather & Traditional Craft,Traditional Leather Craft,607.69,6,Khurja,Uttar Pradesh,0.805,-0.037,Winter,2635.94,Leather
Woodcraft,Figurine,416.87,7,Jaipur,Rajasthan,0.464,0.076,Winter,4948.54,Wood
Metal Crafts,Metal Sculpture,1456.96,6,Pochampally,Telangana,0.864,0.1486,Festival,4896.98,Copper
Embroidery & Needlecraft,Table Runner,508.92,11,Channapatna,Karnataka,0.717,-0.0107,Normal,3889.83,Cotton
Handloom & Textiles,Shawl,409.39,8,Bastar,Chhattisgarh,0.569,0.0542,Summer,2855.85,Wool
Handmade Jewellery,Bracelet,338.64,6,Khurja,Uttar Pradesh,0.552,0.0205,Normal,3256.88,Lac
Paintings & Art,Sketch,307.93,4,Moradabad,Uttar Pradesh,0.445,0.1907,Normal,1818.69,Graphite
Handloom & Textiles,Blanket,283.38,11,Khurja,Uttar Pradesh,0.245,-0.0637,Festival,1834.35,Cotton
Embroidery & Needlecraft,Embroidered Bag,330.91,6,Bhubaneswar,Odisha,0.702,-0.005,Summer,3719.35,Cotton
Pottery & Terracotta,Vase,208.75,2,Pochampally,Telangana,0.497,0.0088,Normal,1748.64,Terracotta
Handmade Toys,Wooden Toy,329.5,4,Kolkata,West Bengal,0.645,0.2228,Normal,1473.38,Wood
Handmade Bags & Accessories,Scarf,231.13,4,Bastar,Chhattisgarh,0.693,0.0156,Wedding,2048.63,Linen
Paintings & Art,Miniature Painting,446.42,4,Bastar,Chhattisgarh,0.712,-0.112,Monsoon,2488.24,Natural Pigment
Handloom & Textiles,Dupatta,457.01,5,Kashmir,Jammu and Kashmir,0.71,0.1449,Normal,3515.17,Cotton
Paintings & Art,Tanjore Painting,370.83,5,Khurja,Uttar Pradesh,0.615,0.0049,Normal,1832.94,Acrylic
"Bamboo, Cane & Natural Fibre",Bottle/Container,77.8,4,Bastar,Chhattisgarh,0.45,0.0846,Normal,2141.88,Bamboo
Handloom & Textiles,Stole,592.41,10,Moradabad,Uttar Pradesh,0.616,0.0249,Summer,3423.54,Silk
Handmade Bags & Accessories,Wallet,414.01,1,Etikoppaka,Andhra Pradesh,0.6,-0.0296,Summer,2757.6,Cotton
Embroidery & Needlecraft,Quilt,290.31,2,Srikalahasti,Andhra Pradesh,0.746,0.1014,Monsoon,3384.79,Wool
Natural / Eco-friendly Crafts,Jute Product,242.05,4,Narsapur,Andhra Pradesh,0.895,-0.0416,Normal,2408.53,Jute
"Bamboo, Cane & Natural Fibre",Lampshade,143.39,4,Kondapalli,Andhra Pradesh,0.646,0.216,Normal,1911.59,Cane
Pottery & Terracotta,Diya,31.45,2,Narsapur,Andhra Pradesh,0.935,0.1586,Winter,1443.23,Clay
Embroidery & Needlecraft,Patchwork Product,114.07,6,Srikalahasti,Andhra Pradesh,0.735,-0.0458,Normal,2378.67,Cotton
Leather & Traditional Craft,Wallet,704.71,6,Srikalahasti,Andhra Pradesh,0.426,0.0313,Festival,5915.42,Leather
Paintings & Art,Folk Painting,413.12,6,Etikoppaka,Andhra Pradesh,0.642,0.0482,Wedding,3800.1,Acrylic
Handmade Jewellery,Beaded Jewellery,317.0,3,Raghurajpur,Odisha,0.452,-0.1075,Monsoon,2273.27,Seed Beads
Leather & Traditional Craft,Footwear,827.33,6,Thanjavur,Tamil Nadu,0.694,0.0125,Festival,3813.66,Leather
Handmade Home Décor,Dreamcatcher,635.89,5,Kashmir,Jammu and Kashmir,0.855,0.0426,Normal,3888.0,Cotton
Leather & Traditional Craft,Traditional Leather Craft,579.56,6,Bastar,Chhattisgarh,0.537,0.1894,Summer,4416.48,Leather
Metal Crafts,Lamp,898.37,3,Khurja,Uttar Pradesh,0.428,0.155,Festival,5790.51,Brass
Embroidery & Needlecraft,Embroidered Bag,589.26,9,Channapatna,Karnataka,0.543,-0.0001,Normal,2534.22,Silk
Woodcraft,Box,701.01,8,Assam,Assam,0.883,-0.0104,Normal,5689.52,Wood
Handmade Home Décor,Candle,663.33,7,Channapatna,Karnataka,0.443,0.0377,Normal,2334.63,Beeswax
Leather & Traditional Craft,Wallet,661.11,5,Madhubani,Bihar,0.744,0.0935,Wedding,3423.8,Leather
Metal Crafts,Brassware,1368.12,7,Etikoppaka,Andhra Pradesh,0.428,0.0018,Festival,9274.75,Brass
Metal Crafts,Metal Sculpture,1151.16,2,Bhubaneswar,Odisha,0.826,0.0021,Monsoon,7637.14,Brass
Leather & Traditional Craft,Footwear,577.39,10,Channapatna,Karnataka,0.832,0.0129,Wedding,5020.93,Leather
Handmade Toys,Educational Toy,379.53,1,Kondapalli,Andhra Pradesh,0.7,0.0178,Normal,2126.32,Wood
Handmade Jewellery,Handmade Earrings,401.72,3,Kashmir,Jammu and Kashmir,0.563,0.0331,Winter,2126.11,Lac
Metal Crafts,Brassware,1709.98,8,Srinagar,Jammu and Kashmir,0.852,-0.0811,Summer,7678.38,Brass
Metal Crafts,Brassware,1428.85,5,Etikoppaka,Andhra Pradesh,0.583,0.2401,Normal,3210.79,Brass
Pottery & Terracotta,Diya,45.45,3,Channapatna,Karnataka,0.657,0.0291,Normal,996.23,Terracotta
Pottery & Terracotta,Diya,130.62,3,Kutch,Gujarat,0.507,0.0079,Winter,1637.52,Clay
Leather & Traditional Craft,Leather Bag,963.48,3,Saharanpur,Uttar Pradesh,0.801,0.0756,Monsoon,3492.61,Leather
Natural / Eco-friendly Crafts,Jute Product,225.2,3,Thanjavur,Tamil Nadu,0.742,0.2104,Normal,2111.15,Jute
Handloom & Textiles,Blanket,466.17,7,Assam,Assam,0.787,-0.009,Monsoon,1846.53,Cotton
"Bamboo, Cane & Natural Fibre",Basket,80.72,2,Saharanpur,Uttar Pradesh,0.72,0.0009,Festival,1608.38,Palm Leaf
Handmade Jewellery,Handmade Earrings,155.98,3,Pochampally,Telangana,0.751,-0.0681,Normal,3324.33,Beads
Handmade Toys,Cloth Doll,227.98,1,Thanjavur,Tamil Nadu,0.733,-0.0204,Winter,2242.42,Wool
Leather & Traditional Craft,Footwear,729.82,8,Bhubaneswar,Odisha,0.332,0.0398,Wedding,5657.2,Leather
Handloom & Textiles,Carpet,339.18,9,Srikalahasti,Andhra Pradesh,0.59,0.1365,Summer,1970.35,Cotton
"Bamboo, Cane & Natural Fibre",Mat,95.31,4,Srinagar,Jammu and Kashmir,0.391,-0.1452,Festival,1245.85,Cane
Metal Crafts,Decorative Item,802.13,7,Kutch,Gujarat,0.656,0.0441,Normal,5268.31,Copper
Ceramics,Decorative Piece,59.16,2,Kolkata,West Bengal,0.749,0.3,Normal,1408.16,Stoneware
Ceramics,Ceramic Jewellery,284.35,3,Channapatna,Karnataka,0.713,0.0382,Winter,2323.81,Porcelain
"Bamboo, Cane & Natural Fibre",Basket,209.94,4,Srinagar,Jammu and Kashmir,0.689,0.0587,Summer,2292.5,Palm Leaf
Leather & Traditional Craft,Decorative Leather Product,740.43,7,Narsapur,Andhra Pradesh,0.613,0.1407,Normal,3465.4,Leather
Paintings & Art,Handmade Wall Art,165.04,10,Moradabad,Uttar Pradesh,0.887,-0.0002,Festival,3507.54,Wood
Pottery & Terracotta,Sculpture,143.51,3,Khurja,Uttar Pradesh,0.799,0.0001,Winter,1583.82,Terracotta
Paintings & Art,Pattachitra,327.71,11,Etikoppaka,Andhra Pradesh,0.917,0.1272,Winter,1769.05,Handmade Paper
"Bamboo, Cane & Natural Fibre",Lampshade,248.09,1,Srikalahasti,Andhra Pradesh,0.52,-0.0826,Normal,1510.94,Bamboo
Metal Crafts,Lamp,998.99,4,Bhubaneswar,Odisha,0.652,0.1459,Normal,3665.54,Brass
Metal Crafts,Jewellery,2015.06,4,Madhubani,Bihar,0.722,0.1263,Festival,7168.56,Silver
"Bamboo, Cane & Natural Fibre",Bag,197.63,5,Kashmir,Jammu and Kashmir,0.567,-0.0255,Summer,2103.63,Jute
Handmade Bags & Accessories,Backpack,351.0,5,Pochampally,Telangana,0.809,-0.0401,Normal,3072.89,Leather
Metal Crafts,Utensil,1153.54,8,Saharanpur,Uttar Pradesh,0.786,-0.1644,Normal,3867.94,Copper
Handmade Bags & Accessories,Handbag,150.11,1,Narsapur,Andhra Pradesh,0.594,-0.0676,Normal,1523.84,Jute
Metal Crafts,Bell-metal Product,1409.49,6,Kashmir,Jammu and Kashmir,0.827,-0.0977,Normal,6179.31,Bell Metal
Embroidery & Needlecraft,Embroidered Clothing,514.49,3,Pochampally,Telangana,0.731,-0.0024,Festival,3359.86,Linen
Handmade Bags & Accessories,Handmade Belt,499.37,1,Kashmir,Jammu and Kashmir,0.73,-0.0278,Normal,2074.28,Leather
"Bamboo, Cane & Natural Fibre",Household Product,160.23,3,Jaipur,Rajasthan,0.431,-0.0537,Normal,1133.58,Bamboo
Handmade Home Décor,Decorative Box,65.9,4,Srinagar,Jammu and Kashmir,0.509,0.0006,Normal,2241.22,Cane
Woodcraft,Furniture,749.85,8,Bastar,Chhattisgarh,0.8,0.012,Normal,3486.34,Sheesham Wood
Metal Crafts,Metal Sculpture,1414.44,6,Moradabad,Uttar Pradesh,0.878,0.2195,Normal,4518.52,Bell Metal
Pottery & Terracotta,Terracotta Jewellery,80.89,3,Channapatna,Karnataka,0.611,0.0058,Winter,1339.56,Terracotta
Embroidery & Needlecraft,Cushion Cover,278.96,6,Narsapur,Andhra Pradesh,0.7,-0.0366,Normal,3372.64,Cotton
"Bamboo, Cane & Natural Fibre",Lampshade,254.9,4,Khurja,Uttar Pradesh,0.771,0.0409,Summer,1606.11,Cane
Woodcraft,Kitchenware,557.91,7,Bastar,Chhattisgarh,0.619,-0.1436,Summer,4464.07,Wood
Ceramics,Ceramic Jewellery,337.91,4,Assam,Assam,0.731,0.0745,Normal,2787.78,Porcelain
Handmade Toys,Stuffed Toy,30.0,3,Khurja,Uttar Pradesh,0.563,0.0523,Summer,985.36,Cotton
Handmade Home Décor,Sculpture,458.64,8,Narsapur,Andhra Pradesh,0.701,-0.021,Normal,3053.52,Wood
Handloom & Textiles,Bedsheet,458.27,7,Kolkata,West Bengal,0.667,0.1018,Festival,2716.12,Linen
Pottery & Terracotta,Kitchenware,120.91,3,Raghurajpur,Odisha,0.41,0.0148,Normal,1631.94,Clay
Handmade Jewellery,Lac Jewellery,360.45,4,Kolkata,West Bengal,0.682,0.0508,Wedding,2289.03,Lac
Woodcraft,Figurine,874.09,10,Etikoppaka,Andhra Pradesh,0.607,-0.129,Normal,3997.3,Wood
"Bamboo, Cane & Natural Fibre",Household Product,145.86,4,Kutch,Gujarat,0.609,0.0655,Wedding,1190.17,Cane
Paintings & Art,Madhubani Painting,132.58,10,Narsapur,Andhra Pradesh,0.353,-0.0165,Normal,1103.42,Natural Pigment
Natural / Eco-friendly Crafts,Natural-fibre Basket,246.91,1,Assam,Assam,0.363,0.0232,Monsoon,1798.02,Jute
Handmade Jewellery,Lac Jewellery,223.3,1,Srinagar,Jammu and Kashmir,0.721,-0.0497,Normal,2949.39,Lac
Handmade Bags & Accessories,Handbag,267.34,3,Etikoppaka,Andhra Pradesh,0.702,0.091,Normal,3382.66,Cotton
Embroidery & Needlecraft,Table Runner,174.19,2,Moradabad,Uttar Pradesh,0.752,0.2091,Summer,2651.52,Cotton
Pottery & Terracotta,Diya,85.39,1,Madhubani,Bihar,0.655,0.2262,Normal,1409.8,Clay
Natural / Eco-friendly Crafts,Palm-leaf Product,210.06,1,Srinagar,Jammu and Kashmir,0.628,-0.05,Wedding,2214.0,Palm Leaf
Natural / Eco-friendly Crafts,Palm-leaf Product,180.51,4,Srikalahasti,Andhra Pradesh,0.614,0.2909,Normal,1820.43,Palm Leaf
"Bamboo, Cane & Natural Fibre",Bag,110.81,4,Channapatna,Karnataka,0.907,-0.0258,Winter,2401.97,Jute
Embroidery & Needlecraft,Wall Hanging,327.95,5,Srikalahasti,Andhra Pradesh,0.712,0.0335,Summer,1928.8,Cotton
Handmade Home Décor,Decorative Box,390.93,5,Srikalahasti,Andhra Pradesh,0.409,-0.1079,Winter,2802.77,Wood
Pottery & Terracotta,Decorative Pot,30.0,4,Srinagar,Jammu and Kashmir,0.437,0.1079,Monsoon,904.88,Terracotta
Handmade Bags & Accessories,Accessories,108.63,2,Pochampally,Telangana,0.43,0.0565,Festival,1155.99,Jute
Ceramics,Tableware,240.83,2,Srinagar,Jammu and Kashmir,0.349,0.1656,Normal,1835.05,Ceramic
Woodcraft,Wall Décor,412.52,6,Srinagar,Jammu and Kashmir,0.735,-0.0196,Festival,3470.7,Wood
"Bamboo, Cane & Natural Fibre",Basket,212.32,3,Bhubaneswar,Odisha,0.698,0.1212,Festival,1709.73,Palm Leaf
Natural / Eco-friendly Crafts,Coir Product,30.0,2,Saharanpur,Uttar Pradesh,0.742,0.011,Normal,1110.54,Coir
Natural / Eco-friendly Crafts,Handmade Paper Product,253.64,2,Bhubaneswar,Odisha,0.847,-0.0374,Normal,1958.03,Handmade Paper
Handmade Toys,Wooden Toy,321.41,4,Srikalahasti,Andhra Pradesh,0.264,-0.1002,Summer,2297.51,Wood
Handmade Toys,Educational Toy,133.07,2,Khurja,Uttar Pradesh,0.483,0.1065,Normal,1315.26,Cotton
Handmade Jewellery,Beaded Jewellery,239.69,5,Thanjavur,Tamil Nadu,0.761,0.0771,Monsoon,2897.98,Seed Beads
Handmade Jewellery,Handmade Earrings,370.56,4,Kolkata,West Bengal,0.644,0.0467,Normal,3313.65,Terracotta
Handmade Toys,Puppet,246.18,4,Pochampally,Telangana,0.522,-0.0608,Normal,1670.26,Cotton
Natural / Eco-friendly Crafts,Jute Product,30.0,5,Khurja,Uttar Pradesh,0.711,0.2293,Monsoon,1644.97,Jute
Handmade Toys,Wooden Toy,217.62,4,Moradabad,Uttar Pradesh,0.376,0.1106,Normal,1097.09,Wood
Handmade Toys,Stuffed Toy,232.1,2,Srikalahasti,Andhra Pradesh,0.782,0.1236,Winter,2678.4,Jute
Handmade Toys,Cloth Doll,248.92,2,Narsapur,Andhra Pradesh,0.824,0.0263,Normal,2462.81,Wool
Leather & Traditional Craft,Decorative Leather Product,947.65,3,Channapatna,Karnataka,0.652,0.0022,Winter,3893.94,Leather
Handmade Bags & Accessories,Wallet,477.94,5,Saharanpur,Uttar Pradesh,0.754,-0.0091,Summer,2707.38,Cotton
Natural / Eco-friendly Crafts,Jute Product,230.56,4,Pochampally,Telangana,0.688,0.1172,Winter,1648.21,Jute
Pottery & Terracotta,Planter,30.0,3,Kondapalli,Andhra Pradesh,0.397,-0.2,Winter,665.42,Clay
Natural / Eco-friendly Crafts,Handmade Paper Product,196.57,5,Kondapalli,Andhra Pradesh,0.846,0.1396,Normal,2668.88,Handmade Paper
Handloom & Textiles,Durrie,569.57,6,Raghurajpur,Odisha,0.783,0.0972,Normal,1869.38,Wool
Pottery & Terracotta,Kitchenware,148.92,1,Raghurajpur,Odisha,0.757,0.0215,Normal,1425.14,Terracotta
"Bamboo, Cane & Natural Fibre",Storage Box,217.79,2,Bhubaneswar,Odisha,0.634,0.0511,Wedding,2358.83,Cane
Embroidery & Needlecraft,Wall Hanging,552.17,8,Assam,Assam,0.81,0.1137,Summer,4777.4,Wool
Woodcraft,Wooden Jewellery,784.24,3,Narsapur,Andhra Pradesh,0.45,-0.0656,Normal,5001.53,Wood
Paintings & Art,Phad Painting,293.99,6,Kolkata,West Bengal,0.627,0.1563,Normal,3113.9,Watercolour
Metal Crafts,Bell-metal Product,1377.72,7,Khurja,Uttar Pradesh,0.638,0.1486,Winter,7567.07,Bell Metal
Handmade Home Décor,Handmade Clock,215.45,3,Jaipur,Rajasthan,0.673,0.0107,Normal,1366.11,Bamboo
Handmade Bags & Accessories,Basket,317.98,1,Khurja,Uttar Pradesh,0.347,-0.0517,Festival,1163.08,Cane
Handmade Home Décor,Decorative Box,312.74,4,Jaipur,Rajasthan,0.571,0.1832,Normal,2070.02,Cane
Metal Crafts,Metal Sculpture,1217.21,6,Bastar,Chhattisgarh,0.508,0.1243,Monsoon,5876.01,Brass
Woodcraft,Wooden Toy,400.95,7,Raghurajpur,Odisha,0.594,0.279,Normal,3045.24,Wood
Natural / Eco-friendly Crafts,Banana-fibre Product,233.29,3,Assam,Assam,0.69,0.142,Normal,1384.57,Banana Fibre
Paintings & Art,Tanjore Painting,802.11,5,Moradabad,Uttar Pradesh,0.514,-0.0145,Winter,4241.79,Gold Leaf
Paintings & Art,Madhubani Painting,295.52,5,Raghurajpur,Odisha,0.325,0.0406,Summer,1370.23,Acrylic
"Bamboo, Cane & Natural Fibre",Bottle/Container,211.61,3,Raghurajpur,Odisha,0.565,0.1296,Wedding,2792.04,Bamboo
Woodcraft,Kitchenware,616.16,9,Moradabad,Uttar Pradesh,0.808,0.2086,Normal,3450.87,Wood
Leather & Traditional Craft,Leather Bag,746.84,1,Srinagar,Jammu and Kashmir,0.799,-0.069,Normal,2977.37,Leather
Leather & Traditional Craft,Belt,713.52,6,Kutch,Gujarat,0.865,0.1077,Normal,5101.21,Leather
Handmade Home Décor,Lamp,417.95,3,Moradabad,Uttar Pradesh,0.856,-0.017,Normal,4079.18,Bamboo
Embroidery & Needlecraft,Patchwork Product,463.41,9,Kashmir,Jammu and Kashmir,0.675,0.0517,Normal,3474.68,Linen
Handmade Jewellery,Tribal Jewellery,571.17,4,Moradabad,Uttar Pradesh,0.773,-0.0265,Winter,2408.76,Brass
Handmade Toys,Handmade Game,164.32,3,Khurja,Uttar Pradesh,0.821,-0.0142,Monsoon,2122.29,Cloth
Paintings & Art,Kalamkari,603.45,6,Kondapalli,Andhra Pradesh,0.724,0.1528,Summer,2907.32,Silk
"Bamboo, Cane & Natural Fibre",Bottle/Container,79.17,1,Narsapur,Andhra Pradesh,0.431,-0.0118,Normal,1824.67,Bamboo
Embroidery & Needlecraft,Cushion Cover,589.61,5,Srikalahasti,Andhra Pradesh,0.897,0.172,Wedding,2857.41,Linen
Ceramics,Mug,205.16,2,Raghurajpur,Odisha,0.785,0.1543,Winter,1832.31,Stoneware
Leather & Traditional Craft,Traditional Leather Craft,860.59,1,Thanjavur,Tamil Nadu,0.647,-0.1124,Festival,3184.15,Leather
Paintings & Art,Phad Painting,407.09,5,Srikalahasti,Andhra Pradesh,0.75,-0.075,Normal,1615.29,Cotton
Handmade Toys,Cloth Doll,325.09,4,Etikoppaka,Andhra Pradesh,0.629,0.2207,Summer,1855.97,Wool
Woodcraft,Wall Décor,352.06,2,Madhubani,Bihar,0.362,-0.093,Winter,1552.28,Wood
Metal Crafts,Copperware,1226.95,6,Thanjavur,Tamil Nadu,0.558,-0.058,Wedding,4454.6,Copper
Leather & Traditional Craft,Decorative Leather Product,629.73,5,Kolkata,West Bengal,0.6,-0.0054,Normal,3300.65,Leather
Handloom & Textiles,Scarf,590.39,7,Jaipur,Rajasthan,0.512,0.0614,Wedding,3098.88,Wool
Metal Crafts,Metal Sculpture,1437.93,4,Madhubani,Bihar,0.817,0.046,Normal,5023.15,Copper
Woodcraft,Sculpture,469.64,6,Bhubaneswar,Odisha,0.534,0.0112,Normal,4016.62,Wood
Embroidery & Needlecraft,Patchwork Product,383.35,5,Assam,Assam,0.539,0.1832,Normal,3465.7,Cotton
"Bamboo, Cane & Natural Fibre",Basket,145.4,3,Pochampally,Telangana,0.588,0.144,Normal,1810.41,Jute
Natural / Eco-friendly Crafts,Palm-leaf Product,82.77,2,Srinagar,Jammu and Kashmir,0.353,-0.0011,Normal,1650.26,Palm Leaf
Handmade Jewellery,Necklace,739.22,3,Srikalahasti,Andhra Pradesh,0.832,0.1533,Normal,3649.13,Brass
Paintings & Art,Kalamkari,489.53,5,Raghurajpur,Odisha,0.651,-0.1792,Festival,2988.32,Natural Dye
Embroidery & Needlecraft,Quilt,284.07,6,Pochampally,Telangana,0.623,0.071,Festival,3213.66,Cotton
Metal Crafts,Utensil,606.48,5,Kondapalli,Andhra Pradesh,0.699,0.1235,Normal,2205.06,Bell Metal
Handmade Bags & Accessories,Accessories,106.77,3,Narsapur,Andhra Pradesh,0.631,-0.0418,Festival,2493.24,Jute
Woodcraft,Tray,502.14,6,Channapatna,Karnataka,0.468,0.0599,Normal,3866.37,Wood
Handmade Toys,Handmade Game,212.08,3,Channapatna,Karnataka,0.736,0.0686,Summer,2432.81,Paper
Natural / Eco-friendly Crafts,Eco-friendly Packaging,88.28,4,Etikoppaka,Andhra Pradesh,0.728,-0.075,Summer,1642.28,Palm Leaf
Handmade Home Décor,Lamp,90.34,6,Thanjavur,Tamil Nadu,0.552,0.0804,Winter,3052.45,Clay
Pottery & Terracotta,Planter,202.93,2,Pochampally,Telangana,0.557,0.1873,Summer,2014.57,Clay
Woodcraft,Box,661.75,6,Khurja,Uttar Pradesh,0.498,0.0433,Normal,3713.41,Wood
Metal Crafts,Metal Sculpture,538.39,8,Pochampally,Telangana,0.578,0.0205,Festival,5528.42,Copper
Handloom & Textiles,Shawl,786.29,6,Moradabad,Uttar Pradesh,0.424,0.2011,Wedding,3163.8,Silk
Handmade Jewellery,Beaded Jewellery,454.32,5,Etikoppaka,Andhra Pradesh,0.512,0.0238,Normal,3641.95,Seed Beads
Leather & Traditional Craft,Footwear,640.92,5,Narsapur,Andhra Pradesh,0.69,0.0594,Wedding,3298.37,Leather
Handmade Bags & Accessories,Scarf,586.33,3,Raghurajpur,Odisha,0.566,-0.0018,Wedding,3655.29,Silk
Handmade Toys,Cloth Doll,148.91,2,Moradabad,Uttar Pradesh,0.578,0.0845,Normal,1237.54,Cotton
Handmade Home Décor,Wall Hanging,312.98,3,Etikoppaka,Andhra Pradesh,0.301,0.0335,Festival,1298.89,Bamboo
Handmade Toys,Handmade Game,204.53,5,Kashmir,Jammu and Kashmir,0.76,0.1284,Festival,2018.31,Paper
Embroidery & Needlecraft,Table Runner,351.23,6,Jaipur,Rajasthan,0.803,0.0396,Normal,2228.6,Cotton
Handmade Home Décor,Wall Hanging,121.87,4,Kondapalli,Andhra Pradesh,0.539,0.0704,Winter,1875.24,Cotton
Ceramics,Bowl,111.61,4,Srikalahasti,Andhra Pradesh,0.435,0.045,Normal,1193.15,Stoneware
Handmade Home Décor,Wall Hanging,195.2,4,Moradabad,Uttar Pradesh,0.423,0.0437,Normal,3284.66,Jute
Ceramics,Bowl,122.76,3,Thanjavur,Tamil Nadu,0.41,-0.0731,Festival,950.92,Ceramic
Handmade Bags & Accessories,Accessories,464.74,3,Etikoppaka,Andhra Pradesh,0.291,0.2052,Winter,2698.86,Leather
Handloom & Textiles,Shawl,411.55,10,Raghurajpur,Odisha,0.733,0.3,Monsoon,2982.52,Cotton
Handmade Bags & Accessories,Handbag,244.83,4,Thanjavur,Tamil Nadu,0.407,0.1013,Monsoon,2440.08,Cotton
Leather & Traditional Craft,Traditional Leather Craft,603.79,6,Srinagar,Jammu and Kashmir,0.668,-0.035,Monsoon,2890.29,Leather
Pottery & Terracotta,Terracotta Figurine,85.09,3,Pochampally,Telangana,0.69,0.1244,Normal,1404.08,Clay
Handmade Toys,Educational Toy,101.51,4,Madhubani,Bihar,0.716,0.131,Festival,2420.9,Cotton
Pottery & Terracotta,Kitchenware,30.0,3,Narsapur,Andhra Pradesh,0.342,0.1882,Summer,1035.76,Terracotta
Handmade Jewellery,Lac Jewellery,257.45,4,Etikoppaka,Andhra Pradesh,0.579,0.0204,Normal,2629.84,Lac
Natural / Eco-friendly Crafts,Eco-friendly Packaging,124.07,2,Moradabad,Uttar Pradesh,0.637,0.0221,Festival,1505.97,Banana Fibre
Pottery & Terracotta,Vase,101.77,4,Raghurajpur,Odisha,0.375,0.0726,Winter,1316.07,Clay
Handmade Jewellery,Wooden Jewellery,478.1,6,Madhubani,Bihar,0.315,0.0903,Normal,2551.03,Wood
"Bamboo, Cane & Natural Fibre",Household Product,115.5,3,Saharanpur,Uttar Pradesh,0.283,0.0502,Festival,1238.58,Jute
Leather & Traditional Craft,Belt,871.31,7,Kashmir,Jammu and Kashmir,0.939,0.1931,Festival,6757.97,Leather
Ceramics,Plate,341.18,1,Kashmir,Jammu and Kashmir,0.819,0.0117,Festival,2543.88,Ceramic
Handmade Bags & Accessories,Handbag,513.74,3,Kondapalli,Andhra Pradesh,0.638,-0.0308,Normal,2216.2,Leather
Ceramics,Plate,234.49,4,Narsapur,Andhra Pradesh,0.749,-0.0702,Normal,1440.79,Ceramic
Ceramics,Tableware,116.89,3,Channapatna,Karnataka,0.305,0.1355,Winter,1393.68,Ceramic
Embroidery & Needlecraft,Embroidered Clothing,454.78,10,Srikalahasti,Andhra Pradesh,0.72,-0.17,Winter,3475.31,Linen
Handloom & Textiles,Saree,672.19,10,Saharanpur,Uttar Pradesh,0.856,0.2146,Normal,2685.09,Wool
Embroidery & Needlecraft,Cushion Cover,211.3,7,Assam,Assam,0.527,0.0083,Normal,3727.35,Linen
"Bamboo, Cane & Natural Fibre",Mat,231.48,3,Assam,Assam,0.708,-0.136,Normal,2327.19,Cane
Ceramics,Cup,119.65,3,Kashmir,Jammu and Kashmir,0.373,-0.0858,Monsoon,1574.91,Ceramic
Natural / Eco-friendly Crafts,Handmade Paper Product,253.74,3,Thanjavur,Tamil Nadu,0.278,0.0191,Normal,903.06,Handmade Paper
Pottery & Terracotta,Kitchenware,34.95,3,Bastar,Chhattisgarh,0.615,0.1614,Festival,927.37,Clay
Woodcraft,Sculpture,519.75,9,Thanjavur,Tamil Nadu,0.298,0.155,Normal,1948.87,Wood
Pottery & Terracotta,Planter,195.37,3,Etikoppaka,Andhra Pradesh,0.314,0.2339,Normal,1352.93,Terracotta
Handmade Bags & Accessories,Basket,86.0,6,Kutch,Gujarat,0.78,0.0919,Monsoon,1450.26,Bamboo
Handmade Jewellery,Tribal Jewellery,1292.9,3,Kashmir,Jammu and Kashmir,0.272,0.1376,Normal,5401.41,Silver
Natural / Eco-friendly Crafts,Banana-fibre Product,162.7,1,Assam,Assam,0.587,0.1449,Normal,1494.6,Banana Fibre
Handmade Toys,Educational Toy,205.48,3,Moradabad,Uttar Pradesh,0.693,0.1349,Winter,2802.27,Wood
Ceramics,Ceramic Jewellery,176.23,3,Saharanpur,Uttar Pradesh,0.451,0.2365,Normal,1551.86,Ceramic
Pottery & Terracotta,Kitchenware,117.45,2,Saharanpur,Uttar Pradesh,0.627,-0.002,Normal,1665.42,Clay
Ceramics,Plate,201.76,2,Channapatna,Karnataka,0.606,0.0745,Normal,1496.68,Stoneware
Metal Crafts,Metal Sculpture,1252.45,6,Bastar,Chhattisgarh,0.659,0.2443,Festival,8001.57,Copper
Pottery & Terracotta,Clay Lamp,168.93,2,Thanjavur,Tamil Nadu,0.594,0.0289,Festival,1570.42,Terracotta
Natural / Eco-friendly Crafts,Coir Product,201.07,1,Bastar,Chhattisgarh,0.449,0.2168,Festival,2543.52,Coir
Metal Crafts,Jewellery,1320.88,5,Etikoppaka,Andhra Pradesh,0.698,0.0962,Normal,5656.74,Brass
Ceramics,Tableware,285.49,2,Narsapur,Andhra Pradesh,0.355,0.2118,Normal,1251.79,Stoneware
Pottery & Terracotta,Vase,47.93,1,Kutch,Gujarat,0.739,0.0396,Normal,939.81,Clay
Woodcraft,Wooden Toy,554.0,10,Saharanpur,Uttar Pradesh,0.714,0.0759,Festival,3381.14,Wood
Handmade Home Décor,Table Décor,486.13,5,Srikalahasti,Andhra Pradesh,0.284,0.0481,Normal,2216.02,Wood
Pottery & Terracotta,Sculpture,30.0,2,Etikoppaka,Andhra Pradesh,0.547,0.0361,Summer,760.46,Clay
Leather & Traditional Craft,Wallet,554.14,9,Narsapur,Andhra Pradesh,0.572,0.0179,Normal,3634.1,Leather
Handmade Home Décor,Lamp,265.23,4,Madhubani,Bihar,0.587,0.0241,Wedding,2362.94,Clay
Natural / Eco-friendly Crafts,Banana-fibre Product,256.81,4,Thanjavur,Tamil Nadu,0.762,0.0714,Normal,2236.98,Banana Fibre
Handmade Bags & Accessories,Clutch,232.53,4,Srinagar,Jammu and Kashmir,0.299,0.1418,Summer,1384.63,Lac
Paintings & Art,Miniature Painting,90.7,5,Etikoppaka,Andhra Pradesh,0.8,0.1617,Normal,2322.8,Natural Pigment
Handmade Toys,Puppet,260.89,3,Thanjavur,Tamil Nadu,0.697,0.0492,Normal,1893.64,Cotton
Handloom & Textiles,Saree,528.07,13,Channapatna,Karnataka,0.696,0.0292,Summer,2514.62,Wool
Pottery & Terracotta,Terracotta Figurine,57.82,2,Srinagar,Jammu and Kashmir,0.532,0.0543,Normal,1158.4,Terracotta
Handmade Bags & Accessories,Basket,273.61,4,Saharanpur,Uttar Pradesh,0.725,-0.1275,Festival,2217.31,Cane
Metal Crafts,Jewellery,2304.68,2,Narsapur,Andhra Pradesh,0.616,0.0339,Festival,8259.74,Silver
Handmade Jewellery,Beaded Jewellery,199.25,4,Srikalahasti,Andhra Pradesh,0.342,0.0817,Monsoon,1573.97,Seed Beads
Woodcraft,Tray,736.79,6,Kolkata,West Bengal,0.73,0.011,Normal,2404.89,Wood
Metal Crafts,Brassware,1225.81,7,Thanjavur,Tamil Nadu,0.627,0.0443,Festival,5028.19,Brass
Handmade Home Décor,Wall Hanging,397.82,5,Kolkata,West Bengal,0.231,0.2164,Wedding,2484.76,Bamboo
Ceramics,Cup,158.96,2,Srinagar,Jammu and Kashmir,0.312,0.021,Summer,2116.93,Stoneware
Leather & Traditional Craft,Wallet,770.67,5,Narsapur,Andhra Pradesh,0.594,-0.0199,Winter,2472.07,Leather
Handmade Home Décor,Wall Hanging,30.0,6,Etikoppaka,Andhra Pradesh,0.733,0.1987,Normal,1289.48,Jute
"Bamboo, Cane & Natural Fibre",Tray,59.47,6,Srinagar,Jammu and Kashmir,0.693,0.0697,Normal,1759.4,Palm Leaf
Handmade Jewellery,Bracelet,353.02,3,Kolkata,West Bengal,0.761,-0.0472,Normal,2195.74,Beads
Pottery & Terracotta,Clay Pot,148.93,4,Pochampally,Telangana,0.604,0.0319,Summer,1205.98,Terracotta
Handloom & Textiles,Blanket,568.02,6,Bastar,Chhattisgarh,0.834,-0.0003,Festival,3461.24,Cotton
Leather & Traditional Craft,Footwear,1094.12,2,Pochampally,Telangana,0.709,0.0623,Wedding,3653.26,Leather
Handmade Home Décor,Sculpture,206.16,4,Pochampally,Telangana,0.584,0.3,Festival,2585.69,Metal
Handmade Jewellery,Beaded Jewellery,360.55,4,Assam,Assam,0.523,0.0762,Festival,2288.05,Seed Beads
Pottery & Terracotta,Diya,162.96,2,Raghurajpur,Odisha,0.682,0.0536,Summer,1433.25,Terracotta
Woodcraft,Box,426.91,6,Kutch,Gujarat,0.547,0.0154,Normal,3969.58,Wood
Ceramics,Tableware,139.71,1,Kutch,Gujarat,0.726,-0.126,Normal,1312.95,Ceramic
Handmade Jewellery,Bracelet,193.08,5,Moradabad,Uttar Pradesh,0.811,-0.0205,Normal,1416.21,Beads
Woodcraft,Tray,180.22,9,Kolkata,West Bengal,0.773,-0.0752,Winter,3191.65,Wood
Leather & Traditional Craft,Belt,1118.3,7,Etikoppaka,Andhra Pradesh,0.932,0.1936,Normal,5280.64,Leather
Woodcraft,Wall Décor,533.8,4,Srinagar,Jammu and Kashmir,0.67,0.0422,Festival,4574.2,Wood
Ceramics,Tableware,262.01,4,Bastar,Chhattisgarh,0.566,-0.0209,Summer,1137.62,Ceramic
Handmade Jewellery,Bangles,576.97,3,Kondapalli,Andhra Pradesh,0.422,0.0793,Normal,3381.15,Lac
Handmade Jewellery,Necklace,1035.52,4,Channapatna,Karnataka,0.654,0.0365,Summer,5256.34,Silver
Handloom & Textiles,Rug,538.36,6,Channapatna,Karnataka,0.343,0.0226,Festival,1878.43,Wool
Paintings & Art,Kalamkari,383.83,8,Raghurajpur,Odisha,0.69,-0.0328,Normal,3618.78,Cotton
Leather & Traditional Craft,Leather Bag,723.3,4,Moradabad,Uttar Pradesh,0.7,0.0749,Normal,4166.01,Leather
Woodcraft,Decorative Panel,837.22,7,Kolkata,West Bengal,0.553,0.0529,Normal,3301.82,Wood
Metal Crafts,Brassware,1491.78,4,Srinagar,Jammu and Kashmir,0.336,0.0984,Wedding,7415.23,Brass
"Bamboo, Cane & Natural Fibre",Furniture,317.0,6,Khurja,Uttar Pradesh,0.564,0.0336,Festival,1749.72,Bamboo
Handmade Home Décor,Candle,513.45,7,Saharanpur,Uttar Pradesh,0.683,0.0518,Normal,3134.85,Soy Wax
Paintings & Art,Kalamkari,311.8,3,Kashmir,Jammu and Kashmir,0.734,0.0047,Normal,2829.27,Natural Dye
"Bamboo, Cane & Natural Fibre",Storage Box,119.34,4,Kutch,Gujarat,0.529,0.0717,Festival,2906.77,Bamboo
Handmade Toys,Handmade Game,187.09,3,Thanjavur,Tamil Nadu,0.655,-0.0697,Winter,1229.31,Cloth
Handmade Toys,Puppet,278.17,3,Jaipur,Rajasthan,0.826,0.0607,Winter,3175.75,Wood
Embroidery & Needlecraft,Patchwork Product,516.44,8,Kondapalli,Andhra Pradesh,0.737,0.1343,Normal,2506.02,Linen
Handmade Jewellery,Bangles,419.55,3,Madhubani,Bihar,0.458,0.2318,Summer,3164.56,Lac
Embroidery & Needlecraft,Wall Hanging,468.26,7,Kashmir,Jammu and Kashmir,0.747,0.0955,Festival,4139.07,Cotton
Natural / Eco-friendly Crafts,Jute Product,155.61,4,Saharanpur,Uttar Pradesh,0.52,0.1414,Normal,2110.11,Jute
Metal Crafts,Lamp,1485.41,8,Pochampally,Telangana,0.875,-0.0773,Normal,7759.73,Brass
Pottery & Terracotta,Vase,104.87,2,Narsapur,Andhra Pradesh,0.901,-0.1222,Winter,1298.97,Terracotta
Handmade Home Décor,Dreamcatcher,608.62,4,Srikalahasti,Andhra Pradesh,0.631,0.164,Winter,2555.33,Cotton
Natural / Eco-friendly Crafts,Handmade Paper Product,89.59,3,Kondapalli,Andhra Pradesh,0.613,0.0254,Monsoon,1370.89,Handmade Paper
Natural / Eco-friendly Crafts,Natural-fibre Basket,191.87,3,Channapatna,Karnataka,0.515,0.1732,Monsoon,2266.27,Coir
Natural / Eco-friendly Crafts,Palm-leaf Product,152.79,2,Moradabad,Uttar Pradesh,0.831,-0.113,Festival,1475.8,Palm Leaf
Ceramics,Decorative Piece,227.17,2,Thanjavur,Tamil Nadu,0.689,0.1336,Summer,1541.24,Stoneware
"Bamboo, Cane & Natural Fibre",Tray,115.81,3,Kashmir,Jammu and Kashmir,0.336,0.0892,Winter,2369.63,Palm Leaf
Handmade Jewellery,Metal Jewellery,1144.2,4,Bhubaneswar,Odisha,0.798,0.1948,Summer,3857.61,Silver
Embroidery & Needlecraft,Embroidered Clothing,385.26,7,Raghurajpur,Odisha,0.797,-0.0065,Monsoon,3609.49,Linen
Natural / Eco-friendly Crafts,Eco-friendly Packaging,150.48,3,Channapatna,Karnataka,0.553,0.0806,Festival,2213.06,Palm Leaf
Woodcraft,Box,657.59,13,Moradabad,Uttar Pradesh,0.762,-0.0479,Normal,3222.98,Wood
Pottery & Terracotta,Clay Pot,31.42,4,Khurja,Uttar Pradesh,0.773,0.0358,Normal,1824.84,Terracotta
Handmade Jewellery,Beaded Jewellery,341.28,3,Pochampally,Telangana,0.591,0.1325,Normal,2748.68,Glass Beads
Natural / Eco-friendly Crafts,Natural-fibre Basket,124.07,3,Kondapalli,Andhra Pradesh,0.347,0.0395,Monsoon,700.85,Palm Leaf
Handloom & Textiles,Durrie,30.0,9,Saharanpur,Uttar Pradesh,0.81,0.1292,Normal,1914.36,Jute
Handmade Bags & Accessories,Tote Bag,226.45,3,Kondapalli,Andhra Pradesh,0.666,-0.0091,Normal,2531.81,Canvas
Handmade Home Décor,Mirror,496.62,6,Thanjavur,Tamil Nadu,0.504,-0.0368,Monsoon,2226.78,Wood
Woodcraft,Sculpture,384.86,5,Jaipur,Rajasthan,0.474,0.0224,Monsoon,1938.08,Wood
Handmade Toys,Handmade Game,220.29,2,Bastar,Chhattisgarh,0.814,0.072,Winter,1600.43,Wood
"Bamboo, Cane & Natural Fibre",Tray,92.15,6,Moradabad,Uttar Pradesh,0.529,0.163,Normal,1353.02,Palm Leaf
"Bamboo, Cane & Natural Fibre",Lampshade,138.6,1,Kondapalli,Andhra Pradesh,0.572,0.2174,Normal,1165.84,Jute
Embroidery & Needlecraft,Wall Hanging,340.99,4,Channapatna,Karnataka,0.475,-0.1204,Wedding,2451.57,Cotton
Natural / Eco-friendly Crafts,Natural-fibre Basket,113.43,2,Khurja,Uttar Pradesh,0.775,0.1593,Wedding,2125.54,Jute
"Bamboo, Cane & Natural Fibre",Basket,241.68,2,Pochampally,Telangana,0.517,0.089,Monsoon,1661.42,Cane
Embroidery & Needlecraft,Patchwork Product,101.04,8,Bastar,Chhattisgarh,0.163,0.1159,Festival,1293.61,Cotton
Handloom & Textiles,Rug,443.45,9,Madhubani,Bihar,0.436,0.036,Festival,3213.4,Jute
Handmade Home Décor,Handmade Clock,350.84,4,Raghurajpur,Odisha,0.822,-0.0198,Normal,2787.64,Bamboo
Metal Crafts,Brassware,1497.28,7,Khurja,Uttar Pradesh,0.515,0.0359,Normal,6327.69,Brass
Handloom & Textiles,Dupatta,785.79,14,Khurja,Uttar Pradesh,0.627,0.0705,Normal,3822.62,Wool
"Bamboo, Cane & Natural Fibre",Bag,239.7,1,Kondapalli,Andhra Pradesh,0.577,0.1499,Summer,2483.54,Cane
Woodcraft,Tray,593.46,3,Srikalahasti,Andhra Pradesh,0.87,0.0017,Normal,2327.86,Wood
Handmade Bags & Accessories,Handbag,370.19,2,Bhubaneswar,Odisha,0.638,-0.0562,Normal,2987.61,Cotton
Paintings & Art,Phad Painting,442.78,8,Etikoppaka,Andhra Pradesh,0.59,0.0587,Normal,2687.63,Watercolour
Metal Crafts,Brassware,1689.76,6,Raghurajpur,Odisha,0.676,0.1443,Festival,8628.46,Brass
Embroidery & Needlecraft,Patchwork Product,30.0,8,Kolkata,West Bengal,0.747,0.0163,Normal,2699.21,Cotton
Leather & Traditional Craft,Belt,769.01,6,Khurja,Uttar Pradesh,0.595,0.1953,Wedding,5439.59,Leather
Pottery & Terracotta,Planter,30.0,1,Channapatna,Karnataka,0.542,0.0342,Summer,1175.53,Terracotta
Leather & Traditional Craft,Leather Bag,773.93,1,Bhubaneswar,Odisha,0.872,0.086,Normal,2903.22,Leather
Embroidery & Needlecraft,Embroidered Clothing,347.33,6,Thanjavur,Tamil Nadu,0.667,0.1141,Normal,3701.18,Cotton
Embroidery & Needlecraft,Embroidered Clothing,406.96,8,Kutch,Gujarat,0.593,0.1011,Winter,3223.67,Cotton
Leather & Traditional Craft,Traditional Leather Craft,902.43,7,Kashmir,Jammu and Kashmir,0.839,0.2173,Festival,3683.58,Leather
"Bamboo, Cane & Natural Fibre",Tray,259.97,6,Thanjavur,Tamil Nadu,0.411,0.0617,Winter,1935.42,Palm Leaf
Woodcraft,Figurine,682.85,6,Assam,Assam,0.659,0.0998,Normal,2773.53,Wood
Pottery & Terracotta,Vase,128.59,3,Bhubaneswar,Odisha,0.72,-0.0083,Normal,1088.03,Clay
Handmade Jewellery,Beaded Jewellery,214.6,4,Khurja,Uttar Pradesh,0.596,0.0207,Wedding,2511.28,Glass Beads
Metal Crafts,Decorative Item,740.58,3,Saharanpur,Uttar Pradesh,0.619,0.132,Normal,2016.82,Copper
Natural / Eco-friendly Crafts,Banana-fibre Product,63.33,4,Jaipur,Rajasthan,0.651,0.0211,Normal,963.37,Banana Fibre
Leather & Traditional Craft,Decorative Leather Product,528.15,7,Srinagar,Jammu and Kashmir,0.74,-0.0344,Festival,5209.41,Leather
Embroidery & Needlecraft,Embroidered Clothing,125.0,8,Saharanpur,Uttar Pradesh,0.709,0.0183,Wedding,3147.28,Linen
Pottery & Terracotta,Vase,56.25,1,Srikalahasti,Andhra Pradesh,0.793,0.2305,Festival,1627.07,Clay
Handloom & Textiles,Bedsheet,402.73,5,Jaipur,Rajasthan,0.709,0.0308,Summer,1832.87,Jute
Metal Crafts,Copperware,1384.27,7,Thanjavur,Tamil Nadu,0.528,-0.1037,Normal,6421.07,Copper
Leather & Traditional Craft,Leather Bag,573.65,4,Pochampally,Telangana,0.484,0.0635,Wedding,3174.22,Leather
"Bamboo, Cane & Natural Fibre",Storage Box,215.51,4,Kashmir,Jammu and Kashmir,0.816,0.065,Winter,2255.15,Bamboo
Pottery & Terracotta,Clay Pot,92.35,4,Thanjavur,Tamil Nadu,0.519,0.1296,Winter,1580.03,Clay
"Bamboo, Cane & Natural Fibre",Basket,100.83,4,Saharanpur,Uttar Pradesh,0.606,-0.0361,Normal,1075.17,Cane
Pottery & Terracotta,Planter,102.98,3,Khurja,Uttar Pradesh,0.792,0.0187,Normal,1035.56,Terracotta
Leather & Traditional Craft,Footwear,730.3,4,Channapatna,Karnataka,0.312,0.0403,Normal,3474.21,Leather
Leather & Traditional Craft,Footwear,949.09,6,Saharanpur,Uttar Pradesh,0.592,0.2331,Festival,5073.53,Leather
Metal Crafts,Lamp,1130.31,4,Kolkata,West Bengal,0.479,-0.0377,Normal,2719.25,Copper
Embroidery & Needlecraft,Embroidered Bag,134.06,6,Kashmir,Jammu and Kashmir,0.823,0.1481,Normal,3685.01,Jute
Leather & Traditional Craft,Footwear,1004.22,1,Srinagar,Jammu and Kashmir,0.453,0.0767,Winter,2398.98,Leather
Natural / Eco-friendly Crafts,Handmade Paper Product,151.95,3,Kolkata,West Bengal,0.634,-0.1463,Normal,1506.02,Handmade Paper
Paintings & Art,Pattachitra,325.81,11,Assam,Assam,0.676,-0.0467,Normal,3018.3,Cloth
Handmade Home Décor,Dreamcatcher,99.77,2,Thanjavur,Tamil Nadu,0.661,0.104,Normal,1650.1,Bamboo
Handloom & Textiles,Scarf,726.66,11,Bastar,Chhattisgarh,0.799,0.0266,Wedding,3907.02,Silk
Handmade Bags & Accessories,Backpack,554.25,1,Bhubaneswar,Odisha,0.713,0.0687,Normal,2118.88,Leather
Handloom & Textiles,Dupatta,673.23,9,Moradabad,Uttar Pradesh,0.652,0.118,Normal,4088.82,Silk
Ceramics,Bowl,146.2,3,Kolkata,West Bengal,0.532,-0.0231,Festival,1504.18,Stoneware
Paintings & Art,Handmade Wall Art,343.87,10,Bastar,Chhattisgarh,0.805,0.0175,Winter,2335.94,Canvas
Embroidery & Needlecraft,Embroidered Clothing,431.8,6,Srinagar,Jammu and Kashmir,0.945,0.0718,Normal,3047.82,Linen
Embroidery & Needlecraft,Embroidered Clothing,294.08,8,Bastar,Chhattisgarh,0.517,0.0962,Festival,3104.02,Linen
Pottery & Terracotta,Sculpture,92.57,2,Kolkata,West Bengal,0.873,0.0534,Summer,1561.77,Terracotta
"Bamboo, Cane & Natural Fibre",Lampshade,263.21,4,Kolkata,West Bengal,0.449,0.0627,Normal,2286.44,Cane
Leather & Traditional Craft,Traditional Leather Craft,820.26,3,Khurja,Uttar Pradesh,0.443,0.0692,Normal,3342.02,Leather
Embroidery & Needlecraft,Patchwork Product,608.84,7,Etikoppaka,Andhra Pradesh,0.31,0.0093,Normal,1959.52,Wool
Handmade Home Décor,Table Décor,227.46,4,Moradabad,Uttar Pradesh,0.463,0.1133,Normal,2260.7,Wood
Handmade Toys,Handmade Game,220.46,1,Bastar,Chhattisgarh,0.388,0.0745,Festival,845.84,Cloth
Handmade Home Décor,Sculpture,288.9,3,Etikoppaka,Andhra Pradesh,0.569,0.1104,Wedding,2863.25,Metal
Ceramics,Tableware,229.94,5,Kondapalli,Andhra Pradesh,0.375,-0.0178,Festival,2169.22,Ceramic
Handmade Jewellery,Bracelet,499.2,4,Etikoppaka,Andhra Pradesh,0.765,-0.0559,Wedding,3033.7,Beads
Pottery & Terracotta,Planter,55.16,2,Madhubani,Bihar,0.548,-0.019,Normal,893.18,Clay
Embroidery & Needlecraft,Patchwork Product,414.08,9,Kondapalli,Andhra Pradesh,0.453,0.1538,Normal,2853.45,Linen
Pottery & Terracotta,Diya,133.41,3,Narsapur,Andhra Pradesh,0.684,-0.0209,Summer,1548.47,Terracotta
Natural / Eco-friendly Crafts,Eco-friendly Packaging,230.41,4,Kutch,Gujarat,0.835,0.1338,Normal,2544.56,Jute
Handloom & Textiles,Dress Material,845.55,10,Raghurajpur,Odisha,0.824,0.0981,Festival,3548.04,Silk
Handmade Home Décor,Dreamcatcher,210.36,4,Kondapalli,Andhra Pradesh,0.436,-0.0205,Festival,3247.91,Cotton
Ceramics,Vase,30.0,2,Pochampally,Telangana,0.654,-0.0096,Normal,1251.33,Ceramic
Woodcraft,Figurine,531.8,7,Bhubaneswar,Odisha,0.462,0.0856,Normal,4736.64,Wood
Woodcraft,Tray,876.49,9,Bhubaneswar,Odisha,0.823,0.098,Normal,5507.9,Wood
Ceramics,Bowl,272.22,2,Jaipur,Rajasthan,0.559,0.0351,Summer,2369.35,Stoneware
Handmade Toys,Traditional Toy,210.07,1,Bhubaneswar,Odisha,0.559,-0.0198,Winter,1505.74,Cloth
Paintings & Art,Kalamkari,529.6,4,Bhubaneswar,Odisha,0.739,-0.079,Festival,3325.59,Silk
Ceramics,Bowl,231.41,2,Kutch,Gujarat,0.497,-0.0017,Normal,2100.96,Ceramic
Metal Crafts,Copperware,1564.4,6,Raghurajpur,Odisha,0.187,0.1249,Festival,5376.01,Copper
Pottery & Terracotta,Clay Pot,199.85,3,Etikoppaka,Andhra Pradesh,0.435,0.0891,Summer,1864.28,Terracotta
Handmade Toys,Handmade Game,261.58,1,Kutch,Gujarat,0.624,-0.0093,Normal,1844.01,Wood
Natural / Eco-friendly Crafts,Eco-friendly Packaging,153.12,2,Kondapalli,Andhra Pradesh,0.636,0.0838,Festival,1852.89,Jute
Handloom & Textiles,Carpet,53.86,12,Kondapalli,Andhra Pradesh,0.891,-0.0011,Normal,2855.58,Cotton
Handmade Bags & Accessories,Clutch,252.03,2,Pochampally,Telangana,0.723,0.0802,Normal,1388.91,Lac
Handloom & Textiles,Traditional Garment,416.54,7,Bastar,Chhattisgarh,0.51,0.128,Normal,1744.26,Linen
Ceramics,Vase,311.81,2,Kolkata,West Bengal,0.84,0.0003,Festival,2005.17,Ceramic
Ceramics,Cup,216.38,1,Srikalahasti,Andhra Pradesh,0.585,0.0669,Winter,2017.65,Stoneware
Handmade Jewellery,Bracelet,560.0,6,Narsapur,Andhra Pradesh,0.713,0.1914,Winter,4104.99,Lac
Handloom & Textiles,Fabric,605.06,8,Channapatna,Karnataka,0.865,-0.0349,Normal,4239.09,Silk
Handloom & Textiles,Handwoven Bag,633.28,4,Pochampally,Telangana,0.847,-0.0123,Normal,3665.26,Cotton
Paintings & Art,Handmade Wall Art,350.42,7,Saharanpur,Uttar Pradesh,0.601,0.1139,Normal,3309.11,Canvas
Woodcraft,Figurine,620.46,11,Kashmir,Jammu and Kashmir,0.526,-0.0212,Festival,5737.91,Wood
Handloom & Textiles,Dupatta,863.12,4,Kondapalli,Andhra Pradesh,0.726,-0.124,Summer,3719.01,Linen
Ceramics,Vase,202.63,2,Kondapalli,Andhra Pradesh,0.727,0.0899,Monsoon,1224.78,Ceramic
Handmade Jewellery,Necklace,442.63,4,Kashmir,Jammu and Kashmir,0.92,0.094,Wedding,3572.9,Lac
Handmade Jewellery,Beaded Jewellery,430.56,4,Kutch,Gujarat,0.694,-0.0949,Normal,3367.92,Seed Beads
Woodcraft,Kitchenware,545.37,8,Etikoppaka,Andhra Pradesh,0.596,-0.0101,Winter,4625.37,Wood
Handmade Home Décor,Handmade Clock,472.18,3,Raghurajpur,Odisha,0.47,0.0112,Festival,1787.83,Wood
"Bamboo, Cane & Natural Fibre",Decorative Item,335.34,1,Assam,Assam,0.588,0.0716,Normal,2032.69,Cane
Paintings & Art,Kalamkari,188.38,2,Narsapur,Andhra Pradesh,0.816,0.0409,Normal,2558.37,Natural Dye
Paintings & Art,Pattachitra,81.15,1,Khurja,Uttar Pradesh,0.937,0.1974,Wedding,2010.03,Natural Pigment
Pottery & Terracotta,Kitchenware,139.04,4,Bastar,Chhattisgarh,0.781,0.1716,Monsoon,1120.87,Terracotta
Pottery & Terracotta,Sculpture,107.14,4,Kutch,Gujarat,0.604,-0.0291,Normal,1097.14,Clay
Handmade Toys,Traditional Toy,277.89,2,Khurja,Uttar Pradesh,0.805,0.2455,Summer,1982.86,Wood
Ceramics,Tableware,113.83,3,Srinagar,Jammu and Kashmir,0.739,0.0508,Normal,1224.19,Stoneware
Handmade Toys,Traditional Toy,196.54,4,Channapatna,Karnataka,0.754,-0.102,Festival,2170.7,Cloth
"Bamboo, Cane & Natural Fibre",Bottle/Container,260.53,6,Kolkata,West Bengal,0.419,-0.0228,Normal,2342.12,Bamboo
Handmade Home Décor,Showpiece,265.46,4,Channapatna,Karnataka,0.445,0.013,Festival,1879.11,Wood
Handmade Jewellery,Wooden Jewellery,331.81,3,Raghurajpur,Odisha,0.747,-0.084,Normal,2619.28,Wood
Handloom & Textiles,Towel,785.27,6,Kondapalli,Andhra Pradesh,0.961,0.0528,Normal,2898.99,Linen
Natural / Eco-friendly Crafts,Palm-leaf Product,82.53,4,Bastar,Chhattisgarh,0.582,0.1327,Normal,1246.19,Palm Leaf
Natural / Eco-friendly Crafts,Palm-leaf Product,30.0,4,Thanjavur,Tamil Nadu,0.687,0.0267,Summer,2324.1,Palm Leaf
"Bamboo, Cane & Natural Fibre",Decorative Item,167.58,6,Saharanpur,Uttar Pradesh,0.731,0.1766,Normal,1862.4,Bamboo
Handmade Home Décor,Sculpture,458.49,7,Channapatna,Karnataka,0.541,0.0532,Normal,3319.19,Metal
Woodcraft,Figurine,667.61,6,Kutch,Gujarat,0.871,0.0933,Wedding,4037.39,Wood
Embroidery & Needlecraft,Table Runner,30.0,4,Jaipur,Rajasthan,0.633,0.0537,Normal,1735.44,Cotton
Pottery & Terracotta,Clay Lamp,30.0,2,Thanjavur,Tamil Nadu,0.733,0.0585,Festival,1330.13,Clay
Handmade Bags & Accessories,Pouch,94.28,3,Narsapur,Andhra Pradesh,0.871,-0.0073,Monsoon,1613.42,Jute
Handmade Jewellery,Lac Jewellery,453.97,4,Srinagar,Jammu and Kashmir,0.772,0.1761,Festival,3227.72,Lac
Handmade Bags & Accessories,Scarf,691.24,3,Jaipur,Rajasthan,0.603,0.0598,Normal,2702.22,Silk
Handmade Bags & Accessories,Handmade Belt,255.1,5,Kashmir,Jammu and Kashmir,0.774,0.0372,Festival,2446.38,Jute
Handmade Bags & Accessories,Basket,467.67,4,Kashmir,Jammu and Kashmir,0.747,0.0436,Normal,2787.5,Cane
Leather & Traditional Craft,Footwear,510.67,4,Kutch,Gujarat,0.721,0.0567,Festival,3793.97,Leather
Metal Crafts,Bell-metal Product,1151.3,6,Jaipur,Rajasthan,0.927,0.0268,Normal,4552.26,Bell Metal
Ceramics,Vase,200.87,5,Bhubaneswar,Odisha,0.926,0.1484,Festival,2908.88,Ceramic
Embroidery & Needlecraft,Quilt,452.47,8,Pochampally,Telangana,0.256,-0.0119,Normal,2518.87,Wool
Metal Crafts,Copperware,859.41,7,Pochampally,Telangana,0.779,-0.0396,Normal,3222.09,Copper
Handmade Home Décor,Decorative Box,457.27,5,Madhubani,Bihar,0.696,0.0191,Winter,2508.07,Cane
Paintings & Art,Kalamkari,241.28,9,Assam,Assam,0.508,0.1533,Normal,3267.19,Cotton
Handloom & Textiles,Bedsheet,287.55,15,Madhubani,Bihar,0.888,0.0535,Monsoon,4267.79,Jute
Handmade Home Décor,Lamp,146.61,6,Khurja,Uttar Pradesh,0.398,0.2353,Wedding,3593.45,Clay
Embroidery & Needlecraft,Cushion Cover,558.61,6,Etikoppaka,Andhra Pradesh,0.617,-0.0203,Summer,2648.97,Linen
Embroidery & Needlecraft,Cushion Cover,877.18,6,Etikoppaka,Andhra Pradesh,0.242,0.2702,Normal,3031.86,Silk
Handmade Toys,Educational Toy,111.8,3,Narsapur,Andhra Pradesh,0.411,0.2626,Winter,1181.04,Cotton
Handmade Jewellery,Lac Jewellery,333.44,1,Jaipur,Rajasthan,0.254,0.0656,Normal,2307.83,Lac
Woodcraft,Decorative Panel,780.75,9,Kutch,Gujarat,0.603,-0.0062,Normal,3978.48,Wood
Natural / Eco-friendly Crafts,Eco-friendly Packaging,30.0,5,Raghurajpur,Odisha,0.61,0.1552,Normal,1842.59,Banana Fibre
Embroidery & Needlecraft,Wall Hanging,626.89,11,Bhubaneswar,Odisha,0.822,-0.191,Winter,2611.83,Wool
Paintings & Art,Madhubani Painting,384.04,7,Narsapur,Andhra Pradesh,0.259,0.0267,Festival,2909.74,Natural Pigment
Natural / Eco-friendly Crafts,Natural-fibre Basket,89.04,1,Bhubaneswar,Odisha,0.549,-0.0363,Normal,1129.33,Palm Leaf
Woodcraft,Wooden Jewellery,447.26,10,Madhubani,Bihar,0.698,0.1437,Summer,4909.07,Wood
Handmade Toys,Wooden Toy,40.81,1,Raghurajpur,Odisha,0.862,0.1225,Wedding,1719.48,Wood
Embroidery & Needlecraft,Patchwork Product,436.16,7,Srinagar,Jammu and Kashmir,0.806,-0.0785,Summer,3262.25,Wool
Embroidery & Needlecraft,Cushion Cover,428.31,5,Saharanpur,Uttar Pradesh,0.695,0.0322,Wedding,3107.85,Cotton
Embroidery & Needlecraft,Table Runner,530.41,7,Kolkata,West Bengal,0.586,0.0112,Festival,3948.1,Linen
Handloom & Textiles,Shawl,244.82,7,Saharanpur,Uttar Pradesh,0.787,0.1044,Normal,2914.77,Linen
Handmade Toys,Stuffed Toy,30.0,3,Thanjavur,Tamil Nadu,0.324,0.0432,Winter,847.06,Jute
Ceramics,Ceramic Jewellery,226.05,1,Kutch,Gujarat,0.434,0.0493,Normal,1476.63,Porcelain
"Bamboo, Cane & Natural Fibre",Furniture,324.67,3,Madhubani,Bihar,0.742,0.1879,Festival,3071.69,Cane
Embroidery & Needlecraft,Embroidered Clothing,413.66,5,Assam,Assam,0.38,0.0244,Summer,3509.53,Linen
Handmade Home Décor,Dreamcatcher,273.06,4,Pochampally,Telangana,0.89,0.0908,Normal,1887.82,Cotton
Handmade Bags & Accessories,Tote Bag,270.02,1,Bhubaneswar,Odisha,0.485,0.0165,Normal,2918.2,Canvas
Leather & Traditional Craft,Decorative Leather Product,1019.74,6,Bhubaneswar,Odisha,0.746,0.0067,Normal,5089.17,Leather
Pottery & Terracotta,Clay Lamp,129.49,4,Pochampally,Telangana,0.626,0.1111,Wedding,1932.54,Clay
"Bamboo, Cane & Natural Fibre",Bottle/Container,228.78,2,Narsapur,Andhra Pradesh,0.404,0.09,Winter,1568.69,Cane
Woodcraft,Figurine,823.09,8,Kashmir,Jammu and Kashmir,0.713,0.187,Wedding,5730.24,Wood
Embroidery & Needlecraft,Quilt,200.77,7,Srinagar,Jammu and Kashmir,0.764,0.0714,Winter,2002.49,Cotton
"Bamboo, Cane & Natural Fibre",Bag,255.61,3,Raghurajpur,Odisha,0.148,0.1016,Winter,1030.84,Jute
Woodcraft,Furniture,991.38,3,Srikalahasti,Andhra Pradesh,0.671,0.0784,Normal,4143.52,Teak Wood
Handmade Bags & Accessories,Basket,142.61,4,Bhubaneswar,Odisha,0.584,-0.0248,Monsoon,1218.33,Jute
Ceramics,Mug,281.32,1,Etikoppaka,Andhra Pradesh,0.789,0.0333,Festival,1742.53,Ceramic
Handmade Bags & Accessories,Wallet,366.03,3,Khurja,Uttar Pradesh,0.763,-0.0551,Monsoon,2710.92,Leather
Handmade Bags & Accessories,Clutch,363.52,5,Assam,Assam,0.626,-0.0388,Monsoon,2618.94,Cotton
Handmade Bags & Accessories,Handbag,612.41,3,Kondapalli,Andhra Pradesh,0.666,-0.0103,Normal,2211.2,Leather
Handmade Toys,Puppet,314.78,1,Assam,Assam,0.573,0.0144,Wedding,2099.16,Wood
Paintings & Art,Kalamkari,199.29,8,Thanjavur,Tamil Nadu,0.549,0.0418,Normal,2846.38,Natural Dye
Handmade Jewellery,Terracotta Jewellery,80.41,2,Madhubani,Bihar,0.539,0.0892,Monsoon,1134.04,Terracotta
Natural / Eco-friendly Crafts,Banana-fibre Product,144.4,1,Kondapalli,Andhra Pradesh,0.514,0.0061,Normal,1590.71,Banana Fibre
Handloom & Textiles,Towel,502.55,10,Kashmir,Jammu and Kashmir,0.663,0.1166,Winter,3556.54,Linen
Handmade Jewellery,Beaded Jewellery,502.62,3,Khurja,Uttar Pradesh,0.5,0.2237,Monsoon,3169.14,Seed Beads
Natural / Eco-friendly Crafts,Coir Product,102.27,1,Kashmir,Jammu and Kashmir,0.606,0.1084,Winter,1589.16,Coir
Metal Crafts,Copperware,732.84,5,Channapatna,Karnataka,0.529,-0.0811,Festival,6739.34,Copper
Metal Crafts,Brassware,1231.85,7,Bastar,Chhattisgarh,0.763,-0.0037,Normal,4542.08,Brass
Ceramics,Ceramic Jewellery,277.9,4,Saharanpur,Uttar Pradesh,0.493,0.2303,Festival,2200.73,Porcelain
Ceramics,Cup,111.18,3,Srikalahasti,Andhra Pradesh,0.663,0.0848,Normal,1180.72,Ceramic
Paintings & Art,Pattachitra,290.14,8,Khurja,Uttar Pradesh,0.79,-0.0128,Normal,3339.95,Natural Pigment
Handloom & Textiles,Dupatta,607.07,12,Etikoppaka,Andhra Pradesh,0.534,0.0444,Festival,3913.72,Linen
Handmade Jewellery,Metal Jewellery,737.37,5,Kolkata,West Bengal,0.645,-0.0373,Normal,2841.73,Brass
Handmade Bags & Accessories,Handbag,195.55,6,Kashmir,Jammu and Kashmir,0.39,0.0762,Normal,2420.05,Cane
Handmade Bags & Accessories,Handbag,449.58,3,Madhubani,Bihar,0.445,0.0788,Winter,3719.53,Cane
"Bamboo, Cane & Natural Fibre",Storage Box,160.53,4,Saharanpur,Uttar Pradesh,0.849,0.0462,Normal,2398.53,Bamboo
"Bamboo, Cane & Natural Fibre",Storage Box,250.4,6,Pochampally,Telangana,0.883,0.0747,Festival,1694.21,Cane
Handmade Home Décor,Decorative Box,418.03,5,Khurja,Uttar Pradesh,0.521,-0.0739,Normal,1924.53,Wood
Handmade Toys,Traditional Toy,207.31,4,Jaipur,Rajasthan,0.465,0.1187,Wedding,2012.5,Cloth
Ceramics,Ceramic Jewellery,179.36,4,Kashmir,Jammu and Kashmir,0.811,-0.0231,Festival,1848.05,Ceramic
"Bamboo, Cane & Natural Fibre",Lampshade,161.01,3,Pochampally,Telangana,0.506,-0.0525,Normal,920.78,Cane
Natural / Eco-friendly Crafts,Natural-fibre Basket,158.69,4,Kolkata,West Bengal,0.395,0.1556,Normal,1857.16,Palm Leaf
Embroidery & Needlecraft,Embroidered Bag,397.64,9,Kolkata,West Bengal,0.342,-0.0683,Winter,3324.62,Cotton
Natural / Eco-friendly Crafts,Banana-fibre Product,57.29,4,Madhubani,Bihar,0.362,0.1238,Festival,1412.89,Banana Fibre
"Bamboo, Cane & Natural Fibre",Basket,213.57,6,Khurja,Uttar Pradesh,0.413,-0.0405,Wedding,2295.84,Cane
Paintings & Art,Tanjore Painting,325.38,3,Thanjavur,Tamil Nadu,0.411,0.1516,Summer,2847.25,Acrylic
Handloom & Textiles,Traditional Garment,346.69,8,Etikoppaka,Andhra Pradesh,0.628,-0.0695,Festival,3846.85,Wool
Handmade Jewellery,Beaded Jewellery,396.16,5,Kutch,Gujarat,0.729,0.1956,Wedding,2598.43,Seed Beads
Metal Crafts,Lamp,1349.78,4,Pochampally,Telangana,0.571,-0.0175,Summer,5679.85,Copper
Embroidery & Needlecraft,Wall Hanging,327.46,8,Assam,Assam,0.818,0.0434,Normal,3215.27,Cotton
Woodcraft,Wall Décor,300.36,7,Moradabad,Uttar Pradesh,0.347,0.2476,Normal,2805.5,Wood
"Bamboo, Cane & Natural Fibre",Furniture,312.06,4,Kashmir,Jammu and Kashmir,0.297,0.0134,Normal,2199.0,Cane
Handmade Home Décor,Table Décor,265.84,4,Moradabad,Uttar Pradesh,0.761,0.1722,Monsoon,2475.2,Ceramic
Pottery & Terracotta,Kitchenware,75.14,2,Madhubani,Bihar,0.671,0.213,Wedding,1292.73,Clay
Woodcraft,Wooden Toy,629.49,13,Raghurajpur,Odisha,0.648,0.0546,Wedding,3227.41,Wood
Metal Crafts,Brassware,1276.83,5,Kolkata,West Bengal,0.719,0.0134,Normal,5247.17,Brass
Handmade Home Décor,Lamp,222.14,4,Moradabad,Uttar Pradesh,0.484,0.1633,Normal,2243.72,Wood
Handmade Bags & Accessories,Basket,186.08,4,Bastar,Chhattisgarh,0.591,-0.0882,Summer,2507.19,Jute
Natural / Eco-friendly Crafts,Banana-fibre Product,168.16,2,Bastar,Chhattisgarh,0.76,0.2723,Normal,1326.88,Banana Fibre
Handloom & Textiles,Stole,761.24,7,Pochampally,Telangana,0.546,-0.0188,Normal,3549.31,Silk
Handmade Toys,Cloth Doll,264.97,4,Kashmir,Jammu and Kashmir,0.412,0.0952,Normal,1105.31,Cotton
Pottery & Terracotta,Diya,75.65,4,Channapatna,Karnataka,0.719,0.1396,Normal,1792.67,Clay
Woodcraft,Figurine,478.43,1,Bastar,Chhattisgarh,0.496,0.2229,Winter,1872.35,Wood
Paintings & Art,Phad Painting,308.04,6,Thanjavur,Tamil Nadu,0.669,-0.0317,Festival,3140.66,Watercolour
Metal Crafts,Lamp,1262.98,6,Moradabad,Uttar Pradesh,0.525,0.0259,Monsoon,4073.44,Copper
Handmade Home Décor,Table Décor,296.45,4,Madhubani,Bihar,0.655,0.2011,Summer,2479.88,Ceramic
Pottery & Terracotta,Planter,61.81,2,Kondapalli,Andhra Pradesh,0.752,0.1418,Winter,1167.36,Terracotta
Pottery & Terracotta,Vase,89.57,4,Khurja,Uttar Pradesh,0.307,0.1277,Normal,1002.43,Clay
Handmade Bags & Accessories,Basket,218.24,3,Kolkata,West Bengal,0.601,-0.1289,Wedding,2187.65,Cane
Embroidery & Needlecraft,Table Runner,586.36,8,Kondapalli,Andhra Pradesh,0.562,-0.0066,Festival,2056.06,Silk
Handmade Bags & Accessories,Handmade Belt,517.08,5,Assam,Assam,0.647,0.0336,Normal,3030.98,Leather
Handloom & Textiles,Scarf,141.4,13,Kutch,Gujarat,0.603,0.1352,Winter,1710.59,Cotton
Handmade Jewellery,Tribal Jewellery,372.3,2,Etikoppaka,Andhra Pradesh,0.451,0.1756,Festival,3437.19,Brass
Handmade Jewellery,Bangles,354.27,4,Srikalahasti,Andhra Pradesh,0.74,0.0785,Winter,3169.85,Lac
Handmade Bags & Accessories,Scarf,181.97,2,Channapatna,Karnataka,0.773,0.0285,Normal,1686.78,Linen
Handloom & Textiles,Rug,349.05,8,Bhubaneswar,Odisha,0.737,0.1563,Winter,3947.29,Cotton
Handmade Bags & Accessories,Basket,167.09,3,Thanjavur,Tamil Nadu,0.809,0.1616,Summer,2709.58,Jute
Handmade Jewellery,Tribal Jewellery,265.59,3,Etikoppaka,Andhra Pradesh,0.783,-0.0427,Normal,3414.83,Beads
Handmade Home Décor,Table Décor,229.14,4,Pochampally,Telangana,0.765,0.1526,Festival,2774.09,Clay
"Bamboo, Cane & Natural Fibre",Tray,313.53,3,Raghurajpur,Odisha,0.554,0.2378,Festival,2916.66,Bamboo
Natural / Eco-friendly Crafts,Jute Product,139.96,1,Saharanpur,Uttar Pradesh,0.56,0.0519,Normal,1110.31,Jute
Paintings & Art,Warli Painting,276.77,1,Etikoppaka,Andhra Pradesh,0.662,-0.1297,Monsoon,2255.13,Natural Pigment
Handmade Bags & Accessories,Handmade Belt,542.64,4,Srinagar,Jammu and Kashmir,0.325,-0.0398,Normal,3165.22,Leather
Handloom & Textiles,Fabric,536.81,11,Srikalahasti,Andhra Pradesh,0.551,0.0815,Normal,4098.51,Silk
Ceramics,Ceramic Jewellery,223.88,2,Saharanpur,Uttar Pradesh,0.511,-0.0832,Monsoon,1047.14,Porcelain
Handmade Home Décor,Showpiece,414.72,4,Bastar,Chhattisgarh,0.806,0.059,Normal,3228.53,Metal
"Bamboo, Cane & Natural Fibre",Bottle/Container,51.91,2,Assam,Assam,0.875,0.0151,Normal,1487.14,Bamboo
Metal Crafts,Bell-metal Product,1243.41,6,Narsapur,Andhra Pradesh,0.698,-0.1001,Winter,3811.23,Bell Metal
Embroidery & Needlecraft,Table Runner,454.93,6,Thanjavur,Tamil Nadu,0.765,0.0212,Normal,2974.22,Linen
Paintings & Art,Sketch,229.68,5,Kashmir,Jammu and Kashmir,0.648,-0.0562,Winter,2350.2,Graphite
Metal Crafts,Jewellery,1447.84,8,Bastar,Chhattisgarh,0.454,-0.0177,Normal,5683.1,Copper
Pottery & Terracotta,Vase,30.0,3,Assam,Assam,0.725,0.0301,Festival,1386.28,Clay
Handmade Home Décor,Wall Hanging,213.34,4,Madhubani,Bihar,0.482,-0.1522,Monsoon,1915.52,Bamboo
Embroidery & Needlecraft,Embroidered Bag,791.91,10,Assam,Assam,0.49,-0.007,Normal,3374.64,Silk
Paintings & Art,Madhubani Painting,325.9,8,Assam,Assam,0.422,0.1194,Summer,1805.06,Natural Pigment
Handmade Home Décor,Decorative Box,259.12,7,Saharanpur,Uttar Pradesh,0.647,0.014,Normal,3302.98,Bamboo
Handmade Jewellery,Necklace,1076.98,4,Thanjavur,Tamil Nadu,0.411,0.0688,Monsoon,2616.99,Silver
Handloom & Textiles,Scarf,821.8,4,Bastar,Chhattisgarh,0.47,-0.0173,Normal,3674.17,Silk
Embroidery & Needlecraft,Patchwork Product,426.96,7,Madhubani,Bihar,0.576,0.0673,Normal,2619.1,Wool
Handmade Bags & Accessories,Basket,265.17,5,Etikoppaka,Andhra Pradesh,0.911,0.0213,Monsoon,2064.78,Cane
Handmade Toys,Stuffed Toy,232.44,4,Raghurajpur,Odisha,0.532,0.1987,Normal,1330.07,Cotton
Pottery & Terracotta,Clay Pot,129.17,3,Thanjavur,Tamil Nadu,0.215,-0.0576,Normal,932.01,Terracotta
Handmade Jewellery,Bracelet,339.33,5,Bastar,Chhattisgarh,0.684,0.1108,Festival,2230.46,Lac
Natural / Eco-friendly Crafts,Palm-leaf Product,66.55,2,Bhubaneswar,Odisha,0.446,0.2518,Normal,1882.45,Palm Leaf
"Bamboo, Cane & Natural Fibre",Household Product,209.0,2,Jaipur,Rajasthan,0.524,0.1447,Normal,1630.78,Jute
Handmade Toys,Traditional Toy,293.11,4,Raghurajpur,Odisha,0.657,0.0325,Festival,2219.92,Wood
Ceramics,Cup,250.53,3,Khurja,Uttar Pradesh,0.761,0.2269,Normal,1867.87,Ceramic
Handmade Bags & Accessories,Backpack,416.35,5,Srinagar,Jammu and Kashmir,0.427,-0.0064,Normal,3206.28,Leather
Ceramics,Bowl,155.29,2,Raghurajpur,Odisha,0.647,-0.0095,Winter,1782.28,Stoneware
Leather & Traditional Craft,Belt,918.56,6,Khurja,Uttar Pradesh,0.704,-0.0202,Winter,3362.44,Leather
Woodcraft,Tray,676.92,7,Srinagar,Jammu and Kashmir,0.759,0.1164,Normal,3197.3,Wood
Natural / Eco-friendly Crafts,Natural-fibre Basket,120.4,4,Assam,Assam,0.764,0.0142,Winter,1995.23,Jute
Pottery & Terracotta,Terracotta Figurine,40.82,1,Srikalahasti,Andhra Pradesh,0.596,-0.0064,Normal,1019.36,Terracotta
Ceramics,Home Décor,149.75,4,Channapatna,Karnataka,0.728,-0.0337,Winter,1932.67,Ceramic
Woodcraft,Sculpture,675.61,9,Bhubaneswar,Odisha,0.579,0.0001,Winter,2595.1,Wood
"Bamboo, Cane & Natural Fibre",Household Product,192.02,4,Bhubaneswar,Odisha,0.711,-0.0314,Summer,2178.51,Cane
Handmade Home Décor,Lamp,140.79,6,Channapatna,Karnataka,0.594,0.1476,Normal,3221.7,Clay
Metal Crafts,Utensil,766.86,4,Etikoppaka,Andhra Pradesh,0.914,-0.1064,Normal,5028.92,Copper
Paintings & Art,Warli Painting,170.73,1,Srinagar,Jammu and Kashmir,0.676,0.2432,Normal,2181.32,Natural Pigment
Ceramics,Tableware,358.43,3,Kashmir,Jammu and Kashmir,0.235,0.1211,Wedding,1668.29,Stoneware
Paintings & Art,Tanjore Painting,534.89,4,Moradabad,Uttar Pradesh,0.337,0.0161,Summer,2098.94,Acrylic
Woodcraft,Figurine,540.09,2,Moradabad,Uttar Pradesh,0.679,-0.0136,Wedding,4828.62,Wood
Handmade Jewellery,Terracotta Jewellery,324.72,4,Raghurajpur,Odisha,0.456,-0.1131,Normal,2975.4,Terracotta
Metal Crafts,Brassware,1063.47,7,Jaipur,Rajasthan,0.857,0.0557,Monsoon,6225.03,Brass
Paintings & Art,Tanjore Painting,166.62,5,Srikalahasti,Andhra Pradesh,0.632,0.0347,Winter,2649.29,Natural Pigment
Leather & Traditional Craft,Decorative Leather Product,594.76,4,Srikalahasti,Andhra Pradesh,0.895,-0.12,Festival,3756.94,Leather
Embroidery & Needlecraft,Embroidered Bag,57.83,5,Jaipur,Rajasthan,0.887,-0.0163,Summer,2367.32,Jute
Handloom & Textiles,Towel,529.02,6,Thanjavur,Tamil Nadu,0.659,0.0492,Wedding,4141.24,Linen
Paintings & Art,Sketch,432.56,8,Thanjavur,Tamil Nadu,0.579,0.1813,Festival,2946.58,Ink
Paintings & Art,Phad Painting,361.96,7,Srikalahasti,Andhra Pradesh,0.851,-0.047,Summer,3011.94,Natural Pigment
Embroidery & Needlecraft,Cushion Cover,499.21,4,Bastar,Chhattisgarh,0.469,-0.0597,Normal,2823.05,Linen
Handmade Jewellery,Lac Jewellery,559.4,4,Kolkata,West Bengal,0.888,0.0142,Festival,5219.55,Lac
Metal Crafts,Metal Sculpture,1041.47,8,Pochampally,Telangana,0.589,0.1217,Wedding,5251.87,Brass
Ceramics,Mug,227.29,1,Khurja,Uttar Pradesh,0.776,-0.0738,Normal,1342.99,Ceramic
"Bamboo, Cane & Natural Fibre",Bag,267.28,3,Jaipur,Rajasthan,0.503,0.0741,Festival,2231.63,Bamboo
Handmade Home Décor,Mirror,62.4,6,Etikoppaka,Andhra Pradesh,0.246,0.117,Normal,1352.08,Bamboo
Handmade Bags & Accessories,Scarf,477.78,5,Raghurajpur,Odisha,0.33,0.1504,Normal,2280.21,Silk
Handloom & Textiles,Fabric,463.25,8,Srinagar,Jammu and Kashmir,0.588,0.1952,Normal,3218.78,Cotton
"Bamboo, Cane & Natural Fibre",Bottle/Container,184.61,2,Moradabad,Uttar Pradesh,0.549,-0.0449,Winter,1772.39,Cane
Handmade Jewellery,Necklace,240.83,5,Srinagar,Jammu and Kashmir,0.709,0.0422,Normal,1700.47,Beads
Handmade Toys,Educational Toy,191.07,2,Channapatna,Karnataka,0.748,0.1075,Normal,1842.76,Wood
Handmade Jewellery,Lac Jewellery,454.62,4,Raghurajpur,Odisha,0.743,0.1005,Wedding,2935.19,Lac
Metal Crafts,Brassware,1614.68,6,Etikoppaka,Andhra Pradesh,0.759,0.0717,Summer,5533.75,Brass
Metal Crafts,Brassware,1114.57,2,Thanjavur,Tamil Nadu,0.662,-0.0615,Festival,7756.1,Brass
Leather & Traditional Craft,Leather Bag,746.57,3,Kashmir,Jammu and Kashmir,0.784,-0.0142,Normal,2699.76,Leather
"Bamboo, Cane & Natural Fibre",Furniture,377.17,3,Madhubani,Bihar,0.819,0.1346,Normal,1752.28,Cane
Handmade Home Décor,Mirror,405.92,3,Saharanpur,Uttar Pradesh,0.646,-0.0778,Normal,2303.62,Wood
Pottery & Terracotta,Clay Lamp,82.52,1,Thanjavur,Tamil Nadu,0.393,-0.0197,Normal,917.63,Terracotta
Embroidery & Needlecraft,Quilt,33.33,5,Kondapalli,Andhra Pradesh,0.494,-0.0483,Winter,993.4,Cotton
Pottery & Terracotta,Terracotta Figurine,151.24,4,Thanjavur,Tamil Nadu,0.92,-0.0484,Normal,1593.72,Terracotta
Handmade Bags & Accessories,Tote Bag,476.58,3,Khurja,Uttar Pradesh,0.754,0.0683,Normal,2926.69,Canvas
Handmade Home Décor,Dreamcatcher,549.62,8,Kolkata,West Bengal,0.892,0.0967,Normal,2660.15,Cotton
Metal Crafts,Jewellery,2172.24,6,Saharanpur,Uttar Pradesh,0.782,0.0694,Summer,9056.56,Silver
Handmade Toys,Stuffed Toy,128.55,4,Srinagar,Jammu and Kashmir,0.435,0.0838,Summer,1418.19,Jute
Handmade Jewellery,Terracotta Jewellery,208.08,4,Bastar,Chhattisgarh,0.904,0.2328,Winter,2120.19,Terracotta
Metal Crafts,Lamp,1153.11,5,Narsapur,Andhra Pradesh,0.392,-0.0518,Monsoon,3486.25,Copper
Handmade Bags & Accessories,Scarf,257.35,4,Bhubaneswar,Odisha,0.553,0.015,Festival,2673.2,Linen
Leather & Traditional Craft,Leather Bag,1057.9,5,Assam,Assam,0.758,0.0796,Normal,5626.6,Leather
Handloom & Textiles,Scarf,563.56,5,Etikoppaka,Andhra Pradesh,0.738,0.1332,Normal,3297.63,Wool
Woodcraft,Figurine,645.54,8,Moradabad,Uttar Pradesh,0.69,0.0809,Normal,4165.74,Wood
Pottery & Terracotta,Kitchenware,30.0,2,Saharanpur,Uttar Pradesh,0.541,-0.0332,Normal,1230.09,Terracotta
Natural / Eco-friendly Crafts,Banana-fibre Product,30.0,3,Kolkata,West Bengal,0.242,-0.0622,Normal,1059.93,Banana Fibre
Paintings & Art,Gond Art,283.64,7,Channapatna,Karnataka,0.595,-0.0136,Normal,1226.5,Acrylic
Ceramics,Vase,175.16,1,Madhubani,Bihar,0.6,0.033,Normal,1120.83,Stoneware
Paintings & Art,Phad Painting,280.23,9,Pochampally,Telangana,0.783,-0.039,Normal,2143.22,Cotton
"Bamboo, Cane & Natural Fibre",Bag,91.98,2,Assam,Assam,0.847,0.0373,Normal,1417.02,Jute
"Bamboo, Cane & Natural Fibre",Basket,394.72,4,Srinagar,Jammu and Kashmir,0.667,0.0276,Normal,2221.76,Jute
Pottery & Terracotta,Kitchenware,41.8,3,Thanjavur,Tamil Nadu,0.742,0.1871,Winter,1404.15,Terracotta
Metal Crafts,Metal Sculpture,1206.45,5,Kutch,Gujarat,0.29,-0.1928,Summer,5882.53,Brass
Woodcraft,Box,678.65,5,Khurja,Uttar Pradesh,0.305,0.1341,Normal,3332.48,Wood
Ceramics,Home Décor,252.93,2,Moradabad,Uttar Pradesh,0.55,0.149,Monsoon,1801.79,Porcelain
Handmade Jewellery,Metal Jewellery,971.28,2,Kashmir,Jammu and Kashmir,0.52,-0.0527,Normal,2270.52,Silver
Handmade Bags & Accessories,Clutch,432.3,2,Khurja,Uttar Pradesh,0.557,-0.0031,Summer,1767.98,Lac
Handmade Toys,Puppet,180.23,5,Moradabad,Uttar Pradesh,0.678,0.0228,Festival,2184.38,Wood
Natural / Eco-friendly Crafts,Handmade Paper Product,228.87,2,Kutch,Gujarat,0.906,0.1673,Winter,2207.36,Handmade Paper
Natural / Eco-friendly Crafts,Banana-fibre Product,185.42,4,Bastar,Chhattisgarh,0.825,0.0275,Normal,1725.21,Banana Fibre
Pottery & Terracotta,Terracotta Figurine,40.19,3,Raghurajpur,Odisha,0.563,-0.0147,Normal,1469.11,Clay
Paintings & Art,Gond Art,375.21,10,Srinagar,Jammu and Kashmir,0.458,0.0478,Normal,1940.2,Acrylic
Embroidery & Needlecraft,Embroidered Clothing,416.34,7,Kutch,Gujarat,0.694,0.1998,Normal,3412.98,Cotton
Handmade Bags & Accessories,Handbag,151.6,3,Raghurajpur,Odisha,0.554,0.1035,Festival,2683.69,Cane
Handloom & Textiles,Dupatta,247.87,9,Srinagar,Jammu and Kashmir,0.447,0.0638,Normal,1504.63,Wool
Handloom & Textiles,Saree,707.41,5,Kutch,Gujarat,0.706,-0.0221,Winter,3026.48,Wool
Paintings & Art,Folk Painting,84.94,4,Khurja,Uttar Pradesh,0.69,0.1095,Normal,1448.0,Natural Pigment
Embroidery & Needlecraft,Table Runner,228.34,5,Kolkata,West Bengal,0.6,0.0218,Summer,2992.99,Cotton
Handmade Bags & Accessories,Handbag,237.79,2,Moradabad,Uttar Pradesh,0.609,0.1122,Festival,1546.97,Cane
Handmade Bags & Accessories,Backpack,278.78,3,Narsapur,Andhra Pradesh,0.289,0.0704,Winter,1886.34,Leather
Ceramics,Plate,340.4,3,Bastar,Chhattisgarh,0.645,0.0058,Summer,2274.91,Stoneware
Ceramics,Decorative Piece,283.82,3,Thanjavur,Tamil Nadu,0.728,0.1713,Winter,1777.97,Ceramic
Woodcraft,Wooden Toy,488.87,7,Kondapalli,Andhra Pradesh,0.524,0.1483,Normal,3994.8,Wood
Leather & Traditional Craft,Traditional Leather Craft,829.05,9,Thanjavur,Tamil Nadu,0.25,-0.0045,Winter,2482.26,Leather
Pottery & Terracotta,Planter,140.01,2,Assam,Assam,0.582,-0.0418,Festival,1389.4,Terracotta
Leather & Traditional Craft,Leather Bag,365.35,4,Kashmir,Jammu and Kashmir,0.498,-0.1746,Winter,3141.64,Leather
Paintings & Art,Phad Painting,294.08,3,Kutch,Gujarat,0.538,-0.0809,Normal,1431.04,Cotton
Leather & Traditional Craft,Leather Bag,938.05,6,Narsapur,Andhra Pradesh,0.837,0.0947,Normal,4693.56,Leather
Leather & Traditional Craft,Traditional Leather Craft,1061.48,6,Kutch,Gujarat,0.731,-0.0803,Winter,5308.34,Leather
Ceramics,Bowl,188.0,4,Khurja,Uttar Pradesh,0.633,0.0177,Wedding,1725.55,Ceramic
Handmade Toys,Traditional Toy,175.02,3,Assam,Assam,0.885,0.0148,Wedding,1764.29,Cloth
Handmade Home Décor,Candle,490.75,3,Srikalahasti,Andhra Pradesh,0.655,-0.0729,Normal,2587.24,Beeswax
Handmade Bags & Accessories,Basket,224.12,4,Assam,Assam,0.64,0.1018,Winter,2103.49,Jute
Handmade Bags & Accessories,Clutch,303.0,2,Saharanpur,Uttar Pradesh,0.582,0.014,Festival,2324.75,Lac
Leather & Traditional Craft,Traditional Leather Craft,557.1,7,Narsapur,Andhra Pradesh,0.518,0.0908,Normal,2958.72,Leather
Metal Crafts,Copperware,1014.63,8,Pochampally,Telangana,0.742,0.0928,Normal,6042.25,Copper
Embroidery & Needlecraft,Table Runner,653.73,3,Srinagar,Jammu and Kashmir,0.642,0.0494,Normal,3912.47,Silk
Handmade Toys,Puppet,328.25,6,Thanjavur,Tamil Nadu,0.628,0.0427,Normal,1914.04,Leather
Natural / Eco-friendly Crafts,Natural-fibre Basket,214.93,3,Raghurajpur,Odisha,0.588,0.0605,Winter,2074.16,Palm Leaf
Leather & Traditional Craft,Leather Bag,756.32,6,Kondapalli,Andhra Pradesh,0.71,0.0024,Monsoon,3888.9,Leather
Handmade Bags & Accessories,Accessories,138.31,4,Saharanpur,Uttar Pradesh,0.733,0.0932,Winter,2636.61,Jute
"Bamboo, Cane & Natural Fibre",Bottle/Container,252.35,3,Srinagar,Jammu and Kashmir,0.692,0.0439,Normal,1268.63,Bamboo
Natural / Eco-friendly Crafts,Jute Product,135.63,4,Assam,Assam,0.76,0.1419,Monsoon,2054.91,Jute
Embroidery & Needlecraft,Embroidered Clothing,283.18,5,Etikoppaka,Andhra Pradesh,0.904,0.0025,Festival,2364.72,Cotton
Natural / Eco-friendly Crafts,Eco-friendly Packaging,203.17,4,Jaipur,Rajasthan,0.342,0.0836,Normal,1291.39,Palm Leaf
Handmade Jewellery,Bangles,347.8,2,Madhubani,Bihar,0.519,0.0057,Normal,1643.94,Glass
Paintings & Art,Pattachitra,256.61,6,Raghurajpur,Odisha,0.331,0.1458,Normal,2429.34,Natural Pigment
Woodcraft,Wall Décor,562.77,12,Srikalahasti,Andhra Pradesh,0.551,-0.0521,Normal,3373.69,Wood
Natural / Eco-friendly Crafts,Coir Product,175.41,3,Assam,Assam,0.751,0.0772,Festival,1895.0,Coir
Handmade Bags & Accessories,Clutch,220.52,5,Kolkata,West Bengal,0.68,-0.0381,Winter,3026.68,Lac
Handloom & Textiles,Bedsheet,688.4,7,Bastar,Chhattisgarh,0.684,0.0547,Normal,3708.98,Linen
Ceramics,Bowl,273.14,2,Channapatna,Karnataka,0.622,0.2065,Festival,1765.2,Ceramic
Ceramics,Ceramic Jewellery,99.74,2,Bastar,Chhattisgarh,0.615,-0.1732,Normal,1504.1,Ceramic
Ceramics,Decorative Piece,200.27,1,Thanjavur,Tamil Nadu,0.74,-0.0272,Festival,2225.43,Stoneware
Embroidery & Needlecraft,Embroidered Clothing,712.0,5,Srikalahasti,Andhra Pradesh,0.807,0.021,Monsoon,2680.85,Silk
Leather & Traditional Craft,Footwear,1027.85,8,Kashmir,Jammu and Kashmir,0.439,0.0717,Winter,4775.28,Leather
Handmade Jewellery,Wooden Jewellery,608.49,5,Channapatna,Karnataka,0.739,0.0395,Normal,3985.35,Wood
Paintings & Art,Gond Art,445.03,6,Channapatna,Karnataka,0.637,0.0662,Festival,4388.49,Natural Pigment
Handmade Jewellery,Metal Jewellery,676.51,2,Kashmir,Jammu and Kashmir,0.756,0.1486,Normal,2671.81,Copper
Handmade Home Décor,Showpiece,596.57,2,Srinagar,Jammu and Kashmir,0.847,0.0617,Summer,3326.25,Metal
Pottery & Terracotta,Clay Pot,75.86,2,Pochampally,Telangana,0.62,-0.0581,Normal,876.82,Terracotta
"Bamboo, Cane & Natural Fibre",Bag,48.91,3,Kutch,Gujarat,0.571,0.0054,Monsoon,2146.94,Jute
Paintings & Art,Tanjore Painting,767.57,7,Madhubani,Bihar,0.703,0.207,Normal,2504.63,Gold Leaf
Natural / Eco-friendly Crafts,Palm-leaf Product,126.54,6,Khurja,Uttar Pradesh,0.551,0.0073,Normal,2111.92,Palm Leaf
Handmade Toys,Traditional Toy,127.36,2,Channapatna,Karnataka,0.516,0.0305,Summer,1891.26,Clay
Embroidery & Needlecraft,Table Runner,638.58,8,Pochampally,Telangana,0.832,0.0368,Normal,3377.67,Linen
Ceramics,Tableware,153.67,3,Saharanpur,Uttar Pradesh,0.795,0.2037,Normal,1937.92,Stoneware
Handmade Bags & Accessories,Pouch,423.08,1,Kondapalli,Andhra Pradesh,0.653,-0.0809,Normal,2110.1,Leather
"Bamboo, Cane & Natural Fibre",Tray,194.93,4,Kashmir,Jammu and Kashmir,0.67,0.1428,Wedding,2937.2,Bamboo
Metal Crafts,Jewellery,1629.88,5,Bastar,Chhattisgarh,0.682,0.0408,Normal,7468.99,Silver
Leather & Traditional Craft,Belt,920.87,7,Kutch,Gujarat,0.574,0.2183,Wedding,5397.66,Leather
Ceramics,Home Décor,302.7,2,Kolkata,West Bengal,0.721,-0.0939,Normal,1975.43,Porcelain
Natural / Eco-friendly Crafts,Palm-leaf Product,130.75,2,Khurja,Uttar Pradesh,0.777,0.1992,Normal,1787.76,Palm Leaf
Ceramics,Tableware,91.93,4,Thanjavur,Tamil Nadu,0.754,0.1128,Winter,1611.05,Ceramic
"Bamboo, Cane & Natural Fibre",Bottle/Container,216.03,5,Madhubani,Bihar,0.567,-0.0773,Normal,2186.23,Cane
Woodcraft,Wooden Jewellery,580.51,8,Khurja,Uttar Pradesh,0.683,0.2285,Normal,4241.11,Wood
Leather & Traditional Craft,Belt,897.95,4,Saharanpur,Uttar Pradesh,0.499,0.0109,Wedding,2907.96,Leather
Handloom & Textiles,Bedsheet,440.29,6,Kashmir,Jammu and Kashmir,0.468,-0.0768,Winter,3864.0,Cotton
Pottery & Terracotta,Kitchenware,30.0,2,Moradabad,Uttar Pradesh,0.608,0.0072,Normal,980.39,Terracotta
Handmade Home Décor,Showpiece,349.4,3,Kolkata,West Bengal,0.609,0.0503,Summer,2627.03,Metal
Handmade Home Décor,Dreamcatcher,259.24,5,Kashmir,Jammu and Kashmir,0.451,0.0566,Normal,1563.07,Bamboo
Paintings & Art,Madhubani Painting,186.98,7,Bhubaneswar,Odisha,0.653,0.1611,Normal,2654.41,Watercolour
Handmade Home Décor,Showpiece,259.28,1,Jaipur,Rajasthan,0.786,0.0648,Normal,1230.96,Wood
Ceramics,Vase,176.59,4,Srikalahasti,Andhra Pradesh,0.436,0.1766,Wedding,1651.05,Stoneware
Pottery & Terracotta,Terracotta Jewellery,105.07,2,Bhubaneswar,Odisha,0.55,0.0822,Festival,1202.81,Terracotta
Pottery & Terracotta,Clay Pot,157.34,2,Assam,Assam,0.681,0.0174,Normal,1210.7,Clay
Handloom & Textiles,Towel,349.66,15,Etikoppaka,Andhra Pradesh,0.161,-0.0138,Normal,3319.2,Cotton
Woodcraft,Wooden Toy,495.2,11,Kolkata,West Bengal,0.666,0.0974,Festival,5311.86,Wood
Handmade Jewellery,Metal Jewellery,1426.13,4,Madhubani,Bihar,0.236,0.1401,Normal,4102.11,Silver
Metal Crafts,Brassware,1584.34,5,Etikoppaka,Andhra Pradesh,0.689,-0.0472,Normal,4535.05,Brass
Woodcraft,Wooden Jewellery,452.62,8,Etikoppaka,Andhra Pradesh,0.531,0.0736,Normal,3195.86,Wood
Woodcraft,Wooden Toy,461.44,10,Etikoppaka,Andhra Pradesh,0.623,0.0942,Winter,2700.32,Wood
Paintings & Art,Sketch,30.0,8,Pochampally,Telangana,0.896,0.0908,Normal,2132.49,Charcoal
Natural / Eco-friendly Crafts,Handmade Paper Product,246.29,1,Kondapalli,Andhra Pradesh,0.581,0.0221,Normal,2216.15,Handmade Paper
"Bamboo, Cane & Natural Fibre",Furniture,30.0,5,Raghurajpur,Odisha,0.648,0.1316,Summer,1582.89,Cane
Handmade Bags & Accessories,Handmade Belt,550.24,4,Srikalahasti,Andhra Pradesh,0.671,0.1011,Wedding,2694.13,Leather
Handloom & Textiles,Dress Material,919.12,8,Kashmir,Jammu and Kashmir,0.732,0.0293,Summer,3440.25,Silk
"Bamboo, Cane & Natural Fibre",Household Product,256.26,1,Etikoppaka,Andhra Pradesh,0.801,0.0518,Monsoon,1899.64,Bamboo
Metal Crafts,Metal Sculpture,2020.61,4,Kutch,Gujarat,0.858,0.1044,Normal,6921.65,Bell Metal
Handloom & Textiles,Shawl,223.14,12,Thanjavur,Tamil Nadu,0.511,0.0052,Festival,3154.28,Cotton
Pottery & Terracotta,Decorative Pot,85.23,3,Etikoppaka,Andhra Pradesh,0.806,0.0802,Normal,1399.96,Terracotta
Metal Crafts,Jewellery,1791.14,9,Channapatna,Karnataka,0.52,0.1606,Monsoon,8132.39,Silver
Pottery & Terracotta,Clay Lamp,152.5,1,Madhubani,Bihar,0.706,-0.1551,Winter,1358.49,Terracotta
Handmade Home Décor,Wall Hanging,469.59,3,Assam,Assam,0.251,0.0843,Wedding,2772.62,Bamboo
Leather & Traditional Craft,Wallet,649.84,4,Etikoppaka,Andhra Pradesh,0.736,0.1652,Monsoon,3299.8,Leather
Handloom & Textiles,Scarf,743.1,2,Moradabad,Uttar Pradesh,0.542,0.0314,Normal,2068.84,Wool
Embroidery & Needlecraft,Table Runner,261.54,3,Kolkata,West Bengal,0.558,0.024,Normal,1885.78,Cotton
Paintings & Art,Miniature Painting,373.05,6,Thanjavur,Tamil Nadu,0.681,-0.0137,Festival,2257.88,Natural Pigment
Natural / Eco-friendly Crafts,Jute Product,74.66,4,Srinagar,Jammu and Kashmir,0.246,0.0019,Festival,1036.78,Jute
Pottery & Terracotta,Terracotta Jewellery,30.0,3,Bastar,Chhattisgarh,0.459,-0.0001,Wedding,1300.64,Terracotta
Ceramics,Bowl,193.24,3,Etikoppaka,Andhra Pradesh,0.785,-0.0629,Normal,2218.84,Stoneware
Woodcraft,Wooden Jewellery,366.4,13,Kutch,Gujarat,0.697,0.0113,Wedding,4238.63,Wood
Handloom & Textiles,Saree,589.83,6,Bastar,Chhattisgarh,0.6,0.1,Summer,2512.79,Silk
"Bamboo, Cane & Natural Fibre",Tray,231.67,5,Jaipur,Rajasthan,0.832,-0.0818,Wedding,2695.26,Cane
Handmade Jewellery,Handmade Earrings,736.26,4,Raghurajpur,Odisha,0.671,0.0648,Monsoon,2232.45,Brass
Natural / Eco-friendly Crafts,Handmade Paper Product,116.58,2,Thanjavur,Tamil Nadu,0.373,0.0761,Summer,1063.71,Handmade Paper
Embroidery & Needlecraft,Quilt,539.19,12,Madhubani,Bihar,0.311,0.0446,Normal,1920.16,Wool
Leather & Traditional Craft,Wallet,819.88,2,Kutch,Gujarat,0.84,0.097,Normal,2939.96,Leather
Embroidery & Needlecraft,Table Runner,296.65,6,Thanjavur,Tamil Nadu,0.757,-0.053,Normal,1790.41,Cotton
Metal Crafts,Brassware,1115.33,6,Jaipur,Rajasthan,0.388,-0.0973,Normal,3113.93,Brass
"Bamboo, Cane & Natural Fibre",Tray,139.81,2,Kutch,Gujarat,0.754,0.0925,Monsoon,1353.17,Bamboo
Metal Crafts,Metal Sculpture,1006.91,6,Srikalahasti,Andhra Pradesh,0.575,0.136,Normal,3632.72,Brass
Pottery & Terracotta,Clay Pot,111.04,1,Srikalahasti,Andhra Pradesh,0.649,0.17,Normal,1847.98,Terracotta
Handmade Bags & Accessories,Tote Bag,247.44,2,Bhubaneswar,Odisha,0.636,0.1062,Festival,1400.56,Jute
Handmade Toys,Handmade Game,243.09,2,Kondapalli,Andhra Pradesh,0.81,-0.0055,Normal,1434.35,Wood
Embroidery & Needlecraft,Cushion Cover,738.28,4,Pochampally,Telangana,0.643,0.1152,Normal,3993.4,Linen
Woodcraft,Kitchenware,584.41,9,Kashmir,Jammu and Kashmir,0.698,0.0932,Normal,4122.74,Wood
Handmade Jewellery,Tribal Jewellery,1016.21,4,Pochampally,Telangana,0.539,-0.0717,Normal,2906.71,Silver
"Bamboo, Cane & Natural Fibre",Bag,326.02,1,Saharanpur,Uttar Pradesh,0.823,0.069,Winter,1829.77,Bamboo
Woodcraft,Tray,531.1,7,Srikalahasti,Andhra Pradesh,0.727,0.0846,Monsoon,3722.62,Wood
Embroidery & Needlecraft,Quilt,443.92,3,Raghurajpur,Odisha,0.638,0.1588,Normal,3118.05,Cotton
Paintings & Art,Miniature Painting,376.83,7,Srinagar,Jammu and Kashmir,0.653,0.1486,Festival,2403.33,Handmade Paper
Ceramics,Bowl,238.14,3,Narsapur,Andhra Pradesh,0.59,-0.0227,Wedding,2582.91,Ceramic
Metal Crafts,Copperware,1449.48,4,Channapatna,Karnataka,0.424,0.1756,Normal,3866.84,Copper
Metal Crafts,Metal Sculpture,1217.43,5,Thanjavur,Tamil Nadu,0.69,-0.0497,Summer,4168.94,Copper
Woodcraft,Wooden Jewellery,668.63,9,Kondapalli,Andhra Pradesh,0.691,0.1452,Normal,3919.43,Wood
Ceramics,Plate,207.01,2,Bhubaneswar,Odisha,0.707,0.0758,Normal,1859.09,Stoneware
Embroidery & Needlecraft,Wall Hanging,569.23,9,Kolkata,West Bengal,0.673,0.0961,Wedding,3799.27,Cotton
Handmade Bags & Accessories,Clutch,333.84,2,Khurja,Uttar Pradesh,0.452,-0.0069,Normal,2753.38,Lac
Embroidery & Needlecraft,Cushion Cover,251.57,6,Kashmir,Jammu and Kashmir,0.942,0.2081,Festival,2278.32,Linen
Handmade Bags & Accessories,Backpack,334.68,2,Kolkata,West Bengal,0.814,-0.0049,Normal,2427.66,Canvas
Leather & Traditional Craft,Leather Bag,843.85,3,Kolkata,West Bengal,0.764,0.1132,Normal,4905.62,Leather
Leather & Traditional Craft,Traditional Leather Craft,721.85,6,Raghurajpur,Odisha,0.624,0.2634,Normal,2995.61,Leather
Metal Crafts,Bell-metal Product,1499.51,8,Jaipur,Rajasthan,0.733,-0.0001,Normal,8841.7,Bell Metal
Pottery & Terracotta,Planter,106.02,3,Srikalahasti,Andhra Pradesh,0.508,-0.0164,Normal,1435.82,Terracotta
Pottery & Terracotta,Clay Lamp,62.49,2,Bhubaneswar,Odisha,0.542,0.1179,Normal,1156.41,Terracotta
Metal Crafts,Brassware,1145.47,6,Bastar,Chhattisgarh,0.777,0.0141,Normal,3240.76,Brass
Handmade Toys,Puppet,244.25,3,Channapatna,Karnataka,0.502,-0.0142,Festival,2488.98,Cotton
Paintings & Art,Madhubani Painting,350.7,6,Etikoppaka,Andhra Pradesh,0.679,0.1101,Normal,1907.77,Watercolour
Handloom & Textiles,Saree,809.24,7,Kolkata,West Bengal,0.684,-0.0818,Normal,4163.54,Silk
"Bamboo, Cane & Natural Fibre",Lampshade,76.14,3,Thanjavur,Tamil Nadu,0.499,0.1558,Normal,891.33,Cane
Ceramics,Tableware,313.97,3,Assam,Assam,0.615,0.1091,Festival,2202.16,Ceramic
Ceramics,Ceramic Jewellery,190.58,2,Kolkata,West Bengal,0.59,0.0705,Normal,1647.25,Ceramic
Natural / Eco-friendly Crafts,Jute Product,79.53,4,Etikoppaka,Andhra Pradesh,0.45,-0.0329,Summer,815.33,Jute
Handmade Jewellery,Beaded Jewellery,118.54,4,Assam,Assam,0.548,0.0206,Monsoon,2989.24,Seed Beads
Handmade Bags & Accessories,Basket,288.07,5,Madhubani,Bihar,0.322,0.1745,Festival,2869.81,Bamboo
Metal Crafts,Brassware,1213.37,5,Saharanpur,Uttar Pradesh,0.707,0.042,Summer,6611.15,Brass
Handmade Jewellery,Terracotta Jewellery,39.48,3,Assam,Assam,0.811,0.1191,Normal,3352.98,Terracotta
Handloom & Textiles,Scarf,377.07,13,Srinagar,Jammu and Kashmir,0.85,0.2227,Normal,3955.74,Wool
Embroidery & Needlecraft,Cushion Cover,479.76,2,Bhubaneswar,Odisha,0.601,0.0304,Wedding,3580.29,Linen
Woodcraft,Wooden Toy,466.24,4,Raghurajpur,Odisha,0.442,0.0307,Normal,3392.72,Wood
Ceramics,Mug,271.82,3,Saharanpur,Uttar Pradesh,0.541,0.0174,Normal,1483.89,Ceramic
Handmade Bags & Accessories,Basket,30.0,5,Jaipur,Rajasthan,0.778,-0.0515,Festival,2823.57,Jute
Handmade Jewellery,Bangles,502.15,1,Kutch,Gujarat,0.454,0.0768,Winter,1885.81,Lac
Handmade Bags & Accessories,Wallet,107.92,4,Narsapur,Andhra Pradesh,0.245,-0.0239,Wedding,2352.61,Jute
Handmade Home Décor,Decorative Box,179.44,6,Kondapalli,Andhra Pradesh,0.72,0.1054,Normal,1861.73,Bamboo
Handmade Toys,Cloth Doll,194.04,5,Etikoppaka,Andhra Pradesh,0.358,-0.0094,Normal,1217.66,Wool
Embroidery & Needlecraft,Patchwork Product,289.8,6,Srinagar,Jammu and Kashmir,0.745,0.1053,Normal,2859.47,Linen
Handmade Toys,Educational Toy,189.72,3,Thanjavur,Tamil Nadu,0.58,0.23,Normal,2061.07,Wood
Woodcraft,Wooden Jewellery,400.59,15,Bhubaneswar,Odisha,0.727,0.1317,Normal,5630.26,Wood
Handloom & Textiles,Dress Material,445.32,11,Moradabad,Uttar Pradesh,0.65,-0.0628,Monsoon,3211.01,Cotton
Handloom & Textiles,Towel,398.07,14,Narsapur,Andhra Pradesh,0.588,-0.0343,Normal,3019.54,Cotton
Embroidery & Needlecraft,Wall Hanging,400.59,8,Srikalahasti,Andhra Pradesh,0.638,-0.043,Normal,2169.79,Wool
Metal Crafts,Utensil,1136.25,7,Assam,Assam,0.655,0.005,Normal,5157.44,Bell Metal
Handmade Home Décor,Candle,802.34,7,Jaipur,Rajasthan,0.428,-0.0395,Normal,2373.49,Beeswax
Handmade Home Décor,Sculpture,269.49,4,Bhubaneswar,Odisha,0.483,0.209,Normal,1779.62,Wood
Handmade Toys,Puppet,205.1,3,Srinagar,Jammu and Kashmir,0.823,0.002,Winter,1657.04,Wood
Pottery & Terracotta,Clay Lamp,206.25,3,Kolkata,West Bengal,0.644,0.2431,Wedding,1671.53,Terracotta
Natural / Eco-friendly Crafts,Natural-fibre Basket,109.59,2,Kutch,Gujarat,0.704,0.0208,Normal,1168.4,Palm Leaf
Leather & Traditional Craft,Leather Bag,863.82,4,Kolkata,West Bengal,0.692,0.0467,Festival,3113.87,Leather
Woodcraft,Sculpture,167.09,9,Narsapur,Andhra Pradesh,0.698,0.2398,Normal,1621.86,Wood
Pottery & Terracotta,Terracotta Jewellery,65.88,3,Srikalahasti,Andhra Pradesh,0.766,0.0807,Winter,1865.66,Clay
Natural / Eco-friendly Crafts,Eco-friendly Packaging,159.58,4,Raghurajpur,Odisha,0.517,0.2431,Normal,1767.07,Jute
Metal Crafts,Utensil,1325.91,4,Channapatna,Karnataka,0.624,0.1144,Monsoon,5882.26,Brass
"Bamboo, Cane & Natural Fibre",Lampshade,114.2,2,Khurja,Uttar Pradesh,0.458,0.0483,Wedding,1337.42,Jute
Handmade Home Décor,Table Décor,191.97,5,Moradabad,Uttar Pradesh,0.667,-0.0421,Wedding,2864.69,Clay
Metal Crafts,Utensil,1632.46,8,Pochampally,Telangana,0.541,-0.0143,Winter,5106.25,Copper
Ceramics,Bowl,176.36,2,Bastar,Chhattisgarh,0.748,0.1283,Festival,2322.54,Stoneware
Leather & Traditional Craft,Traditional Leather Craft,803.9,8,Moradabad,Uttar Pradesh,0.597,0.0731,Monsoon,3276.17,Leather
Handmade Jewellery,Tribal Jewellery,366.62,3,Kutch,Gujarat,0.758,-0.0303,Festival,3168.01,Beads
Handmade Jewellery,Bracelet,740.37,2,Channapatna,Karnataka,0.511,0.0808,Normal,4026.57,Brass
Woodcraft,Tray,550.7,15,Kashmir,Jammu and Kashmir,0.519,-0.0485,Normal,2780.17,Wood
Embroidery & Needlecraft,Embroidered Bag,579.41,5,Jaipur,Rajasthan,0.491,-0.0011,Summer,4097.96,Silk
Pottery & Terracotta,Terracotta Jewellery,107.02,3,Kutch,Gujarat,0.292,0.0923,Summer,830.21,Clay
Leather & Traditional Craft,Traditional Leather Craft,954.47,3,Srikalahasti,Andhra Pradesh,0.417,0.158,Normal,4554.62,Leather
Natural / Eco-friendly Crafts,Handmade Paper Product,182.62,3,Kolkata,West Bengal,0.793,0.0196,Wedding,2699.65,Handmade Paper
Paintings & Art,Madhubani Painting,246.26,6,Madhubani,Bihar,0.759,0.0525,Normal,2532.91,Natural Pigment
Ceramics,Home Décor,363.02,3,Kashmir,Jammu and Kashmir,0.573,0.0722,Normal,1660.31,Porcelain
Handmade Jewellery,Wooden Jewellery,447.6,4,Raghurajpur,Odisha,0.495,0.0355,Normal,3488.58,Wood
Pottery & Terracotta,Clay Pot,30.0,4,Kutch,Gujarat,0.627,0.0431,Winter,1544.76,Terracotta
Handmade Home Décor,Candle,359.25,3,Assam,Assam,0.517,0.0316,Normal,2091.1,Soy Wax
Ceramics,Ceramic Jewellery,246.96,3,Raghurajpur,Odisha,0.574,-0.0337,Monsoon,1220.55,Porcelain
Natural / Eco-friendly Crafts,Coir Product,54.47,2,Jaipur,Rajasthan,0.843,0.0303,Summer,1965.38,Coir
Pottery & Terracotta,Terracotta Figurine,41.08,2,Bhubaneswar,Odisha,0.49,-0.0127,Festival,634.14,Terracotta
Embroidery & Needlecraft,Embroidered Bag,331.54,7,Etikoppaka,Andhra Pradesh,0.588,0.0732,Wedding,2787.26,Jute
Handloom & Textiles,Traditional Garment,431.9,10,Saharanpur,Uttar Pradesh,0.854,0.1914,Winter,4548.58,Wool
Leather & Traditional Craft,Belt,594.02,3,Khurja,Uttar Pradesh,0.32,-0.1205,Normal,3527.61,Leather
Ceramics,Decorative Piece,50.39,1,Thanjavur,Tamil Nadu,0.678,-0.0174,Festival,1637.38,Stoneware
Handmade Home Décor,Dreamcatcher,219.73,5,Kondapalli,Andhra Pradesh,0.747,-0.0372,Normal,3198.14,Cotton
Handmade Jewellery,Necklace,397.82,3,Raghurajpur,Odisha,0.465,-0.1398,Summer,2961.86,Lac
Handmade Jewellery,Lac Jewellery,291.86,2,Pochampally,Telangana,0.446,0.1488,Wedding,1797.17,Lac
Handmade Jewellery,Metal Jewellery,1210.52,4,Kolkata,West Bengal,0.44,-0.0268,Normal,3604.77,Silver
Metal Crafts,Metal Sculpture,1053.05,8,Etikoppaka,Andhra Pradesh,0.683,0.054,Normal,6220.3,Copper
Leather & Traditional Craft,Decorative Leather Product,1088.87,9,Srinagar,Jammu and Kashmir,0.657,0.0453,Wedding,5913.74,Leather
Woodcraft,Wooden Jewellery,371.1,7,Channapatna,Karnataka,0.576,-0.0522,Wedding,3320.62,Wood
Ceramics,Home Décor,56.18,3,Srinagar,Jammu and Kashmir,0.384,0.1014,Normal,1158.72,Ceramic
Woodcraft,Wall Décor,605.17,7,Channapatna,Karnataka,0.467,0.0371,Normal,2878.12,Wood
Handmade Bags & Accessories,Clutch,682.28,1,Srinagar,Jammu and Kashmir,0.608,0.0245,Wedding,3650.82,Leather
Leather & Traditional Craft,Decorative Leather Product,784.63,6,Narsapur,Andhra Pradesh,0.803,0.0249,Normal,4905.76,Leather
Woodcraft,Decorative Panel,229.81,5,Bhubaneswar,Odisha,0.435,-0.0428,Festival,4041.63,Wood
Pottery & Terracotta,Sculpture,127.21,3,Kondapalli,Andhra Pradesh,0.313,-0.0965,Normal,1070.91,Terracotta
Woodcraft,Tray,309.06,12,Channapatna,Karnataka,0.743,0.0116,Monsoon,2050.39,Wood
Paintings & Art,Kalamkari,383.85,9,Jaipur,Rajasthan,0.647,0.059,Monsoon,3442.95,Cotton
Leather & Traditional Craft,Decorative Leather Product,746.86,5,Khurja,Uttar Pradesh,0.605,0.2985,Normal,2907.9,Leather
Paintings & Art,Handmade Wall Art,277.1,7,Srikalahasti,Andhra Pradesh,0.856,0.1235,Normal,3361.64,Handmade Paper
Pottery & Terracotta,Terracotta Jewellery,66.57,2,Etikoppaka,Andhra Pradesh,0.515,0.3,Normal,1037.23,Clay
Handmade Bags & Accessories,Scarf,436.67,3,Kolkata,West Bengal,0.81,0.0169,Monsoon,1676.86,Linen
Embroidery & Needlecraft,Cushion Cover,558.99,8,Thanjavur,Tamil Nadu,0.672,-0.0854,Festival,1835.71,Silk
Paintings & Art,Folk Painting,97.73,8,Saharanpur,Uttar Pradesh,0.601,0.0812,Summer,1012.15,Acrylic
Leather & Traditional Craft,Footwear,431.72,5,Raghurajpur,Odisha,0.781,0.0018,Normal,4292.81,Leather
Pottery & Terracotta,Planter,81.94,2,Channapatna,Karnataka,0.509,-0.1964,Monsoon,922.51,Terracotta
Natural / Eco-friendly Crafts,Jute Product,155.24,3,Madhubani,Bihar,0.784,0.053,Normal,1795.82,Jute
Metal Crafts,Brassware,1564.66,9,Saharanpur,Uttar Pradesh,0.764,-0.1756,Normal,4746.94,Brass
"Bamboo, Cane & Natural Fibre",Household Product,219.41,4,Channapatna,Karnataka,0.426,0.1948,Monsoon,1450.76,Bamboo
Natural / Eco-friendly Crafts,Palm-leaf Product,69.25,2,Moradabad,Uttar Pradesh,0.814,-0.0182,Normal,1748.68,Palm Leaf
"Bamboo, Cane & Natural Fibre",Basket,293.77,4,Kashmir,Jammu and Kashmir,0.842,0.082,Festival,3391.49,Cane
Paintings & Art,Folk Painting,159.69,5,Khurja,Uttar Pradesh,0.799,0.0219,Winter,2687.06,Natural Pigment
Pottery & Terracotta,Terracotta Jewellery,78.89,3,Srinagar,Jammu and Kashmir,0.726,0.2046,Normal,1339.73,Clay
Handmade Jewellery,Wooden Jewellery,564.76,2,Raghurajpur,Odisha,0.302,0.0862,Normal,2153.31,Wood
Handmade Toys,Handmade Game,125.62,3,Kutch,Gujarat,0.371,0.1709,Monsoon,1659.92,Paper
Leather & Traditional Craft,Decorative Leather Product,853.52,2,Kutch,Gujarat,0.764,-0.0914,Normal,4431.26,Leather
Embroidery & Needlecraft,Quilt,303.19,7,Jaipur,Rajasthan,0.578,0.1588,Normal,2702.57,Cotton
Embroidery & Needlecraft,Embroidered Clothing,650.15,9,Madhubani,Bihar,0.709,0.0341,Normal,3535.1,Silk
Pottery & Terracotta,Diya,102.37,2,Bhubaneswar,Odisha,0.654,0.0928,Monsoon,1241.7,Clay
Paintings & Art,Tanjore Painting,183.74,6,Jaipur,Rajasthan,0.274,-0.0292,Normal,2198.28,Acrylic
Embroidery & Needlecraft,Quilt,346.58,4,Thanjavur,Tamil Nadu,0.648,0.0612,Wedding,3215.7,Cotton
Handmade Bags & Accessories,Handmade Belt,333.33,4,Pochampally,Telangana,0.779,0.0421,Normal,3753.59,Jute
Metal Crafts,Copperware,898.15,4,Srinagar,Jammu and Kashmir,0.635,0.0386,Wedding,6710.36,Copper
Handmade Bags & Accessories,Clutch,474.31,2,Saharanpur,Uttar Pradesh,0.593,-0.0139,Normal,2342.45,Leather
Natural / Eco-friendly Crafts,Banana-fibre Product,100.91,2,Bhubaneswar,Odisha,0.751,-0.0412,Wedding,1475.28,Banana Fibre
Woodcraft,Wall Décor,534.02,5,Kondapalli,Andhra Pradesh,0.743,-0.0117,Festival,5288.2,Wood
Pottery & Terracotta,Sculpture,110.74,5,Srikalahasti,Andhra Pradesh,0.482,0.0946,Festival,1048.65,Clay
Handmade Home Décor,Dreamcatcher,300.66,5,Assam,Assam,0.67,0.1877,Summer,1986.24,Bamboo
Metal Crafts,Copperware,1297.14,5,Srikalahasti,Andhra Pradesh,0.395,-0.0731,Normal,6711.04,Copper
Handmade Bags & Accessories,Tote Bag,298.78,2,Srikalahasti,Andhra Pradesh,0.609,0.0955,Summer,1587.78,Jute
Handmade Bags & Accessories,Pouch,361.99,3,Moradabad,Uttar Pradesh,0.383,0.0402,Festival,2974.98,Jute
Handmade Bags & Accessories,Handmade Belt,289.96,6,Channapatna,Karnataka,0.622,0.0019,Monsoon,3305.95,Leather
Pottery & Terracotta,Decorative Pot,87.18,3,Kutch,Gujarat,0.924,0.1252,Winter,2288.03,Clay
Embroidery & Needlecraft,Wall Hanging,284.81,10,Kondapalli,Andhra Pradesh,0.392,-0.1261,Normal,1830.23,Jute
Handmade Bags & Accessories,Scarf,500.32,4,Srikalahasti,Andhra Pradesh,0.43,0.1007,Normal,3088.73,Linen
Paintings & Art,Tanjore Painting,170.11,3,Kondapalli,Andhra Pradesh,0.558,-0.0303,Normal,1390.8,Natural Pigment
Pottery & Terracotta,Clay Lamp,104.55,2,Jaipur,Rajasthan,0.466,-0.1183,Normal,791.58,Terracotta
Handmade Home Décor,Handmade Clock,154.36,2,Kondapalli,Andhra Pradesh,0.636,-0.0114,Normal,1292.52,Bamboo
Handmade Bags & Accessories,Wallet,423.54,5,Bhubaneswar,Odisha,0.351,0.1208,Normal,1574.49,Cotton
Metal Crafts,Decorative Item,1153.56,8,Etikoppaka,Andhra Pradesh,0.731,0.0763,Winter,6720.49,Brass
Handmade Home Décor,Decorative Box,340.29,5,Etikoppaka,Andhra Pradesh,0.654,0.1954,Normal,2282.87,Cane
"Bamboo, Cane & Natural Fibre",Household Product,139.47,5,Thanjavur,Tamil Nadu,0.352,0.0007,Festival,1368.48,Cane
Pottery & Terracotta,Terracotta Jewellery,179.59,2,Bastar,Chhattisgarh,0.522,-0.029,Festival,1375.9,Clay
Handloom & Textiles,Stole,320.51,2,Kondapalli,Andhra Pradesh,0.418,0.1019,Normal,1715.03,Wool
Handmade Toys,Educational Toy,218.16,1,Narsapur,Andhra Pradesh,0.466,0.0733,Normal,1002.78,Cotton
Pottery & Terracotta,Terracotta Figurine,38.29,2,Kutch,Gujarat,0.624,-0.1246,Wedding,1583.01,Terracotta
Handmade Toys,Handmade Game,171.91,3,Jaipur,Rajasthan,0.771,0.0205,Monsoon,1841.04,Paper
Handmade Jewellery,Wooden Jewellery,645.53,5,Kolkata,West Bengal,0.648,0.2769,Summer,2607.24,Wood
Paintings & Art,Folk Painting,349.14,8,Narsapur,Andhra Pradesh,0.767,-0.0244,Normal,2028.37,Watercolour
Handmade Home Décor,Dreamcatcher,187.41,1,Kolkata,West Bengal,0.339,0.0591,Normal,1159.0,Jute
Handmade Toys,Puppet,333.45,2,Madhubani,Bihar,0.508,0.0128,Festival,1446.98,Leather
Handloom & Textiles,Fabric,415.88,4,Raghurajpur,Odisha,0.255,0.0179,Normal,2328.07,Jute
Handmade Home Décor,Handmade Clock,473.86,3,Kondapalli,Andhra Pradesh,0.759,-0.1022,Normal,3801.17,Wood
Pottery & Terracotta,Decorative Pot,30.0,2,Saharanpur,Uttar Pradesh,0.533,0.1229,Normal,1152.42,Terracotta
Natural / Eco-friendly Crafts,Palm-leaf Product,103.23,3,Narsapur,Andhra Pradesh,0.82,0.2207,Normal,1614.69,Palm Leaf
Pottery & Terracotta,Clay Lamp,138.87,4,Raghurajpur,Odisha,0.435,-0.1541,Festival,1755.75,Clay
Ceramics,Ceramic Jewellery,189.19,2,Saharanpur,Uttar Pradesh,0.703,0.2846,Normal,1949.8,Ceramic
Paintings & Art,Handmade Wall Art,88.17,3,Madhubani,Bihar,0.704,-0.0599,Normal,2539.93,Canvas
Ceramics,Decorative Piece,174.18,1,Etikoppaka,Andhra Pradesh,0.735,0.1779,Festival,1747.8,Ceramic
Woodcraft,Figurine,693.51,13,Kashmir,Jammu and Kashmir,0.822,0.1619,Monsoon,6696.69,Wood
Handmade Bags & Accessories,Tote Bag,246.42,1,Bastar,Chhattisgarh,0.973,0.0455,Winter,2203.43,Cotton
Paintings & Art,Pattachitra,375.03,4,Assam,Assam,0.481,0.0786,Festival,3378.63,Cloth
Handloom & Textiles,Handwoven Bag,475.07,9,Bastar,Chhattisgarh,0.564,0.018,Winter,3065.99,Linen
Pottery & Terracotta,Decorative Pot,140.85,2,Channapatna,Karnataka,0.626,0.0636,Normal,983.11,Terracotta
Natural / Eco-friendly Crafts,Coir Product,117.61,1,Channapatna,Karnataka,0.877,0.2409,Normal,1293.64,Coir
Handloom & Textiles,Dupatta,766.3,5,Bhubaneswar,Odisha,0.441,0.0027,Normal,3110.32,Silk
Woodcraft,Decorative Panel,306.56,15,Bastar,Chhattisgarh,0.551,0.0503,Summer,2857.15,Wood
Woodcraft,Box,461.3,8,Khurja,Uttar Pradesh,0.698,-0.0371,Normal,2148.61,Wood
Handmade Home Décor,Wall Hanging,294.99,3,Pochampally,Telangana,0.555,-0.1217,Normal,2877.88,Jute
Embroidery & Needlecraft,Embroidered Bag,224.99,5,Khurja,Uttar Pradesh,0.589,0.1735,Festival,1652.02,Jute
Woodcraft,Tray,579.03,6,Srinagar,Jammu and Kashmir,0.686,-0.0504,Normal,3478.63,Wood
Embroidery & Needlecraft,Wall Hanging,274.32,9,Srikalahasti,Andhra Pradesh,0.5,-0.0188,Monsoon,3114.56,Cotton
Ceramics,Ceramic Jewellery,383.01,3,Kashmir,Jammu and Kashmir,0.775,0.0483,Festival,1795.31,Porcelain
Handmade Toys,Stuffed Toy,192.43,2,Kondapalli,Andhra Pradesh,0.582,-0.0628,Normal,1880.26,Wool
Handmade Jewellery,Metal Jewellery,533.78,2,Jaipur,Rajasthan,0.704,-0.0237,Wedding,5451.41,Copper
Woodcraft,Decorative Panel,415.03,14,Kutch,Gujarat,0.324,-0.0334,Festival,2078.6,Wood
Pottery & Terracotta,Kitchenware,58.92,1,Pochampally,Telangana,0.609,0.0476,Festival,1380.99,Clay
Metal Crafts,Lamp,1148.15,3,Thanjavur,Tamil Nadu,0.843,-0.0488,Festival,5280.22,Copper
Handmade Bags & Accessories,Handmade Belt,355.52,3,Jaipur,Rajasthan,0.822,0.0466,Normal,2721.04,Leather
Natural / Eco-friendly Crafts,Eco-friendly Packaging,63.5,2,Bhubaneswar,Odisha,0.53,0.1779,Normal,1963.48,Jute
Handmade Home Décor,Mirror,549.0,3,Bhubaneswar,Odisha,0.548,0.0003,Normal,2692.25,Wood
Handmade Bags & Accessories,Scarf,421.28,2,Bastar,Chhattisgarh,0.922,-0.1108,Monsoon,3635.36,Silk
Embroidery & Needlecraft,Table Runner,577.52,7,Khurja,Uttar Pradesh,0.784,0.1099,Summer,2373.48,Linen
Metal Crafts,Utensil,950.82,3,Assam,Assam,0.746,0.1374,Wedding,6102.01,Bell Metal
Pottery & Terracotta,Clay Pot,115.63,2,Jaipur,Rajasthan,0.814,0.1697,Normal,1830.31,Terracotta
Leather & Traditional Craft,Footwear,464.13,5,Jaipur,Rajasthan,0.812,0.0307,Winter,4978.26,Leather
Embroidery & Needlecraft,Embroidered Bag,109.09,12,Assam,Assam,0.711,0.1518,Normal,3691.73,Jute
Handloom & Textiles,Durrie,451.89,8,Etikoppaka,Andhra Pradesh,0.575,0.0212,Wedding,4739.91,Cotton
Woodcraft,Figurine,623.33,5,Khurja,Uttar Pradesh,0.393,0.0078,Normal,2142.63,Wood
Metal Crafts,Utensil,1278.26,7,Narsapur,Andhra Pradesh,0.523,-0.0243,Summer,7370.63,Bell Metal
Handmade Jewellery,Bangles,311.0,7,Kutch,Gujarat,0.692,0.0635,Winter,3076.73,Brass
Leather & Traditional Craft,Belt,1298.3,4,Srikalahasti,Andhra Pradesh,0.741,0.0663,Normal,4528.16,Leather
Handloom & Textiles,Scarf,864.76,8,Bastar,Chhattisgarh,0.791,-0.0774,Summer,3942.75,Silk
Handmade Bags & Accessories,Wallet,481.44,3,Pochampally,Telangana,0.808,0.146,Winter,2326.9,Leather
Handmade Toys,Cloth Doll,297.44,4,Channapatna,Karnataka,0.764,-0.0324,Festival,1617.1,Cotton
"Bamboo, Cane & Natural Fibre",Household Product,175.99,4,Assam,Assam,0.589,-0.0252,Festival,2347.43,Bamboo
Ceramics,Tableware,189.58,4,Etikoppaka,Andhra Pradesh,0.629,0.2111,Festival,2474.99,Stoneware
Natural / Eco-friendly Crafts,Natural-fibre Basket,177.72,6,Srinagar,Jammu and Kashmir,0.28,0.0993,Summer,1191.51,Coir
Handloom & Textiles,Shawl,618.08,11,Channapatna,Karnataka,0.52,-0.0864,Monsoon,2588.58,Linen
Embroidery & Needlecraft,Cushion Cover,411.38,10,Etikoppaka,Andhra Pradesh,0.566,0.0745,Normal,2154.17,Linen
Paintings & Art,Madhubani Painting,394.89,8,Assam,Assam,0.668,0.0986,Wedding,2530.23,Natural Pigment
Metal Crafts,Jewellery,937.85,6,Raghurajpur,Odisha,0.502,-0.0265,Winter,4240.45,Copper
Paintings & Art,Phad Painting,324.7,12,Raghurajpur,Odisha,0.711,0.1698,Normal,3506.99,Cotton
"Bamboo, Cane & Natural Fibre",Bag,216.72,5,Assam,Assam,0.47,0.1132,Summer,1273.29,Bamboo
"Bamboo, Cane & Natural Fibre",Household Product,176.15,6,Channapatna,Karnataka,0.788,0.0187,Normal,1871.46,Jute
Metal Crafts,Decorative Item,1275.01,5,Khurja,Uttar Pradesh,0.323,0.0965,Festival,7618.53,Copper
Natural / Eco-friendly Crafts,Jute Product,135.43,3,Kutch,Gujarat,0.663,0.0127,Normal,1648.3,Jute
Ceramics,Plate,198.58,2,Bhubaneswar,Odisha,0.537,0.084,Winter,2076.0,Stoneware
Paintings & Art,Handmade Wall Art,271.88,10,Bhubaneswar,Odisha,0.649,0.1276,Normal,1809.38,Canvas
Natural / Eco-friendly Crafts,Jute Product,155.22,3,Thanjavur,Tamil Nadu,0.154,0.1298,Festival,1269.39,Jute
Handmade Home Décor,Handmade Clock,474.73,6,Etikoppaka,Andhra Pradesh,0.405,-0.083,Festival,1655.55,Wood
"Bamboo, Cane & Natural Fibre",Household Product,144.34,2,Raghurajpur,Odisha,0.389,0.0232,Normal,1579.65,Cane
Handmade Jewellery,Handmade Earrings,465.02,4,Etikoppaka,Andhra Pradesh,0.693,0.3,Winter,4441.59,Beads
Woodcraft,Tray,430.97,6,Pochampally,Telangana,0.34,-0.015,Normal,3685.08,Wood
Natural / Eco-friendly Crafts,Coir Product,131.26,4,Channapatna,Karnataka,0.8,-0.0467,Winter,1581.88,Coir
Natural / Eco-friendly Crafts,Coir Product,158.31,5,Kolkata,West Bengal,0.776,0.093,Normal,1567.23,Coir
Pottery & Terracotta,Planter,192.07,4,Channapatna,Karnataka,0.551,-0.1028,Normal,1727.11,Terracotta
"Bamboo, Cane & Natural Fibre",Decorative Item,95.79,4,Raghurajpur,Odisha,0.373,0.0916,Normal,767.45,Bamboo
Metal Crafts,Copperware,943.39,8,Raghurajpur,Odisha,0.343,0.1026,Winter,3557.03,Copper
Natural / Eco-friendly Crafts,Palm-leaf Product,73.83,4,Moradabad,Uttar Pradesh,0.388,0.1822,Normal,1126.86,Palm Leaf
Leather & Traditional Craft,Belt,900.28,5,Raghurajpur,Odisha,0.579,0.0935,Winter,4433.03,Leather
Handmade Home Décor,Sculpture,595.66,7,Kondapalli,Andhra Pradesh,0.166,0.1335,Normal,3455.06,Metal
Handmade Home Décor,Decorative Box,238.42,4,Narsapur,Andhra Pradesh,0.714,-0.1047,Normal,1956.22,Bamboo
Handmade Toys,Stuffed Toy,314.72,4,Kashmir,Jammu and Kashmir,0.807,0.1476,Festival,2614.22,Wool
Metal Crafts,Lamp,585.19,8,Narsapur,Andhra Pradesh,0.634,-0.0274,Normal,5623.94,Copper
Paintings & Art,Warli Painting,419.99,8,Assam,Assam,0.787,0.1301,Normal,3360.24,Acrylic
Ceramics,Ceramic Jewellery,151.56,3,Bhubaneswar,Odisha,0.744,0.0364,Normal,1373.6,Porcelain
Pottery & Terracotta,Clay Pot,56.24,2,Jaipur,Rajasthan,0.906,-0.0071,Festival,1364.28,Terracotta
Handmade Bags & Accessories,Backpack,240.79,5,Kondapalli,Andhra Pradesh,0.76,-0.0696,Festival,2501.63,Canvas
Paintings & Art,Tanjore Painting,844.28,11,Raghurajpur,Odisha,0.826,0.0286,Festival,3672.66,Gold Leaf
Woodcraft,Sculpture,498.17,6,Etikoppaka,Andhra Pradesh,0.457,0.0363,Winter,3630.72,Wood
Handmade Jewellery,Terracotta Jewellery,469.08,5,Etikoppaka,Andhra Pradesh,0.383,0.056,Winter,3643.11,Terracotta
Handmade Jewellery,Terracotta Jewellery,200.58,7,Bastar,Chhattisgarh,0.417,0.004,Festival,3104.82,Terracotta
Handmade Home Décor,Decorative Box,531.0,8,Saharanpur,Uttar Pradesh,0.215,0.1331,Normal,1745.93,Wood
Metal Crafts,Jewellery,994.97,7,Kutch,Gujarat,0.79,-0.0424,Festival,8926.86,Copper
Handmade Jewellery,Lac Jewellery,220.94,2,Kondapalli,Andhra Pradesh,0.61,0.1242,Summer,2018.95,Lac
Natural / Eco-friendly Crafts,Palm-leaf Product,57.72,3,Assam,Assam,0.755,-0.0518,Normal,1624.67,Palm Leaf
Handloom & Textiles,Dress Material,850.91,10,Kondapalli,Andhra Pradesh,0.837,0.1209,Festival,4571.79,Silk
Pottery & Terracotta,Decorative Pot,84.22,2,Pochampally,Telangana,0.578,0.1342,Normal,1325.11,Terracotta
Handmade Home Décor,Handmade Clock,507.67,7,Raghurajpur,Odisha,0.47,0.0527,Summer,4233.7,Wood
Paintings & Art,Sketch,149.48,1,Thanjavur,Tamil Nadu,0.643,0.002,Winter,1999.13,Charcoal
Ceramics,Ceramic Jewellery,309.67,1,Kondapalli,Andhra Pradesh,0.643,0.0457,Summer,1630.1,Ceramic
Metal Crafts,Metal Sculpture,1073.89,1,Channapatna,Karnataka,0.429,0.0591,Normal,3898.16,Brass
Natural / Eco-friendly Crafts,Natural-fibre Basket,189.63,3,Narsapur,Andhra Pradesh,0.633,0.1674,Wedding,2118.9,Coir
Woodcraft,Furniture,935.19,6,Srinagar,Jammu and Kashmir,0.599,0.0035,Normal,4194.19,Teak Wood
Handmade Home Décor,Dreamcatcher,264.38,5,Thanjavur,Tamil Nadu,0.507,0.0952,Winter,3014.57,Bamboo
Handmade Jewellery,Beaded Jewellery,538.68,1,Kashmir,Jammu and Kashmir,0.724,0.0769,Monsoon,3463.91,Seed Beads
Woodcraft,Tray,76.65,6,Narsapur,Andhra Pradesh,0.502,0.0454,Normal,2201.01,Wood
Metal Crafts,Metal Sculpture,1720.73,5,Madhubani,Bihar,0.441,0.1163,Normal,3954.48,Bell Metal
Natural / Eco-friendly Crafts,Coir Product,97.2,2,Srikalahasti,Andhra Pradesh,0.42,-0.1307,Normal,1591.11,Coir
Handmade Toys,Handmade Game,123.7,1,Channapatna,Karnataka,0.416,0.0011,Normal,996.89,Cloth
Paintings & Art,Phad Painting,210.97,7,Jaipur,Rajasthan,0.615,0.0269,Wedding,3023.66,Cotton
Woodcraft,Decorative Panel,595.8,8,Bhubaneswar,Odisha,0.493,-0.109,Winter,3341.53,Wood
Metal Crafts,Decorative Item,1020.77,8,Kolkata,West Bengal,0.313,0.1478,Normal,3955.2,Copper
Handmade Jewellery,Wooden Jewellery,290.73,3,Kashmir,Jammu and Kashmir,0.651,0.0874,Normal,2403.7,Wood
Handmade Jewellery,Bracelet,134.21,1,Bastar,Chhattisgarh,0.353,0.0181,Normal,2895.55,Beads
Metal Crafts,Copperware,1110.15,6,Srinagar,Jammu and Kashmir,0.659,0.1276,Wedding,5430.35,Copper
Paintings & Art,Tanjore Painting,360.69,6,Channapatna,Karnataka,0.718,0.1166,Normal,3097.14,Acrylic
Natural / Eco-friendly Crafts,Banana-fibre Product,91.72,2,Channapatna,Karnataka,0.492,0.0332,Summer,1915.68,Banana Fibre
Handloom & Textiles,Stole,529.06,4,Moradabad,Uttar Pradesh,0.34,0.0619,Summer,2138.4,Wool
Handloom & Textiles,Blanket,519.55,9,Bhubaneswar,Odisha,0.664,-0.1218,Wedding,2622.58,Cotton
Paintings & Art,Phad Painting,387.18,4,Jaipur,Rajasthan,0.656,0.0546,Summer,3565.22,Cotton
Paintings & Art,Gond Art,300.78,7,Jaipur,Rajasthan,0.666,0.1711,Normal,2576.17,Watercolour
Handmade Toys,Handmade Game,57.84,2,Kashmir,Jammu and Kashmir,0.597,0.2079,Normal,1672.16,Paper
Handmade Home Décor,Candle,312.84,5,Bastar,Chhattisgarh,0.614,0.0433,Monsoon,2728.39,Beeswax
Paintings & Art,Warli Painting,381.24,5,Thanjavur,Tamil Nadu,0.436,0.1142,Summer,2230.18,Natural Pigment
Woodcraft,Wooden Jewellery,704.08,2,Kolkata,West Bengal,0.774,0.1103,Normal,4896.64,Wood
Embroidery & Needlecraft,Embroidered Bag,602.82,7,Moradabad,Uttar Pradesh,0.8,0.1462,Normal,3443.35,Silk
Handloom & Textiles,Dupatta,561.88,12,Kashmir,Jammu and Kashmir,0.223,-0.0437,Winter,2026.01,Silk
Embroidery & Needlecraft,Patchwork Product,381.9,7,Channapatna,Karnataka,0.82,0.0845,Normal,2209.5,Linen
Pottery & Terracotta,Clay Pot,30.0,2,Kutch,Gujarat,0.649,0.1111,Wedding,1901.73,Terracotta
Metal Crafts,Metal Sculpture,1374.44,6,Kashmir,Jammu and Kashmir,0.772,0.0895,Normal,5265.65,Brass
Metal Crafts,Decorative Item,1579.0,7,Saharanpur,Uttar Pradesh,0.884,-0.0314,Festival,6953.41,Brass
Woodcraft,Furniture,610.29,7,Narsapur,Andhra Pradesh,0.735,0.0058,Normal,2189.76,Teak Wood
Woodcraft,Furniture,566.93,10,Pochampally,Telangana,0.387,0.0618,Normal,4631.17,Sheesham Wood
Handloom & Textiles,Fabric,1106.55,5,Bhubaneswar,Odisha,0.68,0.1384,Normal,4424.83,Silk
Paintings & Art,Pattachitra,195.7,6,Saharanpur,Uttar Pradesh,0.713,0.157,Winter,2178.8,Natural Pigment
Handmade Toys,Handmade Game,279.24,2,Moradabad,Uttar Pradesh,0.745,0.021,Normal,1667.69,Wood
Woodcraft,Decorative Panel,263.09,5,Kutch,Gujarat,0.402,-0.0069,Summer,3666.3,Wood
Ceramics,Decorative Piece,118.96,5,Saharanpur,Uttar Pradesh,0.441,0.0781,Festival,2032.65,Stoneware
Handmade Home Décor,Decorative Box,173.29,4,Madhubani,Bihar,0.518,0.0043,Normal,2652.06,Cane
Ceramics,Decorative Piece,185.42,2,Madhubani,Bihar,0.571,0.0606,Monsoon,1968.54,Ceramic
"Bamboo, Cane & Natural Fibre",Furniture,307.16,4,Khurja,Uttar Pradesh,0.888,0.2183,Festival,3328.68,Cane
Pottery & Terracotta,Vase,57.74,3,Bhubaneswar,Odisha,0.81,0.1393,Normal,1969.58,Clay
Leather & Traditional Craft,Belt,849.14,5,Bastar,Chhattisgarh,0.171,-0.0343,Normal,3689.2,Leather
Handmade Bags & Accessories,Handbag,523.12,1,Khurja,Uttar Pradesh,0.491,0.1763,Normal,2747.61,Leather
Handmade Bags & Accessories,Handbag,202.29,4,Raghurajpur,Odisha,0.777,0.1984,Winter,3329.26,Jute
Natural / Eco-friendly Crafts,Banana-fibre Product,208.03,5,Kutch,Gujarat,0.621,0.0503,Festival,2482.38,Banana Fibre
Ceramics,Home Décor,242.09,1,Kashmir,Jammu and Kashmir,0.525,0.0932,Normal,1315.99,Ceramic
"Bamboo, Cane & Natural Fibre",Bottle/Container,170.25,4,Channapatna,Karnataka,0.734,0.0256,Winter,1594.29,Bamboo
Woodcraft,Kitchenware,438.46,9,Kashmir,Jammu and Kashmir,0.637,-0.0281,Normal,2070.11,Wood
Embroidery & Needlecraft,Quilt,770.24,10,Kolkata,West Bengal,0.573,-0.1005,Winter,3980.65,Wool
Embroidery & Needlecraft,Table Runner,296.75,7,Assam,Assam,0.455,0.0152,Festival,2763.72,Linen
Natural / Eco-friendly Crafts,Coir Product,68.07,5,Thanjavur,Tamil Nadu,0.798,0.0431,Summer,1431.92,Coir
Handloom & Textiles,Carpet,375.86,10,Madhubani,Bihar,0.83,-0.0071,Winter,2424.38,Jute
Handmade Home Décor,Wall Hanging,316.6,3,Pochampally,Telangana,0.556,0.0477,Normal,2575.78,Wood
"Bamboo, Cane & Natural Fibre",Furniture,259.27,4,Moradabad,Uttar Pradesh,0.677,-0.0201,Festival,2769.18,Bamboo
Ceramics,Plate,155.15,1,Madhubani,Bihar,0.571,0.022,Festival,1568.84,Stoneware
Handmade Home Décor,Handmade Clock,321.51,2,Srinagar,Jammu and Kashmir,0.809,-0.0045,Normal,2512.53,Bamboo
Handmade Bags & Accessories,Clutch,468.55,2,Raghurajpur,Odisha,0.831,-0.0153,Monsoon,3219.99,Leather
Pottery & Terracotta,Vase,189.1,1,Etikoppaka,Andhra Pradesh,0.333,0.0605,Normal,1635.66,Terracotta
Handloom & Textiles,Handwoven Bag,332.99,11,Jaipur,Rajasthan,0.549,0.0187,Normal,2688.73,Cotton
Ceramics,Cup,309.12,3,Kondapalli,Andhra Pradesh,0.493,0.0445,Normal,1985.69,Stoneware
Handmade Toys,Stuffed Toy,140.91,4,Raghurajpur,Odisha,0.815,0.0141,Normal,1970.14,Wool
Handmade Toys,Wooden Toy,214.27,1,Bastar,Chhattisgarh,0.649,0.1024,Normal,1652.04,Wood
Woodcraft,Sculpture,571.25,10,Channapatna,Karnataka,0.702,0.0045,Winter,4137.92,Wood
Leather & Traditional Craft,Wallet,601.69,3,Etikoppaka,Andhra Pradesh,0.722,-0.1024,Festival,4603.43,Leather
Handmade Jewellery,Terracotta Jewellery,40.41,3,Assam,Assam,0.568,0.0632,Winter,2060.99,Terracotta
Handmade Toys,Stuffed Toy,30.0,4,Bastar,Chhattisgarh,0.654,0.1248,Normal,1446.41,Jute
"Bamboo, Cane & Natural Fibre",Bag,154.76,5,Jaipur,Rajasthan,0.79,0.1876,Festival,2267.74,Bamboo
Handmade Toys,Traditional Toy,169.84,2,Pochampally,Telangana,0.928,0.0864,Wedding,1917.78,Clay
Handmade Home Décor,Wall Hanging,148.48,5,Kashmir,Jammu and Kashmir,0.846,0.136,Normal,2724.29,Jute
Handmade Toys,Educational Toy,55.22,3,Kutch,Gujarat,0.931,0.0886,Normal,1533.06,Cotton
Natural / Eco-friendly Crafts,Banana-fibre Product,227.25,1,Thanjavur,Tamil Nadu,0.653,-0.0221,Wedding,1918.4,Banana Fibre
Pottery & Terracotta,Vase,103.12,3,Kashmir,Jammu and Kashmir,0.567,0.0485,Normal,1274.4,Terracotta
Handmade Home Décor,Sculpture,337.22,7,Srikalahasti,Andhra Pradesh,0.629,0.1196,Wedding,3140.37,Metal
Paintings & Art,Sketch,198.97,8,Srikalahasti,Andhra Pradesh,0.36,0.1923,Winter,2297.33,Charcoal
Handloom & Textiles,Traditional Garment,371.86,13,Thanjavur,Tamil Nadu,0.716,0.0203,Festival,2930.3,Linen
Handmade Bags & Accessories,Pouch,194.93,2,Jaipur,Rajasthan,0.703,-0.0778,Monsoon,1926.14,Jute
Natural / Eco-friendly Crafts,Natural-fibre Basket,58.91,4,Khurja,Uttar Pradesh,0.309,0.0791,Festival,1690.66,Palm Leaf
Leather & Traditional Craft,Decorative Leather Product,522.23,4,Kondapalli,Andhra Pradesh,0.75,-0.2,Festival,5276.01,Leather
Handmade Jewellery,Lac Jewellery,540.82,4,Saharanpur,Uttar Pradesh,0.949,0.119,Festival,4465.01,Lac
Natural / Eco-friendly Crafts,Natural-fibre Basket,134.6,1,Madhubani,Bihar,0.632,-0.0791,Normal,1811.76,Jute
Metal Crafts,Lamp,1150.56,4,Channapatna,Karnataka,0.398,0.2359,Normal,6701.53,Brass
Natural / Eco-friendly Crafts,Palm-leaf Product,30.0,4,Channapatna,Karnataka,0.643,0.1508,Summer,1371.44,Palm Leaf
Natural / Eco-friendly Crafts,Handmade Paper Product,140.53,3,Bhubaneswar,Odisha,0.746,0.1242,Normal,1217.67,Handmade Paper
Handmade Jewellery,Metal Jewellery,601.62,2,Moradabad,Uttar Pradesh,0.724,-0.024,Normal,2806.41,Brass
Embroidery & Needlecraft,Patchwork Product,278.85,2,Raghurajpur,Odisha,0.816,0.1087,Normal,2944.99,Cotton
Handmade Bags & Accessories,Basket,166.33,3,Assam,Assam,0.57,0.0357,Festival,1384.58,Jute
Woodcraft,Figurine,526.16,11,Saharanpur,Uttar Pradesh,0.909,0.0231,Normal,4334.39,Wood
Paintings & Art,Gond Art,296.8,6,Saharanpur,Uttar Pradesh,0.598,0.0716,Normal,2020.26,Natural Pigment
Ceramics,Decorative Piece,150.9,2,Assam,Assam,0.52,0.1127,Normal,1173.61,Ceramic
Handloom & Textiles,Carpet,332.33,11,Bastar,Chhattisgarh,0.59,0.1312,Monsoon,2670.48,Jute
Natural / Eco-friendly Crafts,Handmade Paper Product,190.99,2,Saharanpur,Uttar Pradesh,0.647,0.0246,Winter,1549.93,Handmade Paper
Handmade Toys,Puppet,376.64,1,Narsapur,Andhra Pradesh,0.688,-0.0537,Normal,2692.89,Wood
"Bamboo, Cane & Natural Fibre",Furniture,207.92,4,Srinagar,Jammu and Kashmir,0.6,0.0967,Festival,1169.0,Cane
"Bamboo, Cane & Natural Fibre",Furniture,119.84,2,Assam,Assam,0.6,0.1395,Normal,1398.11,Bamboo
Pottery & Terracotta,Clay Lamp,137.12,3,Narsapur,Andhra Pradesh,0.693,-0.0268,Normal,1763.42,Terracotta
"Bamboo, Cane & Natural Fibre",Decorative Item,133.45,3,Bhubaneswar,Odisha,0.898,0.1737,Festival,2232.88,Bamboo
Handmade Home Décor,Handmade Clock,401.75,5,Khurja,Uttar Pradesh,0.465,0.3,Summer,3759.84,Bamboo
Handmade Toys,Wooden Toy,182.74,3,Bastar,Chhattisgarh,0.894,0.1264,Monsoon,1208.75,Wood
Embroidery & Needlecraft,Embroidered Bag,740.63,7,Moradabad,Uttar Pradesh,0.644,0.137,Monsoon,2534.79,Silk
Handmade Bags & Accessories,Wallet,290.19,2,Madhubani,Bihar,0.817,0.1241,Festival,1960.48,Cotton
Paintings & Art,Gond Art,136.96,1,Kolkata,West Bengal,0.91,0.1203,Festival,3212.15,Natural Pigment
Handmade Home Décor,Dreamcatcher,30.0,2,Etikoppaka,Andhra Pradesh,0.78,0.0592,Wedding,2660.3,Cotton
"Bamboo, Cane & Natural Fibre",Lampshade,273.05,5,Bastar,Chhattisgarh,0.774,0.1358,Normal,2744.41,Cane
Pottery & Terracotta,Clay Lamp,64.08,4,Assam,Assam,0.395,0.0595,Winter,1702.25,Clay
Handloom & Textiles,Shawl,540.26,8,Pochampally,Telangana,0.738,-0.1114,Summer,3083.05,Silk
Embroidery & Needlecraft,Patchwork Product,137.24,9,Channapatna,Karnataka,0.502,0.1577,Winter,1661.4,Cotton
Metal Crafts,Metal Sculpture,1593.55,5,Kutch,Gujarat,0.515,0.1328,Winter,7650.26,Brass
Handmade Jewellery,Necklace,688.4,1,Narsapur,Andhra Pradesh,0.451,0.2206,Winter,2750.78,Brass
"Bamboo, Cane & Natural Fibre",Furniture,102.11,3,Etikoppaka,Andhra Pradesh,0.653,0.0857,Festival,1741.84,Bamboo
Ceramics,Decorative Piece,61.6,5,Bastar,Chhattisgarh,0.414,-0.0489,Monsoon,1145.67,Ceramic
"Bamboo, Cane & Natural Fibre",Mat,307.04,4,Saharanpur,Uttar Pradesh,0.326,0.1257,Winter,2652.81,Bamboo
Natural / Eco-friendly Crafts,Natural-fibre Basket,156.6,1,Jaipur,Rajasthan,0.503,0.0272,Normal,1951.02,Palm Leaf
Leather & Traditional Craft,Leather Bag,628.28,9,Saharanpur,Uttar Pradesh,0.5,-0.051,Normal,3195.61,Leather
Ceramics,Tableware,280.63,3,Kutch,Gujarat,0.464,0.1349,Wedding,1703.68,Stoneware
Handmade Jewellery,Metal Jewellery,554.11,5,Assam,Assam,0.634,0.0108,Normal,2469.22,Copper
Handmade Jewellery,Necklace,652.3,3,Narsapur,Andhra Pradesh,0.611,-0.134,Summer,4465.26,Brass
Handloom & Textiles,Traditional Garment,520.95,10,Madhubani,Bihar,0.645,0.118,Normal,4556.79,Silk
"Bamboo, Cane & Natural Fibre",Decorative Item,270.63,3,Pochampally,Telangana,0.602,0.0112,Winter,1343.01,Cane
Paintings & Art,Tanjore Painting,659.39,4,Thanjavur,Tamil Nadu,0.526,0.0491,Festival,2804.28,Gold Leaf
Handloom & Textiles,Traditional Garment,657.04,11,Srikalahasti,Andhra Pradesh,0.77,0.172,Wedding,3780.69,Silk
Metal Crafts,Copperware,1307.65,4,Bastar,Chhattisgarh,0.562,0.1093,Festival,3959.99,Copper
Handmade Home Décor,Decorative Box,301.42,4,Bastar,Chhattisgarh,0.454,-0.0388,Festival,1517.88,Bamboo
Handmade Home Décor,Mirror,184.65,6,Kolkata,West Bengal,0.795,0.0924,Normal,2922.74,Bamboo
Handmade Bags & Accessories,Handmade Belt,160.35,4,Thanjavur,Tamil Nadu,0.541,0.0436,Winter,3031.7,Jute
Ceramics,Cup,393.05,5,Moradabad,Uttar Pradesh,0.483,0.1264,Monsoon,1688.64,Stoneware
Metal Crafts,Metal Sculpture,1416.77,10,Srinagar,Jammu and Kashmir,0.941,0.027,Wedding,6193.16,Copper
Leather & Traditional Craft,Wallet,953.14,4,Saharanpur,Uttar Pradesh,0.817,-0.0924,Normal,3655.66,Leather
Woodcraft,Figurine,408.83,4,Narsapur,Andhra Pradesh,0.288,0.2093,Normal,1946.89,Wood
Metal Crafts,Jewellery,2204.93,9,Pochampally,Telangana,0.518,0.1125,Festival,8359.54,Silver
Handmade Bags & Accessories,Wallet,300.75,3,Bhubaneswar,Odisha,0.601,0.024,Summer,2720.71,Jute
Leather & Traditional Craft,Leather Bag,768.82,5,Jaipur,Rajasthan,0.666,0.1763,Winter,4419.39,Leather
"Bamboo, Cane & Natural Fibre",Bottle/Container,400.93,4,Raghurajpur,Odisha,0.595,0.1117,Normal,1523.74,Cane
Woodcraft,Box,502.98,8,Etikoppaka,Andhra Pradesh,0.653,0.135,Festival,4764.6,Wood
Metal Crafts,Copperware,1642.46,5,Thanjavur,Tamil Nadu,0.474,0.1248,Normal,7344.09,Copper
Handmade Bags & Accessories,Scarf,486.19,4,Channapatna,Karnataka,0.772,0.0152,Normal,3134.78,Silk
Ceramics,Plate,126.23,2,Pochampally,Telangana,0.474,0.1033,Summer,2119.8,Ceramic
Ceramics,Bowl,129.82,1,Madhubani,Bihar,0.451,0.0257,Wedding,884.94,Stoneware
Handmade Bags & Accessories,Accessories,298.62,3,Channapatna,Karnataka,0.711,0.197,Festival,2268.45,Beads
Pottery & Terracotta,Sculpture,30.0,2,Kutch,Gujarat,0.292,0.0021,Festival,1252.9,Clay
Woodcraft,Wooden Toy,721.53,7,Channapatna,Karnataka,0.346,-0.0567,Normal,2108.92,Wood
Ceramics,Plate,165.77,1,Moradabad,Uttar Pradesh,0.339,0.0476,Festival,952.52,Ceramic
Woodcraft,Decorative Panel,582.74,8,Etikoppaka,Andhra Pradesh,0.358,0.0381,Winter,2736.42,Wood
Woodcraft,Decorative Panel,507.81,3,Madhubani,Bihar,0.465,0.0301,Festival,4466.15,Wood
Ceramics,Vase,134.3,2,Thanjavur,Tamil Nadu,0.715,0.1528,Normal,1094.88,Stoneware
Pottery & Terracotta,Planter,30.0,3,Narsapur,Andhra Pradesh,0.683,0.0779,Normal,1517.72,Clay
Leather & Traditional Craft,Footwear,578.16,4,Madhubani,Bihar,0.877,0.0755,Normal,5137.47,Leather
Handloom & Textiles,Towel,229.97,11,Kashmir,Jammu and Kashmir,0.792,0.0944,Winter,2229.17,Cotton
Handmade Home Décor,Mirror,495.26,4,Etikoppaka,Andhra Pradesh,0.774,0.0104,Winter,4921.97,Metal
Natural / Eco-friendly Crafts,Handmade Paper Product,198.38,4,Kondapalli,Andhra Pradesh,0.559,0.0742,Normal,1529.24,Handmade Paper
Paintings & Art,Miniature Painting,172.98,8,Jaipur,Rajasthan,0.23,-0.0183,Normal,2044.99,Handmade Paper
Pottery & Terracotta,Planter,101.74,2,Etikoppaka,Andhra Pradesh,0.378,0.0083,Normal,833.31,Terracotta
Handmade Jewellery,Metal Jewellery,1046.76,3,Kashmir,Jammu and Kashmir,0.608,0.0036,Normal,4654.14,Silver
Handmade Home Décor,Dreamcatcher,382.9,4,Channapatna,Karnataka,0.801,0.067,Festival,2250.55,Jute
Handmade Jewellery,Wooden Jewellery,516.74,3,Bastar,Chhattisgarh,0.719,0.1089,Winter,4845.0,Wood
Metal Crafts,Decorative Item,1376.48,1,Raghurajpur,Odisha,0.64,0.0131,Summer,3659.29,Brass
Handloom & Textiles,Carpet,120.61,3,Channapatna,Karnataka,0.566,0.1562,Normal,1932.88,Cotton
Handmade Home Décor,Handmade Clock,316.94,4,Thanjavur,Tamil Nadu,0.556,0.0308,Monsoon,3414.07,Bamboo
Handmade Bags & Accessories,Handmade Belt,145.66,3,Raghurajpur,Odisha,0.719,0.0504,Normal,2872.72,Cotton
Handmade Home Décor,Lamp,393.14,6,Assam,Assam,0.362,0.0536,Wedding,1571.48,Metal
Handmade Home Décor,Handmade Clock,464.5,5,Thanjavur,Tamil Nadu,0.493,-0.0164,Normal,2442.48,Bamboo
Embroidery & Needlecraft,Embroidered Bag,405.72,6,Moradabad,Uttar Pradesh,0.735,0.1161,Normal,4194.77,Jute
Embroidery & Needlecraft,Patchwork Product,547.7,5,Bastar,Chhattisgarh,0.498,0.1826,Normal,2616.22,Wool
Metal Crafts,Metal Sculpture,1671.94,3,Khurja,Uttar Pradesh,0.779,0.2043,Festival,7613.56,Brass
Woodcraft,Figurine,613.24,6,Narsapur,Andhra Pradesh,0.837,-0.0253,Wedding,4269.14,Wood
Natural / Eco-friendly Crafts,Coir Product,110.1,3,Saharanpur,Uttar Pradesh,0.537,0.0759,Wedding,1457.92,Coir
Embroidery & Needlecraft,Embroidered Bag,111.27,8,Bastar,Chhattisgarh,0.743,-0.1362,Normal,2614.89,Jute
Handmade Home Décor,Dreamcatcher,165.86,5,Bastar,Chhattisgarh,0.713,-0.0722,Normal,2754.12,Cotton
Handmade Bags & Accessories,Basket,576.54,3,Kondapalli,Andhra Pradesh,0.642,0.2956,Normal,2697.43,Cane
Natural / Eco-friendly Crafts,Jute Product,125.81,2,Assam,Assam,0.737,-0.0917,Normal,1704.22,Jute
Handmade Toys,Traditional Toy,182.01,3,Channapatna,Karnataka,0.448,0.067,Normal,1343.48,Cloth
Handmade Jewellery,Bangles,64.97,1,Moradabad,Uttar Pradesh,0.458,0.1048,Monsoon,1932.51,Glass
Handmade Bags & Accessories,Clutch,592.61,5,Kutch,Gujarat,0.684,0.1016,Winter,2047.12,Leather
Ceramics,Decorative Piece,274.79,1,Kondapalli,Andhra Pradesh,0.806,-0.1498,Festival,2257.92,Ceramic
Ceramics,Tableware,207.05,3,Channapatna,Karnataka,0.892,0.088,Normal,2353.84,Ceramic
Handmade Jewellery,Beaded Jewellery,323.14,1,Bastar,Chhattisgarh,0.652,0.0509,Festival,2107.17,Seed Beads
Handmade Home Décor,Dreamcatcher,481.38,3,Bastar,Chhattisgarh,0.224,-0.0163,Summer,2666.82,Cotton
Handmade Home Décor,Dreamcatcher,113.76,5,Kolkata,West Bengal,0.531,0.0818,Normal,2902.26,Cotton
"Bamboo, Cane & Natural Fibre",Bottle/Container,146.26,6,Etikoppaka,Andhra Pradesh,0.57,0.0121,Winter,1365.77,Bamboo
Handmade Jewellery,Handmade Earrings,313.85,4,Pochampally,Telangana,0.657,0.0042,Festival,3768.95,Beads
Pottery & Terracotta,Diya,36.55,3,Bastar,Chhattisgarh,0.597,0.0082,Wedding,1970.13,Terracotta
Paintings & Art,Pattachitra,299.0,4,Assam,Assam,0.782,0.1588,Normal,1573.76,Cloth
Paintings & Art,Tanjore Painting,352.42,1,Saharanpur,Uttar Pradesh,0.387,0.1732,Winter,1430.3,Natural Pigment
Leather & Traditional Craft,Decorative Leather Product,863.4,3,Pochampally,Telangana,0.657,-0.0006,Summer,3234.37,Leather
Pottery & Terracotta,Sculpture,174.3,2,Jaipur,Rajasthan,0.728,0.053,Normal,1612.18,Terracotta
Handmade Bags & Accessories,Wallet,225.7,4,Etikoppaka,Andhra Pradesh,0.681,0.0406,Wedding,1809.09,Cotton
Natural / Eco-friendly Crafts,Banana-fibre Product,147.64,3,Kondapalli,Andhra Pradesh,0.674,-0.0676,Festival,1219.13,Banana Fibre
Woodcraft,Tray,794.62,6,Kashmir,Jammu and Kashmir,0.508,0.1233,Festival,6139.24,Wood
Handmade Jewellery,Bracelet,76.07,2,Pochampally,Telangana,0.717,-0.0472,Normal,3168.47,Beads
Handmade Bags & Accessories,Tote Bag,146.58,3,Kolkata,West Bengal,0.53,-0.0529,Normal,1070.35,Canvas
Handmade Toys,Wooden Toy,235.26,3,Kondapalli,Andhra Pradesh,0.851,0.058,Normal,2138.34,Wood
Paintings & Art,Folk Painting,301.24,12,Jaipur,Rajasthan,0.473,0.2028,Summer,1783.1,Watercolour
"Bamboo, Cane & Natural Fibre",Basket,109.76,3,Kutch,Gujarat,0.475,0.041,Normal,1449.12,Jute
Embroidery & Needlecraft,Quilt,313.98,9,Moradabad,Uttar Pradesh,0.231,0.09,Normal,2719.42,Cotton
Handmade Jewellery,Metal Jewellery,1112.96,3,Saharanpur,Uttar Pradesh,0.779,-0.058,Festival,4188.28,Silver
"Bamboo, Cane & Natural Fibre",Decorative Item,268.85,3,Etikoppaka,Andhra Pradesh,0.569,0.2669,Summer,2810.05,Bamboo
Ceramics,Vase,220.63,2,Jaipur,Rajasthan,0.804,0.1028,Normal,1422.31,Stoneware
Handmade Home Décor,Wall Hanging,155.22,4,Thanjavur,Tamil Nadu,0.456,-0.0897,Normal,1837.39,Jute
Ceramics,Vase,116.42,4,Bhubaneswar,Odisha,0.663,0.121,Monsoon,1440.39,Stoneware
Natural / Eco-friendly Crafts,Jute Product,99.57,2,Thanjavur,Tamil Nadu,0.733,-0.0376,Normal,2166.78,Jute
Pottery & Terracotta,Vase,47.54,5,Narsapur,Andhra Pradesh,0.402,0.0936,Normal,1669.11,Clay
Handmade Bags & Accessories,Handbag,593.69,4,Kutch,Gujarat,0.612,-0.0943,Summer,2276.75,Leather
Paintings & Art,Pattachitra,202.56,7,Bhubaneswar,Odisha,0.544,0.1022,Normal,2228.97,Handmade Paper
Handmade Jewellery,Metal Jewellery,593.95,4,Jaipur,Rajasthan,0.803,-0.0503,Normal,3992.19,Brass
Handmade Home Décor,Sculpture,346.17,4,Khurja,Uttar Pradesh,0.79,-0.1086,Monsoon,1892.5,Metal
Handmade Jewellery,Beaded Jewellery,627.92,5,Bastar,Chhattisgarh,0.637,0.0859,Normal,3889.02,Glass Beads
Handmade Toys,Cloth Doll,149.82,2,Madhubani,Bihar,0.713,0.081,Winter,1320.59,Cotton
Handloom & Textiles,Dress Material,252.17,9,Raghurajpur,Odisha,0.772,0.0076,Normal,3308.58,Cotton
Handloom & Textiles,Scarf,300.21,11,Bhubaneswar,Odisha,0.205,0.1517,Normal,1593.58,Cotton
Woodcraft,Decorative Panel,644.18,10,Kashmir,Jammu and Kashmir,0.689,0.1198,Normal,2359.36,Wood
Handmade Home Décor,Decorative Box,232.63,3,Kolkata,West Bengal,0.571,-0.0136,Normal,1621.05,Wood
Woodcraft,Wooden Toy,527.2,3,Bastar,Chhattisgarh,0.561,-0.1182,Wedding,4475.42,Wood
Metal Crafts,Metal Sculpture,1216.99,4,Bastar,Chhattisgarh,0.596,-0.0027,Normal,3658.18,Copper
Metal Crafts,Utensil,1794.48,5,Srikalahasti,Andhra Pradesh,0.85,-0.0334,Festival,6590.49,Bell Metal
Handmade Home Décor,Sculpture,340.45,5,Narsapur,Andhra Pradesh,0.198,-0.0612,Normal,1399.82,Clay
Paintings & Art,Warli Painting,234.28,1,Srikalahasti,Andhra Pradesh,0.875,0.1279,Festival,2219.66,Watercolour
Metal Crafts,Lamp,1452.32,7,Srinagar,Jammu and Kashmir,0.411,-0.0092,Winter,5179.24,Copper
Pottery & Terracotta,Kitchenware,99.1,2,Channapatna,Karnataka,0.817,0.0215,Normal,1290.99,Clay
Woodcraft,Decorative Panel,559.41,2,Kashmir,Jammu and Kashmir,0.613,-0.0045,Wedding,2705.92,Wood
Embroidery & Needlecraft,Embroidered Clothing,410.15,3,Bhubaneswar,Odisha,0.507,0.0589,Normal,1748.58,Linen
Woodcraft,Box,709.44,5,Madhubani,Bihar,0.422,0.0382,Normal,4532.9,Wood
Handmade Jewellery,Metal Jewellery,782.2,1,Srikalahasti,Andhra Pradesh,0.605,0.0835,Winter,3722.44,Brass
Embroidery & Needlecraft,Embroidered Clothing,626.93,7,Etikoppaka,Andhra Pradesh,0.694,-0.0643,Normal,4348.54,Silk
Natural / Eco-friendly Crafts,Banana-fibre Product,58.55,3,Saharanpur,Uttar Pradesh,0.612,0.0852,Normal,1305.88,Banana Fibre
Metal Crafts,Metal Sculpture,1207.75,7,Srikalahasti,Andhra Pradesh,0.58,0.1482,Winter,4248.38,Brass
Leather & Traditional Craft,Footwear,416.85,4,Channapatna,Karnataka,0.588,-0.011,Wedding,2429.84,Leather
Handmade Jewellery,Terracotta Jewellery,394.03,1,Srikalahasti,Andhra Pradesh,0.817,0.0472,Wedding,3069.08,Terracotta
"Bamboo, Cane & Natural Fibre",Lampshade,36.58,2,Thanjavur,Tamil Nadu,0.752,0.0644,Summer,2417.09,Jute
Paintings & Art,Gond Art,276.36,1,Etikoppaka,Andhra Pradesh,0.89,-0.0086,Normal,1948.79,Acrylic
Metal Crafts,Jewellery,1219.37,3,Jaipur,Rajasthan,0.777,-0.0099,Festival,7319.32,Brass
Paintings & Art,Gond Art,148.81,5,Pochampally,Telangana,0.789,0.1672,Winter,2485.29,Watercolour
Handmade Toys,Puppet,271.53,1,Kondapalli,Andhra Pradesh,0.549,0.1075,Normal,1913.61,Wood
Embroidery & Needlecraft,Embroidered Clothing,445.8,8,Saharanpur,Uttar Pradesh,0.627,0.1141,Winter,1782.93,Linen
Handmade Home Décor,Wall Hanging,433.28,3,Etikoppaka,Andhra Pradesh,0.722,-0.0441,Wedding,3663.64,Wood
Handmade Jewellery,Terracotta Jewellery,214.49,4,Saharanpur,Uttar Pradesh,0.874,0.0369,Normal,3435.12,Terracotta
Pottery & Terracotta,Decorative Pot,43.34,3,Madhubani,Bihar,0.701,0.2535,Wedding,1445.45,Clay
"Bamboo, Cane & Natural Fibre",Bag,141.86,6,Kutch,Gujarat,0.437,-0.0627,Summer,2082.11,Jute
Handloom & Textiles,Handwoven Bag,404.6,5,Kutch,Gujarat,0.574,0.0958,Festival,2522.59,Linen
Natural / Eco-friendly Crafts,Handmade Paper Product,108.9,4,Kutch,Gujarat,0.626,0.048,Festival,1212.37,Handmade Paper
Handmade Jewellery,Beaded Jewellery,491.87,4,Bhubaneswar,Odisha,0.679,0.0329,Festival,2281.66,Glass Beads
Ceramics,Home Décor,177.79,3,Assam,Assam,0.652,0.1445,Monsoon,1787.92,Porcelain
Woodcraft,Figurine,662.27,4,Pochampally,Telangana,0.641,-0.0123,Normal,2797.97,Wood
Leather & Traditional Craft,Traditional Leather Craft,528.06,2,Kolkata,West Bengal,0.546,0.0292,Normal,2509.68,Leather
Pottery & Terracotta,Planter,49.0,3,Jaipur,Rajasthan,0.681,0.2127,Normal,1516.27,Clay
Natural / Eco-friendly Crafts,Coir Product,204.12,2,Kutch,Gujarat,0.78,0.0354,Summer,1911.76,Coir
Ceramics,Tableware,283.63,2,Kutch,Gujarat,0.764,0.0503,Normal,2161.47,Stoneware
Paintings & Art,Phad Painting,224.02,3,Assam,Assam,0.586,-0.0603,Normal,1775.97,Watercolour
"Bamboo, Cane & Natural Fibre",Basket,30.0,5,Etikoppaka,Andhra Pradesh,0.716,0.0188,Normal,1169.36,Jute
Natural / Eco-friendly Crafts,Banana-fibre Product,82.77,2,Kashmir,Jammu and Kashmir,0.578,0.0646,Normal,1671.42,Banana Fibre
Handloom & Textiles,Shawl,206.54,9,Assam,Assam,0.847,0.0411,Festival,3645.13,Cotton
Handmade Jewellery,Beaded Jewellery,483.42,3,Saharanpur,Uttar Pradesh,0.745,0.1768,Festival,3102.12,Seed Beads
Woodcraft,Furniture,260.93,8,Jaipur,Rajasthan,0.566,-0.0377,Festival,4395.26,Mango Wood
Leather & Traditional Craft,Traditional Leather Craft,1032.93,5,Raghurajpur,Odisha,0.593,0.0156,Winter,6099.13,Leather
Handmade Bags & Accessories,Clutch,480.52,3,Thanjavur,Tamil Nadu,0.806,-0.0322,Normal,3662.42,Leather
Handmade Home Décor,Lamp,520.46,6,Thanjavur,Tamil Nadu,0.439,0.0903,Winter,3264.83,Wood
"Bamboo, Cane & Natural Fibre",Household Product,285.32,1,Moradabad,Uttar Pradesh,0.941,0.1841,Normal,2086.03,Jute
Woodcraft,Wooden Toy,508.79,9,Kolkata,West Bengal,0.675,0.038,Normal,3933.42,Wood
Ceramics,Mug,312.67,2,Raghurajpur,Odisha,0.435,0.0569,Summer,1805.15,Stoneware
Handmade Jewellery,Bracelet,606.95,3,Kutch,Gujarat,0.343,0.143,Normal,2938.29,Brass
Embroidery & Needlecraft,Patchwork Product,298.59,4,Srinagar,Jammu and Kashmir,0.818,-0.0619,Monsoon,3084.39,Linen
Handloom & Textiles,Rug,346.12,12,Assam,Assam,0.741,0.1336,Normal,4138.97,Cotton
"Bamboo, Cane & Natural Fibre",Furniture,283.97,4,Bhubaneswar,Odisha,0.878,-0.0526,Summer,3103.62,Bamboo
Woodcraft,Box,272.2,5,Thanjavur,Tamil Nadu,0.696,0.065,Festival,2429.65,Wood
Handmade Jewellery,Terracotta Jewellery,98.9,4,Narsapur,Andhra Pradesh,0.654,0.0657,Winter,2535.77,Terracotta
Natural / Eco-friendly Crafts,Handmade Paper Product,227.03,5,Bhubaneswar,Odisha,0.29,0.0176,Normal,1359.28,Handmade Paper
"Bamboo, Cane & Natural Fibre",Storage Box,107.64,3,Khurja,Uttar Pradesh,0.513,-0.0216,Winter,1798.48,Palm Leaf
Ceramics,Home Décor,184.63,1,Channapatna,Karnataka,0.684,0.0673,Normal,1354.01,Ceramic
Leather & Traditional Craft,Leather Bag,935.49,5,Srinagar,Jammu and Kashmir,0.764,-0.1297,Normal,3136.88,Leather
Woodcraft,Box,525.15,12,Jaipur,Rajasthan,0.622,0.0263,Festival,4480.5,Wood
Woodcraft,Tray,510.6,6,Srinagar,Jammu and Kashmir,0.925,0.0709,Festival,2636.8,Wood
Metal Crafts,Utensil,1669.44,7,Kondapalli,Andhra Pradesh,0.627,-0.1139,Monsoon,6902.89,Copper
Natural / Eco-friendly Crafts,Banana-fibre Product,162.9,1,Srikalahasti,Andhra Pradesh,0.506,-0.0524,Normal,1036.09,Banana Fibre
Handmade Toys,Handmade Game,159.09,3,Raghurajpur,Odisha,0.724,-0.1167,Winter,1307.93,Cloth
Embroidery & Needlecraft,Embroidered Clothing,328.97,4,Bhubaneswar,Odisha,0.68,0.0834,Winter,3129.69,Linen
Handmade Home Décor,Candle,539.23,4,Kolkata,West Bengal,0.586,0.0135,Summer,1879.52,Beeswax
Handmade Home Décor,Decorative Box,41.68,6,Kolkata,West Bengal,0.615,-0.0831,Summer,989.03,Bamboo
Handmade Home Décor,Wall Hanging,446.26,4,Raghurajpur,Odisha,0.607,0.0288,Festival,4049.36,Bamboo
Pottery & Terracotta,Clay Lamp,58.58,2,Kolkata,West Bengal,0.599,0.0428,Normal,1789.34,Terracotta
Natural / Eco-friendly Crafts,Handmade Paper Product,220.33,4,Khurja,Uttar Pradesh,0.298,0.0443,Normal,1342.04,Handmade Paper
Natural / Eco-friendly Crafts,Jute Product,233.11,4,Srinagar,Jammu and Kashmir,0.721,0.0382,Wedding,1799.26,Jute
Ceramics,Decorative Piece,163.17,4,Kutch,Gujarat,0.789,0.123,Festival,2596.06,Ceramic
Embroidery & Needlecraft,Patchwork Product,549.93,3,Raghurajpur,Odisha,0.906,0.1145,Normal,2070.11,Wool
Handmade Toys,Traditional Toy,124.98,3,Kondapalli,Andhra Pradesh,0.653,0.0843,Monsoon,1311.63,Clay
Ceramics,Cup,273.7,2,Madhubani,Bihar,0.707,0.1281,Monsoon,2067.16,Stoneware
Paintings & Art,Kalamkari,598.56,2,Assam,Assam,0.63,0.0068,Normal,2443.31,Silk
Ceramics,Plate,219.76,4,Thanjavur,Tamil Nadu,0.731,0.0341,Normal,2139.28,Stoneware
Woodcraft,Kitchenware,400.84,12,Etikoppaka,Andhra Pradesh,0.397,-0.2,Festival,4119.92,Wood
Leather & Traditional Craft,Footwear,1217.83,5,Moradabad,Uttar Pradesh,0.662,0.0991,Wedding,5059.11,Leather
Handloom & Textiles,Saree,465.45,10,Narsapur,Andhra Pradesh,0.91,0.0359,Winter,4339.98,Linen
Handloom & Textiles,Carpet,366.39,8,Srinagar,Jammu and Kashmir,0.562,-0.0459,Normal,2506.47,Jute
Embroidery & Needlecraft,Patchwork Product,184.73,2,Moradabad,Uttar Pradesh,0.723,0.0263,Monsoon,1762.09,Cotton
Metal Crafts,Metal Sculpture,1371.92,7,Saharanpur,Uttar Pradesh,0.863,-0.0514,Normal,6747.39,Brass
Handmade Home Décor,Handmade Clock,217.68,4,Kolkata,West Bengal,0.86,0.1924,Winter,2125.27,Bamboo
Handmade Bags & Accessories,Accessories,208.65,5,Khurja,Uttar Pradesh,0.567,-0.1218,Festival,1258.59,Cotton
Metal Crafts,Brassware,1181.03,7,Etikoppaka,Andhra Pradesh,0.786,0.0572,Normal,5078.21,Brass
Metal Crafts,Metal Sculpture,1166.41,12,Saharanpur,Uttar Pradesh,0.431,0.0015,Winter,3223.82,Bell Metal
Handloom & Textiles,Stole,460.58,7,Kashmir,Jammu and Kashmir,0.767,0.0701,Normal,2734.48,Linen
Woodcraft,Wooden Jewellery,666.61,13,Kutch,Gujarat,0.648,-0.0283,Festival,5575.25,Wood
Embroidery & Needlecraft,Embroidered Clothing,571.49,4,Saharanpur,Uttar Pradesh,0.8,0.1475,Monsoon,2501.82,Silk
Woodcraft,Wooden Toy,240.89,14,Moradabad,Uttar Pradesh,0.774,0.0899,Normal,2065.36,Wood
Pottery & Terracotta,Diya,99.94,4,Bhubaneswar,Odisha,0.834,-0.0732,Festival,1003.4,Terracotta
Handmade Toys,Wooden Toy,255.32,1,Srikalahasti,Andhra Pradesh,0.553,0.1801,Summer,1136.17,Wood
Handmade Jewellery,Lac Jewellery,453.73,1,Moradabad,Uttar Pradesh,0.7,0.0768,Summer,3851.14,Lac
Ceramics,Plate,234.09,2,Thanjavur,Tamil Nadu,0.59,0.1212,Normal,1575.1,Stoneware
Handmade Home Décor,Wall Hanging,30.0,1,Moradabad,Uttar Pradesh,0.868,0.1332,Normal,1538.41,Bamboo
Handmade Home Décor,Table Décor,379.27,5,Kutch,Gujarat,0.747,0.1009,Normal,2327.34,Wood
Metal Crafts,Decorative Item,1481.02,7,Raghurajpur,Odisha,0.623,0.0502,Winter,5776.23,Copper
Handmade Home Décor,Handmade Clock,578.96,2,Saharanpur,Uttar Pradesh,0.652,0.0475,Normal,2231.51,Wood
"Bamboo, Cane & Natural Fibre",Household Product,66.56,3,Bhubaneswar,Odisha,0.456,0.1636,Festival,1766.81,Bamboo
Paintings & Art,Pattachitra,172.01,9,Jaipur,Rajasthan,0.765,0.0228,Festival,3169.32,Natural Pigment
Handmade Toys,Handmade Game,194.08,3,Etikoppaka,Andhra Pradesh,0.776,0.1363,Normal,2143.94,Cloth
Ceramics,Cup,114.1,3,Thanjavur,Tamil Nadu,0.676,0.0587,Normal,1811.58,Ceramic
Natural / Eco-friendly Crafts,Coir Product,30.0,2,Pochampally,Telangana,0.486,0.058,Normal,1060.69,Coir
Metal Crafts,Bell-metal Product,1375.56,1,Kolkata,West Bengal,0.576,0.2092,Monsoon,3869.61,Bell Metal
Woodcraft,Wall Décor,707.96,11,Pochampally,Telangana,0.654,0.0891,Summer,3670.64,Wood
Pottery & Terracotta,Vase,32.2,1,Bhubaneswar,Odisha,0.601,0.0022,Winter,1087.43,Clay
Handmade Bags & Accessories,Clutch,360.15,5,Narsapur,Andhra Pradesh,0.353,-0.0612,Normal,2065.67,Leather
Pottery & Terracotta,Clay Lamp,147.99,3,Jaipur,Rajasthan,0.898,0.0718,Normal,2021.9,Terracotta
Paintings & Art,Miniature Painting,269.64,6,Kashmir,Jammu and Kashmir,0.821,0.0894,Normal,2775.86,Watercolour
Handmade Jewellery,Bangles,506.42,4,Kashmir,Jammu and Kashmir,0.651,0.2459,Normal,4340.21,Brass
Handmade Home Décor,Table Décor,307.07,5,Etikoppaka,Andhra Pradesh,0.656,0.1877,Festival,2543.31,Clay
Paintings & Art,Tanjore Painting,713.88,4,Srinagar,Jammu and Kashmir,0.477,0.068,Normal,3075.05,Gold Leaf
Metal Crafts,Bell-metal Product,909.56,8,Bastar,Chhattisgarh,0.519,-0.0229,Monsoon,5022.86,Bell Metal
Natural / Eco-friendly Crafts,Palm-leaf Product,100.0,4,Kondapalli,Andhra Pradesh,0.658,0.0353,Normal,1982.98,Palm Leaf
Handloom & Textiles,Shawl,700.88,4,Srikalahasti,Andhra Pradesh,0.732,0.0385,Wedding,4025.91,Silk
Natural / Eco-friendly Crafts,Eco-friendly Packaging,96.14,5,Thanjavur,Tamil Nadu,0.38,0.1087,Monsoon,1453.73,Palm Leaf
"Bamboo, Cane & Natural Fibre",Tray,254.57,5,Srinagar,Jammu and Kashmir,0.41,0.0871,Normal,1880.86,Cane
Woodcraft,Tray,631.41,14,Kutch,Gujarat,0.338,0.1028,Normal,3804.31,Wood
Handmade Jewellery,Necklace,84.14,3,Bastar,Chhattisgarh,0.76,0.0686,Winter,1382.63,Beads
Handloom & Textiles,Carpet,143.11,11,Narsapur,Andhra Pradesh,0.727,0.1206,Summer,3656.36,Jute
Handmade Toys,Traditional Toy,167.8,5,Moradabad,Uttar Pradesh,0.379,0.1548,Normal,1046.27,Cloth
Natural / Eco-friendly Crafts,Palm-leaf Product,227.08,3,Kutch,Gujarat,0.862,0.1638,Normal,2358.25,Palm Leaf
Leather & Traditional Craft,Decorative Leather Product,780.1,2,Khurja,Uttar Pradesh,0.633,-0.1401,Festival,4894.94,Leather
Metal Crafts,Copperware,1437.67,3,Saharanpur,Uttar Pradesh,0.502,0.1222,Festival,6528.06,Copper
Paintings & Art,Phad Painting,78.55,7,Narsapur,Andhra Pradesh,0.811,0.0467,Summer,3297.17,Cotton
Natural / Eco-friendly Crafts,Palm-leaf Product,30.0,1,Narsapur,Andhra Pradesh,0.679,0.0814,Normal,1647.14,Palm Leaf
Woodcraft,Sculpture,678.77,7,Saharanpur,Uttar Pradesh,0.874,0.0795,Winter,4060.12,Wood
Ceramics,Home Décor,215.88,3,Srinagar,Jammu and Kashmir,0.48,0.019,Monsoon,1275.15,Ceramic
Natural / Eco-friendly Crafts,Handmade Paper Product,96.63,2,Jaipur,Rajasthan,0.852,0.0517,Festival,2172.47,Handmade Paper
Handmade Bags & Accessories,Accessories,148.36,6,Raghurajpur,Odisha,0.866,0.1261,Wedding,2406.42,Beads
"Bamboo, Cane & Natural Fibre",Basket,156.02,2,Srinagar,Jammu and Kashmir,0.599,0.0617,Festival,1875.46,Cane
Handmade Toys,Educational Toy,135.59,3,Srinagar,Jammu and Kashmir,0.664,0.2867,Winter,2125.96,Cotton
Embroidery & Needlecraft,Patchwork Product,213.0,3,Bhubaneswar,Odisha,0.513,0.0536,Summer,2905.39,Cotton
Natural / Eco-friendly Crafts,Eco-friendly Packaging,109.02,4,Kolkata,West Bengal,0.509,0.0184,Festival,1914.1,Palm Leaf
Handmade Home Décor,Dreamcatcher,489.18,4,Assam,Assam,0.955,0.0466,Festival,3466.91,Bamboo
"Bamboo, Cane & Natural Fibre",Bottle/Container,246.16,3,Narsapur,Andhra Pradesh,0.776,0.0287,Normal,1398.65,Cane
Woodcraft,Kitchenware,138.74,8,Assam,Assam,0.433,-0.07,Winter,3725.8,Wood
Handmade Home Décor,Dreamcatcher,251.06,7,Kondapalli,Andhra Pradesh,0.751,0.1711,Monsoon,3175.07,Bamboo
Paintings & Art,Gond Art,331.63,7,Kashmir,Jammu and Kashmir,0.475,0.1258,Normal,1970.98,Watercolour
Handmade Bags & Accessories,Wallet,356.99,4,Khurja,Uttar Pradesh,0.847,0.0638,Festival,2117.46,Cotton
Ceramics,Plate,54.27,3,Bastar,Chhattisgarh,0.399,-0.0059,Normal,1132.35,Ceramic
Handmade Toys,Cloth Doll,343.84,5,Etikoppaka,Andhra Pradesh,0.468,-0.0174,Normal,1600.63,Wool
Handloom & Textiles,Blanket,580.28,9,Bastar,Chhattisgarh,0.279,0.0338,Normal,3070.74,Cotton
"Bamboo, Cane & Natural Fibre",Storage Box,317.94,5,Channapatna,Karnataka,0.502,0.07,Normal,1871.75,Cane
Embroidery & Needlecraft,Table Runner,485.11,6,Kondapalli,Andhra Pradesh,0.617,-0.0164,Normal,1974.91,Silk
Natural / Eco-friendly Crafts,Jute Product,278.86,1,Bastar,Chhattisgarh,0.686,-0.0628,Summer,1697.91,Jute
Embroidery & Needlecraft,Wall Hanging,596.56,6,Thanjavur,Tamil Nadu,0.818,-0.005,Summer,3375.7,Cotton
Ceramics,Bowl,50.27,1,Kashmir,Jammu and Kashmir,0.667,0.1717,Normal,1055.6,Ceramic
"Bamboo, Cane & Natural Fibre",Bag,287.44,4,Raghurajpur,Odisha,0.455,-0.0191,Normal,1097.25,Cane
Handmade Toys,Stuffed Toy,30.0,4,Kashmir,Jammu and Kashmir,0.663,0.1279,Normal,1389.71,Jute
Woodcraft,Wooden Jewellery,754.41,5,Srinagar,Jammu and Kashmir,0.608,0.2074,Winter,3121.0,Wood
Woodcraft,Wooden Toy,449.5,8,Srinagar,Jammu and Kashmir,0.854,0.1641,Normal,4277.84,Wood
Woodcraft,Decorative Panel,450.12,4,Etikoppaka,Andhra Pradesh,0.648,0.2011,Festival,4749.32,Wood
"Bamboo, Cane & Natural Fibre",Storage Box,65.74,2,Kondapalli,Andhra Pradesh,0.579,0.0579,Normal,1580.95,Palm Leaf
Pottery & Terracotta,Clay Pot,133.26,2,Narsapur,Andhra Pradesh,0.5,0.0759,Festival,1611.74,Clay
Handmade Bags & Accessories,Handbag,459.99,3,Pochampally,Telangana,0.79,0.1186,Summer,4192.89,Leather
Leather & Traditional Craft,Leather Bag,793.88,8,Saharanpur,Uttar Pradesh,0.328,-0.0923,Normal,4231.51,Leather
Metal Crafts,Decorative Item,1461.61,9,Saharanpur,Uttar Pradesh,0.758,0.0415,Normal,8822.21,Brass
Natural / Eco-friendly Crafts,Jute Product,175.47,3,Raghurajpur,Odisha,0.69,0.0369,Monsoon,1521.24,Jute
Pottery & Terracotta,Terracotta Figurine,39.43,3,Bastar,Chhattisgarh,0.607,-0.0568,Festival,1149.46,Terracotta
Handmade Toys,Wooden Toy,126.99,4,Kutch,Gujarat,0.678,0.0717,Normal,1465.48,Wood
Handmade Jewellery,Bracelet,770.69,2,Moradabad,Uttar Pradesh,0.575,0.0946,Monsoon,3011.7,Brass
Embroidery & Needlecraft,Embroidered Clothing,568.85,5,Kondapalli,Andhra Pradesh,0.69,0.2105,Winter,3694.0,Cotton
Handmade Home Décor,Wall Hanging,274.91,4,Channapatna,Karnataka,0.853,0.1262,Summer,3553.54,Cotton
Handloom & Textiles,Dress Material,707.58,5,Bhubaneswar,Odisha,0.479,0.0278,Winter,3690.99,Silk
Leather & Traditional Craft,Traditional Leather Craft,706.26,7,Jaipur,Rajasthan,0.767,0.0347,Festival,2728.05,Leather
Woodcraft,Decorative Panel,413.18,12,Madhubani,Bihar,0.877,0.1111,Festival,5811.51,Wood
Handmade Toys,Handmade Game,65.21,1,Srikalahasti,Andhra Pradesh,0.787,0.2349,Normal,1806.39,Paper
Handmade Home Décor,Dreamcatcher,444.94,3,Kashmir,Jammu and Kashmir,0.643,0.165,Festival,2566.74,Cotton
Pottery & Terracotta,Vase,69.05,4,Khurja,Uttar Pradesh,0.629,-0.0347,Festival,1767.96,Clay
Handmade Toys,Educational Toy,135.06,5,Madhubani,Bihar,0.293,-0.0823,Festival,1550.25,Cotton
Natural / Eco-friendly Crafts,Natural-fibre Basket,73.5,2,Srikalahasti,Andhra Pradesh,0.659,0.1051,Summer,1265.52,Jute
Leather & Traditional Craft,Wallet,737.3,5,Jaipur,Rajasthan,0.776,0.0193,Monsoon,4170.57,Leather
Handmade Home Décor,Table Décor,270.72,8,Kutch,Gujarat,0.745,-0.094,Normal,1536.06,Ceramic
Metal Crafts,Jewellery,1337.96,1,Etikoppaka,Andhra Pradesh,0.524,0.026,Festival,9416.63,Brass
Handloom & Textiles,Handwoven Bag,296.3,4,Bastar,Chhattisgarh,0.676,-0.0808,Winter,3220.96,Cotton
Handmade Toys,Stuffed Toy,110.53,1,Etikoppaka,Andhra Pradesh,0.678,0.2457,Wedding,1333.29,Jute
Handloom & Textiles,Saree,267.38,9,Jaipur,Rajasthan,0.557,0.0771,Normal,2382.29,Linen
"Bamboo, Cane & Natural Fibre",Bottle/Container,202.72,4,Thanjavur,Tamil Nadu,0.62,-0.082,Monsoon,1438.03,Bamboo
Handmade Toys,Educational Toy,261.17,1,Srikalahasti,Andhra Pradesh,0.705,0.0109,Normal,1446.82,Wood
Handmade Toys,Cloth Doll,228.23,3,Channapatna,Karnataka,0.702,0.1386,Festival,1797.44,Wool
Paintings & Art,Madhubani Painting,30.0,10,Srikalahasti,Andhra Pradesh,0.797,0.1976,Normal,2520.55,Natural Pigment
Ceramics,Vase,234.05,2,Kashmir,Jammu and Kashmir,0.548,0.1019,Normal,1799.99,Stoneware
"Bamboo, Cane & Natural Fibre",Furniture,262.24,3,Srinagar,Jammu and Kashmir,0.657,0.0698,Normal,1978.87,Cane
Paintings & Art,Tanjore Painting,703.61,11,Thanjavur,Tamil Nadu,0.509,0.022,Normal,3545.04,Gold Leaf
Pottery & Terracotta,Diya,83.41,2,Kashmir,Jammu and Kashmir,0.469,0.2429,Normal,1204.78,Clay
Handloom & Textiles,Carpet,361.32,11,Etikoppaka,Andhra Pradesh,0.316,0.1775,Normal,2356.85,Jute
Metal Crafts,Jewellery,1648.8,3,Madhubani,Bihar,0.526,0.0106,Monsoon,5132.96,Brass
Embroidery & Needlecraft,Patchwork Product,394.98,12,Saharanpur,Uttar Pradesh,0.796,-0.0595,Winter,2959.38,Cotton
Pottery & Terracotta,Sculpture,30.0,4,Saharanpur,Uttar Pradesh,0.642,0.06,Normal,843.34,Clay
Natural / Eco-friendly Crafts,Palm-leaf Product,56.55,2,Srikalahasti,Andhra Pradesh,0.605,0.0554,Festival,1783.3,Palm Leaf
Ceramics,Mug,249.38,1,Khurja,Uttar Pradesh,0.633,0.0819,Normal,1738.52,Stoneware
Metal Crafts,Utensil,1458.95,6,Etikoppaka,Andhra Pradesh,0.446,0.1681,Normal,6098.15,Copper
Ceramics,Decorative Piece,259.13,3,Madhubani,Bihar,0.676,-0.0329,Normal,2085.61,Stoneware
"Bamboo, Cane & Natural Fibre",Decorative Item,196.32,3,Kondapalli,Andhra Pradesh,0.784,-0.0459,Normal,1392.99,Cane
Paintings & Art,Sketch,208.41,6,Raghurajpur,Odisha,0.465,-0.1461,Normal,1443.71,Graphite
Pottery & Terracotta,Vase,115.03,3,Jaipur,Rajasthan,0.639,0.0646,Wedding,1860.95,Terracotta
"Bamboo, Cane & Natural Fibre",Storage Box,174.21,4,Thanjavur,Tamil Nadu,0.732,-0.0033,Normal,2509.0,Palm Leaf
Handmade Toys,Handmade Game,208.09,3,Saharanpur,Uttar Pradesh,0.619,0.1561,Festival,1795.85,Cloth
Handloom & Textiles,Rug,263.31,6,Kashmir,Jammu and Kashmir,0.316,0.0475,Monsoon,2583.16,Cotton
Handmade Home Décor,Dreamcatcher,192.5,5,Kolkata,West Bengal,0.48,-0.0303,Normal,1263.77,Cotton
Handmade Home Décor,Lamp,198.75,2,Kashmir,Jammu and Kashmir,0.567,-0.0301,Festival,2847.07,Wood
Natural / Eco-friendly Crafts,Coir Product,142.51,4,Assam,Assam,0.57,-0.0343,Wedding,1590.1,Coir
Metal Crafts,Metal Sculpture,1459.9,7,Kondapalli,Andhra Pradesh,0.261,-0.0074,Normal,6334.04,Bell Metal
Embroidery & Needlecraft,Embroidered Bag,581.72,8,Khurja,Uttar Pradesh,0.921,0.1971,Normal,4303.3,Silk
Woodcraft,Decorative Panel,708.44,9,Kolkata,West Bengal,0.486,0.0013,Festival,3360.63,Wood
Woodcraft,Wall Décor,529.18,6,Thanjavur,Tamil Nadu,0.379,-0.1112,Normal,2810.32,Wood
Embroidery & Needlecraft,Cushion Cover,539.72,11,Assam,Assam,0.416,0.162,Normal,2289.02,Cotton
Woodcraft,Box,864.3,7,Bastar,Chhattisgarh,0.663,-0.0539,Summer,4531.17,Wood
Natural / Eco-friendly Crafts,Handmade Paper Product,139.37,5,Madhubani,Bihar,0.52,0.1625,Winter,1439.94,Handmade Paper
Metal Crafts,Brassware,1374.33,4,Kondapalli,Andhra Pradesh,0.37,0.0796,Normal,6231.74,Brass
Handmade Toys,Puppet,167.15,4,Saharanpur,Uttar Pradesh,0.614,0.2172,Wedding,2539.15,Leather
Natural / Eco-friendly Crafts,Handmade Paper Product,212.27,2,Pochampally,Telangana,0.708,0.2164,Festival,2469.97,Handmade Paper
Natural / Eco-friendly Crafts,Natural-fibre Basket,115.04,3,Bastar,Chhattisgarh,0.454,0.0217,Festival,1450.76,Coir
Pottery & Terracotta,Sculpture,75.89,4,Kashmir,Jammu and Kashmir,0.688,0.0268,Winter,1362.49,Terracotta
Handmade Jewellery,Tribal Jewellery,1373.05,6,Srikalahasti,Andhra Pradesh,0.786,0.0278,Summer,4451.69,Silver
Pottery & Terracotta,Diya,111.56,3,Bastar,Chhattisgarh,0.321,0.087,Normal,1147.56,Terracotta
Handmade Bags & Accessories,Wallet,447.32,3,Srinagar,Jammu and Kashmir,0.87,-0.093,Festival,2802.94,Leather
Metal Crafts,Decorative Item,1510.63,4,Kondapalli,Andhra Pradesh,0.805,0.054,Festival,6987.7,Brass
Handmade Toys,Stuffed Toy,255.59,3,Madhubani,Bihar,0.666,0.147,Normal,1334.54,Jute
Handmade Toys,Handmade Game,387.07,4,Kolkata,West Bengal,0.408,0.206,Festival,3021.83,Wood
Woodcraft,Wooden Toy,254.44,8,Bhubaneswar,Odisha,0.483,-0.0192,Normal,2861.65,Wood
"Bamboo, Cane & Natural Fibre",Storage Box,200.85,5,Saharanpur,Uttar Pradesh,0.589,0.1149,Monsoon,1150.57,Bamboo
"Bamboo, Cane & Natural Fibre",Tray,278.33,5,Bastar,Chhattisgarh,0.655,0.191,Normal,1864.68,Bamboo
Handloom & Textiles,Dress Material,256.61,5,Kolkata,West Bengal,0.625,-0.0785,Normal,1949.79,Linen
Handmade Toys,Traditional Toy,216.68,1,Etikoppaka,Andhra Pradesh,0.813,0.1346,Normal,1241.62,Wood
Embroidery & Needlecraft,Embroidered Clothing,449.41,6,Khurja,Uttar Pradesh,0.75,0.0027,Winter,3508.32,Linen
"Bamboo, Cane & Natural Fibre",Decorative Item,79.68,3,Kutch,Gujarat,0.798,0.0902,Festival,2349.88,Palm Leaf
Handloom & Textiles,Dupatta,563.09,3,Srinagar,Jammu and Kashmir,0.575,0.094,Summer,3245.53,Linen
Handmade Toys,Handmade Game,280.79,4,Thanjavur,Tamil Nadu,0.611,-0.0221,Normal,1499.47,Cloth
"Bamboo, Cane & Natural Fibre",Storage Box,67.78,2,Raghurajpur,Odisha,0.477,0.1434,Normal,1820.26,Bamboo
"Bamboo, Cane & Natural Fibre",Bag,193.91,2,Kashmir,Jammu and Kashmir,0.444,0.0351,Monsoon,1013.62,Cane
Paintings & Art,Miniature Painting,314.19,7,Narsapur,Andhra Pradesh,0.6,0.09,Wedding,1890.37,Watercolour
Natural / Eco-friendly Crafts,Coir Product,208.56,4,Bastar,Chhattisgarh,0.674,-0.0114,Normal,1455.25,Coir
Handmade Toys,Handmade Game,158.92,4,Khurja,Uttar Pradesh,0.703,-0.0631,Monsoon,2127.54,Wood
Leather & Traditional Craft,Belt,1009.79,5,Kolkata,West Bengal,0.604,0.0419,Normal,5838.5,Leather
Woodcraft,Decorative Panel,260.27,2,Khurja,Uttar Pradesh,0.453,0.0937,Wedding,1726.76,Wood
Leather & Traditional Craft,Traditional Leather Craft,795.36,4,Moradabad,Uttar Pradesh,0.628,0.0373,Normal,3859.42,Leather
Ceramics,Plate,198.21,1,Kashmir,Jammu and Kashmir,0.616,0.0421,Summer,1422.01,Stoneware
Handmade Bags & Accessories,Handmade Belt,149.67,5,Etikoppaka,Andhra Pradesh,0.33,0.0676,Normal,1651.62,Jute
Embroidery & Needlecraft,Wall Hanging,194.47,12,Madhubani,Bihar,0.707,0.0239,Festival,3177.89,Jute
Pottery & Terracotta,Planter,35.72,3,Srikalahasti,Andhra Pradesh,0.775,0.0037,Normal,1342.69,Clay
Natural / Eco-friendly Crafts,Handmade Paper Product,102.4,6,Moradabad,Uttar Pradesh,0.305,0.1417,Normal,1366.91,Handmade Paper
Leather & Traditional Craft,Footwear,506.8,5,Khurja,Uttar Pradesh,0.545,-0.0437,Wedding,4178.44,Leather
Embroidery & Needlecraft,Cushion Cover,393.98,7,Srinagar,Jammu and Kashmir,0.713,0.1613,Wedding,3410.67,Cotton
"Bamboo, Cane & Natural Fibre",Tray,74.22,4,Bhubaneswar,Odisha,0.486,0.1409,Normal,1355.48,Palm Leaf
Woodcraft,Wooden Toy,575.77,3,Bastar,Chhattisgarh,0.71,0.163,Festival,2810.72,Wood
Woodcraft,Kitchenware,328.95,8,Narsapur,Andhra Pradesh,0.586,-0.1062,Normal,2922.14,Wood
Handmade Home Décor,Mirror,301.51,8,Etikoppaka,Andhra Pradesh,0.404,-0.0252,Festival,2368.5,Wood
Handmade Home Décor,Lamp,295.49,4,Bastar,Chhattisgarh,0.654,-0.0962,Winter,2368.42,Clay
Paintings & Art,Madhubani Painting,383.0,1,Moradabad,Uttar Pradesh,0.604,0.1002,Normal,1448.68,Acrylic
Woodcraft,Wooden Jewellery,444.41,11,Madhubani,Bihar,0.601,0.0875,Wedding,4400.37,Wood
Handloom & Textiles,Fabric,546.63,12,Saharanpur,Uttar Pradesh,0.292,-0.0178,Monsoon,3484.79,Linen
Handmade Bags & Accessories,Pouch,434.46,4,Srikalahasti,Andhra Pradesh,0.765,0.0515,Normal,2821.94,Jute
Ceramics,Home Décor,290.5,3,Kutch,Gujarat,0.303,0.0822,Festival,1477.24,Porcelain
Ceramics,Vase,196.78,2,Saharanpur,Uttar Pradesh,0.352,0.0123,Normal,1102.9,Ceramic
Natural / Eco-friendly Crafts,Banana-fibre Product,65.41,3,Etikoppaka,Andhra Pradesh,0.572,-0.0288,Normal,933.76,Banana Fibre
Handmade Toys,Cloth Doll,134.24,2,Kutch,Gujarat,0.882,0.2072,Normal,1895.48,Cotton
Pottery & Terracotta,Clay Pot,158.7,3,Etikoppaka,Andhra Pradesh,0.837,0.003,Normal,2151.61,Clay
"Bamboo, Cane & Natural Fibre",Storage Box,70.77,4,Bhubaneswar,Odisha,0.928,0.1416,Normal,1913.47,Palm Leaf
Handmade Jewellery,Tribal Jewellery,1105.02,4,Pochampally,Telangana,0.546,0.0118,Normal,3804.99,Silver
Leather & Traditional Craft,Traditional Leather Craft,608.47,4,Kutch,Gujarat,0.56,0.0072,Normal,2300.63,Leather
Handloom & Textiles,Carpet,300.82,9,Khurja,Uttar Pradesh,0.711,0.0463,Normal,2898.41,Jute
Paintings & Art,Kalamkari,309.09,8,Etikoppaka,Andhra Pradesh,0.651,0.0612,Normal,2799.38,Natural Dye
Handmade Home Décor,Mirror,392.39,4,Kolkata,West Bengal,0.542,0.1279,Winter,3745.31,Wood
Ceramics,Ceramic Jewellery,270.02,1,Jaipur,Rajasthan,0.844,0.154,Normal,1755.86,Porcelain
Handmade Bags & Accessories,Tote Bag,325.44,4,Srinagar,Jammu and Kashmir,0.461,0.0584,Winter,1771.97,Jute
Embroidery & Needlecraft,Embroidered Bag,881.92,10,Pochampally,Telangana,0.519,-0.0454,Winter,3095.07,Silk
Embroidery & Needlecraft,Wall Hanging,600.36,6,Thanjavur,Tamil Nadu,0.587,0.0526,Summer,2170.81,Wool
Handmade Bags & Accessories,Accessories,294.6,3,Bastar,Chhattisgarh,0.469,0.0601,Normal,1687.84,Beads
"Bamboo, Cane & Natural Fibre",Lampshade,353.11,4,Saharanpur,Uttar Pradesh,0.609,0.0787,Normal,1627.13,Jute
Leather & Traditional Craft,Footwear,638.79,4,Srinagar,Jammu and Kashmir,0.498,-0.0102,Normal,3426.22,Leather
Ceramics,Ceramic Jewellery,257.74,2,Raghurajpur,Odisha,0.614,-0.0002,Normal,2302.92,Ceramic
Handmade Jewellery,Terracotta Jewellery,183.66,3,Narsapur,Andhra Pradesh,0.547,-0.0418,Summer,1153.26,Terracotta
Pottery & Terracotta,Vase,99.34,3,Narsapur,Andhra Pradesh,0.614,0.0658,Normal,1365.65,Terracotta
"Bamboo, Cane & Natural Fibre",Furniture,213.58,6,Srikalahasti,Andhra Pradesh,0.588,0.1569,Wedding,1703.36,Cane
Embroidery & Needlecraft,Embroidered Bag,365.07,8,Narsapur,Andhra Pradesh,0.599,-0.0095,Festival,2650.81,Jute
Handloom & Textiles,Carpet,331.58,15,Raghurajpur,Odisha,0.744,0.1726,Monsoon,2594.13,Jute
Leather & Traditional Craft,Belt,1084.72,4,Khurja,Uttar Pradesh,0.408,0.0561,Festival,3480.84,Leather
Paintings & Art,Madhubani Painting,161.49,5,Moradabad,Uttar Pradesh,0.274,0.1036,Normal,2057.68,Acrylic
Embroidery & Needlecraft,Table Runner,733.67,6,Srinagar,Jammu and Kashmir,0.699,0.0383,Normal,4096.79,Silk
Handmade Bags & Accessories,Tote Bag,331.33,6,Kashmir,Jammu and Kashmir,0.403,-0.0405,Festival,2207.73,Cotton
Handmade Home Décor,Wall Hanging,143.18,4,Thanjavur,Tamil Nadu,0.691,0.0071,Normal,2649.94,Bamboo
Handmade Bags & Accessories,Accessories,257.92,2,Etikoppaka,Andhra Pradesh,0.62,-0.0744,Monsoon,1652.78,Beads
Natural / Eco-friendly Crafts,Palm-leaf Product,116.76,1,Pochampally,Telangana,0.676,0.0685,Normal,1076.57,Palm Leaf
Pottery & Terracotta,Terracotta Jewellery,111.07,3,Kolkata,West Bengal,0.413,-0.0775,Normal,1169.48,Clay
Handmade Jewellery,Handmade Earrings,387.42,4,Bhubaneswar,Odisha,0.572,-0.02,Normal,3821.19,Beads
Paintings & Art,Folk Painting,30.0,5,Kondapalli,Andhra Pradesh,0.359,0.0019,Normal,2531.0,Natural Pigment
Handmade Home Décor,Mirror,396.64,1,Raghurajpur,Odisha,0.4,0.0943,Normal,2376.19,Metal
Handmade Bags & Accessories,Tote Bag,185.1,5,Madhubani,Bihar,0.614,-0.1441,Normal,2345.13,Cotton
Paintings & Art,Pattachitra,77.71,5,Madhubani,Bihar,0.712,0.0905,Normal,1387.61,Natural Pigment
Natural / Eco-friendly Crafts,Handmade Paper Product,144.45,2,Kolkata,West Bengal,0.475,0.0175,Festival,1846.34,Handmade Paper
Embroidery & Needlecraft,Wall Hanging,369.48,5,Etikoppaka,Andhra Pradesh,0.593,-0.0159,Normal,2744.43,Wool
Leather & Traditional Craft,Wallet,686.9,5,Etikoppaka,Andhra Pradesh,0.469,0.058,Normal,3920.08,Leather
Natural / Eco-friendly Crafts,Banana-fibre Product,194.79,4,Srinagar,Jammu and Kashmir,0.649,-0.1058,Normal,2009.16,Banana Fibre
"Bamboo, Cane & Natural Fibre",Furniture,71.06,4,Kolkata,West Bengal,0.328,0.1478,Monsoon,1343.38,Bamboo
Handmade Home Décor,Handmade Clock,472.5,6,Assam,Assam,0.758,0.0708,Normal,3522.51,Bamboo
Handloom & Textiles,Towel,367.33,14,Bhubaneswar,Odisha,0.427,0.1269,Normal,1941.58,Linen
Embroidery & Needlecraft,Table Runner,30.0,9,Moradabad,Uttar Pradesh,0.698,-0.0223,Summer,2639.6,Cotton
Handmade Toys,Cloth Doll,214.09,3,Assam,Assam,0.557,0.0297,Normal,1345.83,Cotton
Handmade Bags & Accessories,Clutch,396.54,3,Srikalahasti,Andhra Pradesh,0.566,-0.2,Normal,3072.95,Cotton
Embroidery & Needlecraft,Table Runner,761.19,5,Kashmir,Jammu and Kashmir,0.651,0.0651,Wedding,3102.25,Silk
Handmade Bags & Accessories,Tote Bag,281.68,2,Assam,Assam,0.593,0.1895,Normal,1286.35,Cotton
Leather & Traditional Craft,Footwear,806.21,4,Jaipur,Rajasthan,0.729,0.0959,Summer,4628.17,Leather
Handmade Home Décor,Mirror,216.11,5,Narsapur,Andhra Pradesh,0.649,0.1314,Normal,1731.97,Metal
Paintings & Art,Tanjore Painting,838.92,9,Khurja,Uttar Pradesh,0.633,0.168,Normal,4825.46,Gold Leaf
"Bamboo, Cane & Natural Fibre",Bottle/Container,38.81,3,Bastar,Chhattisgarh,0.651,-0.2,Festival,1241.03,Cane
Metal Crafts,Copperware,1211.8,6,Pochampally,Telangana,0.626,-0.0153,Normal,4596.14,Copper
Metal Crafts,Metal Sculpture,1497.29,5,Madhubani,Bihar,0.665,0.1644,Festival,5446.84,Brass
Embroidery & Needlecraft,Wall Hanging,792.56,4,Narsapur,Andhra Pradesh,0.625,-0.0497,Normal,3177.38,Wool
Leather & Traditional Craft,Wallet,935.73,6,Raghurajpur,Odisha,0.513,0.142,Normal,4491.53,Leather
Handmade Home Décor,Dreamcatcher,227.17,2,Pochampally,Telangana,0.519,0.0449,Winter,2644.5,Jute
Embroidery & Needlecraft,Embroidered Bag,650.41,6,Kolkata,West Bengal,0.631,0.0707,Summer,2692.1,Cotton
Woodcraft,Wooden Toy,165.48,12,Saharanpur,Uttar Pradesh,0.671,0.0473,Summer,2146.46,Wood
Paintings & Art,Phad Painting,466.75,6,Kolkata,West Bengal,0.876,0.253,Festival,3390.56,Watercolour
Handmade Home Décor,Mirror,591.76,3,Assam,Assam,0.846,0.1201,Summer,3167.26,Bamboo
Handmade Toys,Traditional Toy,279.17,4,Kolkata,West Bengal,0.698,-0.1274,Winter,2174.58,Wood
"Bamboo, Cane & Natural Fibre",Bag,146.41,2,Srikalahasti,Andhra Pradesh,0.49,0.0559,Winter,1812.32,Jute
Ceramics,Bowl,33.89,1,Moradabad,Uttar Pradesh,0.671,0.0469,Summer,1643.32,Ceramic
Handloom & Textiles,Durrie,361.14,10,Srikalahasti,Andhra Pradesh,0.579,0.1791,Normal,2694.23,Jute
Woodcraft,Decorative Panel,590.82,8,Kondapalli,Andhra Pradesh,0.632,-0.1233,Wedding,3902.82,Wood
Handloom & Textiles,Traditional Garment,143.28,11,Kolkata,West Bengal,0.451,0.0036,Festival,2447.01,Linen
Embroidery & Needlecraft,Cushion Cover,376.15,5,Narsapur,Andhra Pradesh,0.611,0.0031,Wedding,2573.48,Cotton
Ceramics,Vase,170.42,2,Etikoppaka,Andhra Pradesh,0.477,-0.1223,Monsoon,1813.75,Stoneware
Natural / Eco-friendly Crafts,Palm-leaf Product,134.97,2,Saharanpur,Uttar Pradesh,0.339,-0.0508,Normal,1126.62,Palm Leaf
Handloom & Textiles,Dupatta,702.71,9,Jaipur,Rajasthan,0.799,0.1381,Wedding,3436.99,Silk
Handmade Jewellery,Necklace,410.85,3,Raghurajpur,Odisha,0.648,0.2118,Normal,2216.7,Lac
Embroidery & Needlecraft,Quilt,618.3,7,Kondapalli,Andhra Pradesh,0.592,0.0826,Normal,2898.58,Wool
Handloom & Textiles,Traditional Garment,515.33,6,Pochampally,Telangana,0.369,-0.0329,Winter,1661.53,Linen
Handmade Toys,Puppet,141.74,3,Assam,Assam,0.444,-0.0408,Festival,1803.29,Wood
Pottery & Terracotta,Clay Lamp,151.37,4,Kondapalli,Andhra Pradesh,0.719,-0.0477,Wedding,1873.15,Terracotta
"Bamboo, Cane & Natural Fibre",Bag,222.77,2,Jaipur,Rajasthan,0.446,0.0236,Monsoon,2124.8,Cane
Metal Crafts,Metal Sculpture,1119.15,6,Assam,Assam,0.709,0.0582,Summer,7658.63,Brass
Handmade Jewellery,Bangles,389.2,5,Channapatna,Karnataka,0.274,-0.0052,Normal,3438.49,Lac
Metal Crafts,Brassware,1474.63,3,Srikalahasti,Andhra Pradesh,0.742,0.0901,Winter,5896.03,Brass
Woodcraft,Figurine,236.35,4,Thanjavur,Tamil Nadu,0.65,-0.0309,Normal,2546.54,Wood
Woodcraft,Wooden Toy,634.04,12,Bhubaneswar,Odisha,0.547,0.0571,Winter,2828.7,Wood
"Bamboo, Cane & Natural Fibre",Basket,376.31,1,Moradabad,Uttar Pradesh,0.743,0.2042,Normal,2672.95,Cane
Handloom & Textiles,Durrie,385.31,2,Moradabad,Uttar Pradesh,0.788,0.0207,Wedding,2299.29,Cotton
Handmade Home Décor,Mirror,243.98,4,Srikalahasti,Andhra Pradesh,0.8,0.1195,Summer,1443.14,Bamboo
Handloom & Textiles,Dupatta,401.53,2,Kutch,Gujarat,0.771,0.064,Festival,2096.48,Wool
Leather & Traditional Craft,Traditional Leather Craft,752.71,3,Moradabad,Uttar Pradesh,0.687,-0.0116,Normal,2667.83,Leather
Paintings & Art,Warli Painting,245.45,8,Narsapur,Andhra Pradesh,0.556,0.064,Winter,1423.99,Natural Pigment
Leather & Traditional Craft,Leather Bag,813.74,3,Srikalahasti,Andhra Pradesh,0.754,0.2337,Winter,5380.53,Leather
Embroidery & Needlecraft,Wall Hanging,398.83,6,Thanjavur,Tamil Nadu,0.47,-0.0693,Summer,2626.65,Cotton
Handmade Toys,Traditional Toy,202.69,3,Etikoppaka,Andhra Pradesh,0.469,-0.0591,Normal,1725.93,Wood
Handmade Jewellery,Bangles,613.79,3,Kashmir,Jammu and Kashmir,0.75,-0.0703,Wedding,3572.59,Brass
Pottery & Terracotta,Planter,66.38,3,Madhubani,Bihar,0.814,0.0549,Festival,1852.61,Clay
Ceramics,Vase,185.9,2,Bhubaneswar,Odisha,0.749,0.0249,Festival,1887.52,Ceramic
Handmade Home Décor,Table Décor,311.33,4,Madhubani,Bihar,0.591,-0.0381,Normal,2510.49,Clay
Embroidery & Needlecraft,Quilt,682.2,7,Kashmir,Jammu and Kashmir,0.835,0.087,Normal,3371.08,Wool
Paintings & Art,Tanjore Painting,203.39,4,Pochampally,Telangana,0.68,0.0424,Normal,2276.77,Natural Pigment
Ceramics,Plate,167.74,3,Srinagar,Jammu and Kashmir,0.281,0.1462,Normal,1840.45,Stoneware
Handloom & Textiles,Durrie,516.28,12,Kutch,Gujarat,0.713,0.0241,Festival,3411.28,Cotton
Handmade Bags & Accessories,Handbag,99.85,3,Channapatna,Karnataka,0.497,0.1968,Normal,2111.94,Jute
Woodcraft,Wooden Toy,726.73,1,Bastar,Chhattisgarh,0.314,0.0643,Summer,2189.9,Wood
Handmade Home Décor,Sculpture,226.02,5,Madhubani,Bihar,0.401,0.2516,Normal,1588.65,Wood
Embroidery & Needlecraft,Embroidered Clothing,288.04,5,Kolkata,West Bengal,0.851,0.1769,Monsoon,2997.74,Cotton
Embroidery & Needlecraft,Embroidered Clothing,282.5,4,Bhubaneswar,Odisha,0.713,0.0539,Normal,2429.81,Cotton
Handmade Jewellery,Bracelet,332.0,2,Kondapalli,Andhra Pradesh,0.788,-0.0178,Normal,3875.39,Lac
Handmade Jewellery,Wooden Jewellery,545.29,5,Jaipur,Rajasthan,0.782,0.0651,Normal,3176.74,Wood
Handloom & Textiles,Handwoven Bag,436.6,6,Assam,Assam,0.635,0.0098,Normal,2880.66,Linen
Woodcraft,Decorative Panel,600.93,1,Pochampally,Telangana,0.432,-0.0065,Normal,2722.37,Wood
Embroidery & Needlecraft,Patchwork Product,319.67,2,Bastar,Chhattisgarh,0.783,0.2433,Festival,2937.76,Wool
Embroidery & Needlecraft,Embroidered Clothing,450.6,2,Raghurajpur,Odisha,0.619,0.1747,Festival,3365.62,Linen
Pottery & Terracotta,Terracotta Figurine,61.17,4,Srikalahasti,Andhra Pradesh,0.787,0.0965,Normal,1643.37,Clay
Paintings & Art,Kalamkari,366.37,7,Raghurajpur,Odisha,0.783,0.2152,Wedding,4714.44,Natural Dye
Ceramics,Home Décor,201.99,2,Thanjavur,Tamil Nadu,0.622,0.0647,Festival,2368.7,Ceramic
Woodcraft,Wooden Toy,589.94,2,Saharanpur,Uttar Pradesh,0.308,-0.009,Normal,2806.01,Wood
Handmade Home Décor,Sculpture,176.7,2,Srinagar,Jammu and Kashmir,0.492,-0.0086,Normal,1968.76,Metal
Ceramics,Home Décor,99.23,4,Assam,Assam,0.717,0.0347,Normal,1960.25,Ceramic
Handloom & Textiles,Dupatta,387.43,10,Kashmir,Jammu and Kashmir,0.618,0.0084,Summer,2874.54,Linen
Metal Crafts,Decorative Item,1144.08,6,Pochampally,Telangana,0.761,-0.0925,Normal,8341.7,Copper
"Bamboo, Cane & Natural Fibre",Decorative Item,218.57,2,Bhubaneswar,Odisha,0.335,0.0854,Festival,2228.47,Bamboo
Handloom & Textiles,Saree,577.38,7,Etikoppaka,Andhra Pradesh,0.367,0.019,Normal,2217.69,Wool
Leather & Traditional Craft,Decorative Leather Product,852.98,4,Thanjavur,Tamil Nadu,0.628,-0.0176,Normal,2327.62,Leather
Handmade Toys,Puppet,261.93,5,Thanjavur,Tamil Nadu,0.652,0.0704,Normal,1701.51,Wood
Handmade Toys,Stuffed Toy,344.45,3,Saharanpur,Uttar Pradesh,0.402,0.0091,Normal,1488.21,Wool
"Bamboo, Cane & Natural Fibre",Tray,195.74,4,Kashmir,Jammu and Kashmir,0.441,-0.0682,Festival,2218.11,Cane
Handloom & Textiles,Dress Material,166.51,5,Kashmir,Jammu and Kashmir,0.544,0.0404,Normal,1989.51,Cotton
Pottery & Terracotta,Terracotta Jewellery,109.77,2,Kolkata,West Bengal,0.79,0.1076,Normal,1670.38,Terracotta
Paintings & Art,Handmade Wall Art,350.55,5,Moradabad,Uttar Pradesh,0.848,0.1639,Summer,2041.7,Wood
Woodcraft,Figurine,628.11,14,Moradabad,Uttar Pradesh,0.673,-0.0638,Wedding,4680.62,Wood
Pottery & Terracotta,Kitchenware,130.19,2,Madhubani,Bihar,0.702,0.0551,Wedding,1901.85,Clay
Metal Crafts,Jewellery,1914.65,5,Etikoppaka,Andhra Pradesh,0.319,-0.0473,Festival,8197.53,Silver
Pottery & Terracotta,Decorative Pot,185.72,1,Narsapur,Andhra Pradesh,0.613,0.088,Winter,1665.69,Terracotta
Ceramics,Mug,143.65,3,Madhubani,Bihar,0.686,-0.0633,Wedding,1764.95,Ceramic
Handloom & Textiles,Rug,326.3,6,Pochampally,Telangana,0.59,0.0226,Monsoon,2389.6,Jute
Handmade Home Décor,Handmade Clock,262.65,1,Madhubani,Bihar,0.765,-0.0282,Wedding,1584.16,Bamboo
Handmade Toys,Stuffed Toy,223.51,3,Channapatna,Karnataka,0.47,0.3,Normal,1602.2,Wool
Handmade Bags & Accessories,Backpack,276.21,5,Bhubaneswar,Odisha,0.594,0.0604,Summer,1564.74,Leather
Paintings & Art,Phad Painting,309.66,10,Etikoppaka,Andhra Pradesh,0.529,0.1919,Normal,1791.45,Cotton
Pottery & Terracotta,Decorative Pot,123.71,3,Channapatna,Karnataka,0.312,0.1153,Festival,1660.34,Terracotta
Handmade Toys,Puppet,264.46,4,Bastar,Chhattisgarh,0.715,0.1799,Winter,1733.23,Leather
Handmade Bags & Accessories,Wallet,246.61,4,Narsapur,Andhra Pradesh,0.619,-0.0853,Summer,1730.82,Cotton
Handmade Toys,Wooden Toy,227.72,3,Kashmir,Jammu and Kashmir,0.614,-0.0019,Normal,1122.33,Wood
Handloom & Textiles,Blanket,318.94,8,Narsapur,Andhra Pradesh,0.592,-0.0351,Festival,2629.75,Cotton
Paintings & Art,Pattachitra,310.03,7,Srikalahasti,Andhra Pradesh,0.707,-0.1037,Normal,2946.44,Cloth
Ceramics,Bowl,152.41,1,Pochampally,Telangana,0.355,0.193,Festival,2387.93,Ceramic
Handmade Home Décor,Lamp,425.07,4,Kondapalli,Andhra Pradesh,0.821,0.1086,Normal,3169.19,Wood
Paintings & Art,Phad Painting,319.56,7,Etikoppaka,Andhra Pradesh,0.165,0.2301,Summer,2213.75,Cotton
Leather & Traditional Craft,Wallet,737.54,10,Saharanpur,Uttar Pradesh,0.632,-0.0105,Normal,4403.91,Leather
Ceramics,Ceramic Jewellery,148.8,4,Jaipur,Rajasthan,0.767,-0.0032,Festival,2587.73,Ceramic
"Bamboo, Cane & Natural Fibre",Bag,184.47,3,Jaipur,Rajasthan,0.428,-0.0723,Normal,1415.59,Cane
Ceramics,Vase,274.19,3,Srikalahasti,Andhra Pradesh,0.767,0.1003,Winter,2479.67,Stoneware
Handloom & Textiles,Rug,366.44,4,Channapatna,Karnataka,0.774,0.1816,Normal,1759.88,Wool
Handmade Jewellery,Lac Jewellery,363.07,4,Pochampally,Telangana,0.484,-0.0107,Festival,3247.78,Lac
Natural / Eco-friendly Crafts,Natural-fibre Basket,245.71,4,Moradabad,Uttar Pradesh,0.502,-0.1457,Normal,1619.4,Palm Leaf
"Bamboo, Cane & Natural Fibre",Furniture,142.82,6,Moradabad,Uttar Pradesh,0.42,-0.104,Monsoon,1394.34,Bamboo
Handmade Jewellery,Lac Jewellery,587.53,5,Srinagar,Jammu and Kashmir,0.675,0.1691,Festival,4535.99,Lac
Ceramics,Bowl,265.06,2,Kondapalli,Andhra Pradesh,0.618,-0.0514,Monsoon,2031.67,Ceramic
Handmade Jewellery,Handmade Earrings,490.49,2,Thanjavur,Tamil Nadu,0.575,0.1734,Normal,3001.9,Lac
Handloom & Textiles,Traditional Garment,657.83,12,Kondapalli,Andhra Pradesh,0.587,0.1816,Festival,4568.57,Silk
Handmade Home Décor,Showpiece,620.0,4,Assam,Assam,0.81,0.0052,Normal,2320.63,Metal
Handloom & Textiles,Shawl,665.42,9,Kondapalli,Andhra Pradesh,0.424,0.0966,Normal,3415.24,Silk
Handmade Toys,Wooden Toy,287.35,3,Thanjavur,Tamil Nadu,0.576,-0.0101,Festival,2415.17,Wood
Ceramics,Mug,167.17,2,Saharanpur,Uttar Pradesh,0.506,0.0764,Monsoon,1709.85,Stoneware
Paintings & Art,Madhubani Painting,284.87,10,Kutch,Gujarat,0.557,0.0816,Winter,2884.15,Acrylic
"Bamboo, Cane & Natural Fibre",Decorative Item,338.41,4,Kondapalli,Andhra Pradesh,0.734,0.1474,Normal,1957.59,Cane
Metal Crafts,Lamp,1024.54,1,Madhubani,Bihar,0.794,0.0612,Normal,4830.48,Brass
Natural / Eco-friendly Crafts,Coir Product,98.45,2,Pochampally,Telangana,0.564,0.1644,Normal,1524.5,Coir
Handmade Toys,Puppet,222.68,1,Etikoppaka,Andhra Pradesh,0.715,0.0981,Festival,1483.64,Wood
Pottery & Terracotta,Planter,99.94,4,Kashmir,Jammu and Kashmir,0.48,-0.0802,Summer,1111.9,Terracotta
Handmade Jewellery,Terracotta Jewellery,226.28,5,Jaipur,Rajasthan,0.76,0.1966,Normal,2897.23,Terracotta
"Bamboo, Cane & Natural Fibre",Basket,256.9,4,Narsapur,Andhra Pradesh,0.567,0.037,Wedding,1626.78,Bamboo
Woodcraft,Sculpture,430.31,1,Srinagar,Jammu and Kashmir,0.497,-0.0683,Festival,2645.51,Wood
Natural / Eco-friendly Crafts,Eco-friendly Packaging,67.23,5,Etikoppaka,Andhra Pradesh,0.859,0.1045,Normal,1495.61,Banana Fibre
Metal Crafts,Lamp,960.27,5,Raghurajpur,Odisha,0.602,-0.0114,Festival,3305.87,Brass
Embroidery & Needlecraft,Embroidered Bag,483.95,5,Assam,Assam,0.652,-0.0303,Normal,1654.64,Silk
Handloom & Textiles,Dress Material,222.1,10,Kondapalli,Andhra Pradesh,0.83,0.0335,Normal,2175.7,Cotton
Pottery & Terracotta,Planter,119.39,3,Kashmir,Jammu and Kashmir,0.722,0.0525,Normal,2022.07,Terracotta
"Bamboo, Cane & Natural Fibre",Furniture,294.27,2,Srikalahasti,Andhra Pradesh,0.827,0.1392,Festival,2337.59,Cane
Handmade Home Décor,Table Décor,190.41,4,Srinagar,Jammu and Kashmir,0.778,0.1084,Summer,3155.1,Clay
Embroidery & Needlecraft,Wall Hanging,457.69,8,Srinagar,Jammu and Kashmir,0.923,0.0082,Normal,2960.07,Wool
Handmade Bags & Accessories,Handbag,354.87,2,Thanjavur,Tamil Nadu,0.623,0.1019,Festival,2416.64,Cane
Handloom & Textiles,Fabric,157.01,8,Khurja,Uttar Pradesh,0.553,0.1626,Festival,3109.1,Jute
Handmade Home Décor,Lamp,416.78,4,Channapatna,Karnataka,0.552,-0.0486,Normal,2295.31,Metal
Pottery & Terracotta,Vase,166.76,3,Saharanpur,Uttar Pradesh,0.846,-0.0173,Winter,1398.24,Terracotta
Woodcraft,Decorative Panel,430.75,15,Srinagar,Jammu and Kashmir,0.814,-0.0147,Normal,4594.87,Wood
Handmade Home Décor,Mirror,295.83,4,Assam,Assam,0.977,0.0393,Normal,3159.91,Bamboo
"Bamboo, Cane & Natural Fibre",Furniture,362.76,3,Etikoppaka,Andhra Pradesh,0.733,-0.0521,Normal,1621.53,Bamboo
Natural / Eco-friendly Crafts,Jute Product,205.43,4,Bastar,Chhattisgarh,0.778,-0.0507,Winter,1286.81,Jute
Handmade Home Décor,Showpiece,375.85,3,Madhubani,Bihar,0.662,0.136,Normal,2718.3,Metal
Handmade Toys,Wooden Toy,255.96,3,Bastar,Chhattisgarh,0.512,0.0776,Monsoon,1542.37,Wood
Metal Crafts,Decorative Item,1170.46,6,Kutch,Gujarat,0.742,-0.0243,Normal,2972.22,Copper
Ceramics,Home Décor,102.57,3,Bhubaneswar,Odisha,0.202,0.0742,Festival,1088.88,Ceramic
Handmade Jewellery,Terracotta Jewellery,95.3,3,Moradabad,Uttar Pradesh,0.654,0.0744,Normal,2439.86,Terracotta
Ceramics,Cup,201.03,1,Kutch,Gujarat,0.816,-0.0365,Normal,2031.39,Stoneware
Leather & Traditional Craft,Decorative Leather Product,794.96,6,Khurja,Uttar Pradesh,0.745,0.1012,Festival,4831.62,Leather
Handmade Bags & Accessories,Handbag,541.67,4,Kutch,Gujarat,0.855,0.0633,Summer,3877.7,Leather
Handloom & Textiles,Blanket,518.34,3,Jaipur,Rajasthan,0.618,0.15,Monsoon,2994.51,Wool
Pottery & Terracotta,Vase,73.85,1,Bhubaneswar,Odisha,0.55,0.1376,Winter,1170.53,Clay
Embroidery & Needlecraft,Wall Hanging,98.35,5,Srikalahasti,Andhra Pradesh,0.66,0.1622,Festival,3592.41,Jute
"Bamboo, Cane & Natural Fibre",Decorative Item,259.72,5,Pochampally,Telangana,0.823,0.0117,Wedding,3128.14,Palm Leaf
Leather & Traditional Craft,Decorative Leather Product,626.93,5,Jaipur,Rajasthan,0.573,0.006,Normal,3362.21,Leather
Ceramics,Tableware,137.79,5,Etikoppaka,Andhra Pradesh,0.548,0.1451,Normal,1783.85,Stoneware
Handloom & Textiles,Fabric,708.61,7,Etikoppaka,Andhra Pradesh,0.713,0.0628,Summer,3020.93,Silk
Metal Crafts,Jewellery,1164.02,7,Narsapur,Andhra Pradesh,0.538,0.0385,Normal,3097.15,Copper
Handmade Toys,Cloth Doll,150.52,3,Kutch,Gujarat,0.648,-0.0105,Normal,1166.5,Cotton
Paintings & Art,Pattachitra,237.07,4,Kashmir,Jammu and Kashmir,0.643,-0.0463,Winter,2325.33,Handmade Paper
Handmade Home Décor,Wall Hanging,511.76,6,Jaipur,Rajasthan,0.603,0.0746,Normal,2477.89,Jute
Handmade Bags & Accessories,Tote Bag,308.45,1,Thanjavur,Tamil Nadu,0.857,0.0851,Summer,1675.81,Canvas
Pottery & Terracotta,Sculpture,48.09,2,Narsapur,Andhra Pradesh,0.922,0.0153,Summer,1464.33,Clay
Handmade Home Décor,Lamp,349.92,4,Channapatna,Karnataka,0.639,0.0542,Normal,3140.47,Metal
Handmade Toys,Puppet,245.69,4,Pochampally,Telangana,0.4,0.1136,Summer,2075.66,Leather
Woodcraft,Decorative Panel,324.3,7,Pochampally,Telangana,0.628,0.0141,Winter,3603.63,Wood
Handmade Toys,Puppet,289.92,3,Assam,Assam,0.701,0.3,Monsoon,1625.31,Wood
Woodcraft,Decorative Panel,507.91,10,Srikalahasti,Andhra Pradesh,0.424,0.0779,Festival,3950.97,Wood
Metal Crafts,Copperware,1575.02,5,Kutch,Gujarat,0.662,-0.0291,Wedding,8706.07,Copper
Handmade Jewellery,Metal Jewellery,716.61,3,Moradabad,Uttar Pradesh,0.734,0.1601,Normal,2174.5,Brass
"Bamboo, Cane & Natural Fibre",Tray,91.0,4,Bhubaneswar,Odisha,0.753,0.1015,Normal,2145.73,Palm Leaf
Handmade Toys,Educational Toy,114.14,2,Channapatna,Karnataka,0.664,0.0083,Festival,1569.68,Cotton
Metal Crafts,Metal Sculpture,869.13,1,Raghurajpur,Odisha,0.452,0.0107,Winter,3738.23,Copper
Leather & Traditional Craft,Wallet,772.06,4,Narsapur,Andhra Pradesh,0.844,0.072,Winter,4431.42,Leather
Handloom & Textiles,Durrie,420.98,9,Raghurajpur,Odisha,0.653,0.046,Summer,1639.64,Jute
"Bamboo, Cane & Natural Fibre",Mat,208.82,7,Saharanpur,Uttar Pradesh,0.669,-0.05,Festival,2156.96,Cane
Handmade Toys,Stuffed Toy,306.37,4,Srikalahasti,Andhra Pradesh,0.56,0.0211,Festival,1565.54,Wool
Handmade Bags & Accessories,Handbag,264.0,2,Srinagar,Jammu and Kashmir,0.83,0.0743,Normal,2498.47,Cane
Paintings & Art,Warli Painting,316.57,2,Assam,Assam,0.718,0.0551,Normal,2397.69,Watercolour
Embroidery & Needlecraft,Embroidered Clothing,560.42,4,Khurja,Uttar Pradesh,0.397,0.0897,Normal,2218.2,Linen
Natural / Eco-friendly Crafts,Eco-friendly Packaging,167.88,5,Kashmir,Jammu and Kashmir,0.689,0.0726,Festival,1724.86,Jute
"Bamboo, Cane & Natural Fibre",Storage Box,104.44,3,Assam,Assam,0.536,0.1283,Festival,2160.9,Palm Leaf
Handmade Jewellery,Handmade Earrings,503.95,4,Jaipur,Rajasthan,0.694,0.0027,Normal,2720.66,Beads
Handmade Jewellery,Wooden Jewellery,432.44,1,Khurja,Uttar Pradesh,0.613,0.0682,Normal,4416.02,Wood
Metal Crafts,Utensil,1137.5,12,Thanjavur,Tamil Nadu,0.835,0.0067,Normal,3216.42,Bell Metal
Metal Crafts,Jewellery,1261.76,6,Srikalahasti,Andhra Pradesh,0.758,0.1611,Normal,7191.37,Copper
Metal Crafts,Utensil,833.8,3,Jaipur,Rajasthan,0.679,0.0689,Monsoon,5679.58,Brass
Woodcraft,Wooden Jewellery,575.31,8,Moradabad,Uttar Pradesh,0.585,0.0863,Normal,2756.92,Wood
Embroidery & Needlecraft,Wall Hanging,176.81,6,Narsapur,Andhra Pradesh,0.833,0.1812,Normal,2240.11,Cotton
Handmade Home Décor,Dreamcatcher,281.41,4,Moradabad,Uttar Pradesh,0.817,0.1659,Winter,3070.4,Cotton
Paintings & Art,Pattachitra,325.97,6,Jaipur,Rajasthan,0.668,0.1656,Normal,3356.47,Handmade Paper
Embroidery & Needlecraft,Embroidered Clothing,376.89,9,Srikalahasti,Andhra Pradesh,0.642,0.0073,Normal,3628.5,Cotton
Pottery & Terracotta,Clay Lamp,51.41,3,Channapatna,Karnataka,0.555,-0.1035,Wedding,1161.83,Clay
Pottery & Terracotta,Clay Pot,148.64,2,Jaipur,Rajasthan,0.581,0.1556,Wedding,1222.51,Clay
Embroidery & Needlecraft,Embroidered Bag,82.33,5,Kondapalli,Andhra Pradesh,0.717,-0.0856,Festival,1404.75,Jute
"Bamboo, Cane & Natural Fibre",Furniture,269.67,3,Kutch,Gujarat,0.836,0.179,Monsoon,1674.72,Bamboo
Embroidery & Needlecraft,Embroidered Clothing,446.6,6,Channapatna,Karnataka,0.69,-0.0433,Normal,3439.57,Cotton
Woodcraft,Box,578.99,13,Madhubani,Bihar,0.614,0.0961,Summer,3677.61,Wood
Handmade Home Décor,Showpiece,558.84,3,Kolkata,West Bengal,0.338,0.1237,Normal,2902.46,Metal
Handmade Jewellery,Bracelet,478.44,2,Bastar,Chhattisgarh,0.507,-0.0428,Normal,3296.19,Brass
Handmade Home Décor,Lamp,307.96,5,Kondapalli,Andhra Pradesh,0.869,-0.0197,Festival,2824.31,Wood
Paintings & Art,Folk Painting,392.32,3,Raghurajpur,Odisha,0.908,0.2281,Winter,3561.52,Watercolour
"Bamboo, Cane & Natural Fibre",Mat,183.35,1,Bastar,Chhattisgarh,0.573,0.0399,Winter,1685.41,Cane
Pottery & Terracotta,Vase,35.18,2,Moradabad,Uttar Pradesh,0.844,-0.0319,Monsoon,902.66,Clay
Handmade Toys,Cloth Doll,369.58,4,Moradabad,Uttar Pradesh,0.773,-0.127,Wedding,2203.06,Wool
Woodcraft,Box,437.12,10,Kutch,Gujarat,0.228,0.0826,Wedding,4458.75,Wood
Paintings & Art,Madhubani Painting,260.45,5,Kutch,Gujarat,0.516,0.1641,Normal,2759.45,Natural Pigment
Woodcraft,Furniture,618.36,9,Pochampally,Telangana,0.237,-0.0059,Festival,2217.85,Sheesham Wood
Paintings & Art,Phad Painting,265.71,1,Kashmir,Jammu and Kashmir,0.556,0.1783,Festival,2246.68,Natural Pigment
Paintings & Art,Miniature Painting,232.28,10,Assam,Assam,0.783,0.2118,Normal,2722.68,Handmade Paper
Ceramics,Decorative Piece,192.84,3,Srinagar,Jammu and Kashmir,0.871,0.1466,Festival,2456.19,Stoneware
Handmade Toys,Cloth Doll,323.62,4,Bhubaneswar,Odisha,0.624,-0.0657,Winter,2410.26,Wool
Leather & Traditional Craft,Footwear,535.61,8,Raghurajpur,Odisha,0.708,0.0255,Normal,3471.18,Leather
"Bamboo, Cane & Natural Fibre",Decorative Item,143.84,3,Srinagar,Jammu and Kashmir,0.746,0.2766,Winter,1837.74,Bamboo
Leather & Traditional Craft,Belt,535.97,10,Saharanpur,Uttar Pradesh,0.567,-0.0556,Winter,1900.18,Leather
"Bamboo, Cane & Natural Fibre",Tray,207.58,1,Kondapalli,Andhra Pradesh,0.822,-0.0626,Normal,1820.82,Bamboo
Handmade Toys,Educational Toy,142.53,2,Bhubaneswar,Odisha,0.472,0.0552,Normal,1032.04,Wood
Metal Crafts,Metal Sculpture,1438.26,7,Channapatna,Karnataka,0.866,0.0443,Summer,7732.0,Bell Metal
Leather & Traditional Craft,Decorative Leather Product,962.13,4,Narsapur,Andhra Pradesh,0.718,-0.0052,Normal,3603.29,Leather
Handmade Toys,Educational Toy,286.6,5,Moradabad,Uttar Pradesh,0.926,0.0399,Normal,1667.06,Wood
Handmade Home Décor,Table Décor,134.06,6,Jaipur,Rajasthan,0.747,0.0809,Normal,1517.8,Clay
Pottery & Terracotta,Terracotta Figurine,71.83,4,Assam,Assam,0.646,0.0391,Festival,1341.16,Terracotta
Woodcraft,Figurine,614.42,3,Pochampally,Telangana,0.52,-0.0043,Normal,2739.62,Wood
Handloom & Textiles,Saree,553.06,6,Bhubaneswar,Odisha,0.287,0.0922,Normal,1550.18,Linen
"Bamboo, Cane & Natural Fibre",Household Product,253.94,3,Kondapalli,Andhra Pradesh,0.53,0.0337,Winter,1430.91,Cane
"Bamboo, Cane & Natural Fibre",Tray,294.73,3,Channapatna,Karnataka,0.422,-0.0278,Normal,1290.88,Cane
Pottery & Terracotta,Diya,30.0,2,Saharanpur,Uttar Pradesh,0.486,-0.0099,Normal,1131.86,Terracotta
Paintings & Art,Phad Painting,330.32,1,Assam,Assam,0.886,0.0697,Festival,1876.3,Watercolour
Woodcraft,Kitchenware,339.12,11,Pochampally,Telangana,0.726,0.094,Normal,2819.54,Wood
Pottery & Terracotta,Diya,201.63,3,Kashmir,Jammu and Kashmir,0.701,0.1148,Normal,1390.28,Terracotta
Natural / Eco-friendly Crafts,Coir Product,171.65,2,Saharanpur,Uttar Pradesh,0.729,0.0513,Normal,1093.91,Coir
Pottery & Terracotta,Clay Pot,30.0,2,Channapatna,Karnataka,0.529,0.0445,Normal,1130.71,Clay
Pottery & Terracotta,Diya,71.67,3,Thanjavur,Tamil Nadu,0.881,-0.0116,Festival,1811.53,Clay
Natural / Eco-friendly Crafts,Banana-fibre Product,101.74,4,Kolkata,West Bengal,0.8,-0.057,Wedding,2077.82,Banana Fibre
Ceramics,Vase,373.71,2,Bhubaneswar,Odisha,0.55,-0.0197,Summer,1957.7,Stoneware
Handmade Bags & Accessories,Pouch,172.99,1,Moradabad,Uttar Pradesh,0.527,0.2113,Winter,1622.94,Jute
Pottery & Terracotta,Decorative Pot,112.49,3,Kolkata,West Bengal,0.59,-0.0425,Festival,1692.63,Terracotta
Embroidery & Needlecraft,Embroidered Clothing,657.18,6,Kashmir,Jammu and Kashmir,0.459,-0.0664,Wedding,3092.12,Silk
Ceramics,Cup,167.87,3,Kutch,Gujarat,0.807,0.0603,Normal,1380.68,Ceramic
Leather & Traditional Craft,Belt,660.23,4,Pochampally,Telangana,0.259,-0.0433,Festival,2050.43,Leather
Handmade Bags & Accessories,Accessories,46.7,2,Kutch,Gujarat,0.627,0.1064,Normal,1406.45,Beads
Woodcraft,Decorative Panel,516.39,3,Kondapalli,Andhra Pradesh,0.233,-0.1608,Normal,2650.61,Wood
Handloom & Textiles,Rug,335.2,12,Khurja,Uttar Pradesh,0.722,0.0514,Summer,5147.11,Wool
Handloom & Textiles,Carpet,309.29,9,Assam,Assam,0.293,-0.0386,Festival,4439.32,Cotton
Handloom & Textiles,Shawl,640.17,8,Jaipur,Rajasthan,0.311,0.0089,Normal,2221.52,Silk
Ceramics,Bowl,82.13,1,Srikalahasti,Andhra Pradesh,0.558,-0.0488,Normal,846.65,Stoneware
Natural / Eco-friendly Crafts,Jute Product,171.31,4,Bhubaneswar,Odisha,0.894,0.2247,Winter,2011.92,Jute
Ceramics,Tableware,216.09,3,Srinagar,Jammu and Kashmir,0.779,0.0218,Monsoon,2152.78,Stoneware
Metal Crafts,Utensil,1049.98,7,Kolkata,West Bengal,0.653,0.1996,Summer,4811.75,Copper
Handmade Bags & Accessories,Accessories,474.98,4,Assam,Assam,0.717,-0.0278,Normal,2229.37,Leather
Metal Crafts,Brassware,1351.59,3,Saharanpur,Uttar Pradesh,0.729,-0.0898,Normal,3923.13,Brass
Handloom & Textiles,Traditional Garment,696.17,9,Raghurajpur,Odisha,0.624,-0.029,Summer,4398.43,Wool
Metal Crafts,Bell-metal Product,1304.25,7,Kutch,Gujarat,0.772,0.1388,Festival,5559.26,Bell Metal
Handmade Jewellery,Wooden Jewellery,425.59,1,Jaipur,Rajasthan,0.71,-0.0055,Wedding,2943.3,Wood
Pottery & Terracotta,Sculpture,79.89,2,Srinagar,Jammu and Kashmir,0.541,-0.0841,Winter,941.55,Terracotta
"Bamboo, Cane & Natural Fibre",Bag,244.32,3,Khurja,Uttar Pradesh,0.901,-0.0846,Wedding,1904.9,Jute
Woodcraft,Wooden Toy,176.32,6,Raghurajpur,Odisha,0.754,-0.0572,Summer,3474.43,Wood
Handloom & Textiles,Dupatta,406.42,11,Madhubani,Bihar,0.559,0.0543,Festival,4274.8,Cotton
Woodcraft,Wooden Toy,343.03,12,Assam,Assam,0.539,0.0498,Normal,4732.1,Wood
"Bamboo, Cane & Natural Fibre",Furniture,190.59,2,Kashmir,Jammu and Kashmir,0.727,-0.0744,Festival,1550.72,Bamboo
Natural / Eco-friendly Crafts,Jute Product,272.94,2,Narsapur,Andhra Pradesh,0.665,-0.0761,Festival,2126.87,Jute
Metal Crafts,Jewellery,1172.72,6,Kolkata,West Bengal,0.65,0.0374,Normal,7193.27,Copper
Metal Crafts,Decorative Item,1537.45,12,Saharanpur,Uttar Pradesh,0.745,0.0169,Normal,5733.03,Brass
Ceramics,Decorative Piece,30.0,3,Bhubaneswar,Odisha,0.707,-0.0231,Normal,1465.14,Ceramic
Woodcraft,Wooden Jewellery,594.31,10,Khurja,Uttar Pradesh,0.738,0.1027,Normal,3137.11,Wood
Handmade Home Décor,Table Décor,313.95,1,Saharanpur,Uttar Pradesh,0.547,-0.0689,Summer,1549.14,Clay
Pottery & Terracotta,Terracotta Jewellery,123.48,1,Raghurajpur,Odisha,0.719,0.1701,Normal,1692.92,Clay
Embroidery & Needlecraft,Table Runner,242.64,3,Khurja,Uttar Pradesh,0.545,0.0801,Winter,2524.37,Linen
Natural / Eco-friendly Crafts,Palm-leaf Product,251.38,3,Madhubani,Bihar,0.656,0.0031,Festival,1947.94,Palm Leaf
Metal Crafts,Utensil,1407.0,7,Moradabad,Uttar Pradesh,0.757,0.1166,Normal,7941.34,Brass
Embroidery & Needlecraft,Embroidered Clothing,531.72,6,Bhubaneswar,Odisha,0.798,0.0097,Normal,4235.89,Silk
Handmade Jewellery,Tribal Jewellery,154.14,2,Narsapur,Andhra Pradesh,0.822,0.0778,Normal,2164.91,Beads
Handmade Home Décor,Candle,301.52,6,Pochampally,Telangana,0.707,0.0362,Winter,2400.17,Soy Wax
Embroidery & Needlecraft,Embroidered Clothing,229.08,3,Moradabad,Uttar Pradesh,0.794,-0.0607,Festival,1633.11,Linen
"Bamboo, Cane & Natural Fibre",Storage Box,305.22,4,Pochampally,Telangana,0.76,-0.1091,Festival,3393.84,Cane
Handloom & Textiles,Towel,250.69,6,Raghurajpur,Odisha,0.654,0.121,Summer,3033.95,Cotton
Natural / Eco-friendly Crafts,Jute Product,30.0,2,Channapatna,Karnataka,0.688,0.2159,Normal,1528.94,Jute
"Bamboo, Cane & Natural Fibre",Furniture,150.14,2,Bastar,Chhattisgarh,0.902,0.1643,Monsoon,1303.34,Bamboo
Metal Crafts,Utensil,982.08,5,Assam,Assam,0.789,0.0227,Normal,3326.41,Bell Metal
Handmade Bags & Accessories,Tote Bag,272.27,4,Kondapalli,Andhra Pradesh,0.746,-0.1212,Normal,1352.49,Jute
Ceramics,Bowl,102.38,2,Narsapur,Andhra Pradesh,0.649,-0.0224,Wedding,1277.71,Ceramic
Embroidery & Needlecraft,Table Runner,439.89,7,Kondapalli,Andhra Pradesh,0.564,-0.0525,Festival,2602.58,Linen
Handmade Toys,Handmade Game,30.0,2,Kondapalli,Andhra Pradesh,0.763,0.1384,Normal,924.43,Cloth
Metal Crafts,Brassware,1491.1,5,Jaipur,Rajasthan,0.741,0.1329,Festival,7978.32,Brass
Handmade Jewellery,Bangles,619.29,2,Etikoppaka,Andhra Pradesh,0.772,-0.015,Normal,2654.75,Brass
Embroidery & Needlecraft,Embroidered Bag,155.0,3,Narsapur,Andhra Pradesh,0.449,-0.1063,Festival,2574.95,Cotton
Ceramics,Bowl,151.86,2,Jaipur,Rajasthan,0.512,0.0331,Festival,1396.98,Ceramic
Paintings & Art,Pattachitra,190.06,6,Srinagar,Jammu and Kashmir,0.412,-0.1073,Normal,1136.76,Cloth
Handmade Home Décor,Lamp,245.17,2,Kashmir,Jammu and Kashmir,0.51,0.0672,Normal,2885.77,Clay
Woodcraft,Tray,636.92,5,Bastar,Chhattisgarh,0.606,-0.0482,Winter,2082.43,Wood
Handmade Bags & Accessories,Pouch,369.84,5,Madhubani,Bihar,0.788,0.0416,Normal,2623.21,Cotton
Handloom & Textiles,Traditional Garment,582.35,14,Thanjavur,Tamil Nadu,0.264,0.0664,Festival,4095.11,Linen
Handmade Jewellery,Wooden Jewellery,543.63,4,Khurja,Uttar Pradesh,0.631,0.0651,Normal,2611.22,Wood
Embroidery & Needlecraft,Wall Hanging,357.45,5,Jaipur,Rajasthan,0.569,0.0468,Festival,2380.95,Cotton
"Bamboo, Cane & Natural Fibre",Lampshade,286.88,4,Etikoppaka,Andhra Pradesh,0.676,0.0158,Winter,1801.94,Cane
Woodcraft,Figurine,784.28,11,Thanjavur,Tamil Nadu,0.48,0.0907,Festival,6004.55,Wood
Natural / Eco-friendly Crafts,Palm-leaf Product,69.72,3,Jaipur,Rajasthan,0.564,-0.0968,Monsoon,1584.89,Palm Leaf
Metal Crafts,Bell-metal Product,1027.63,7,Madhubani,Bihar,0.767,0.0746,Monsoon,4395.26,Bell Metal
Ceramics,Decorative Piece,88.52,2,Srikalahasti,Andhra Pradesh,0.707,0.1132,Normal,1073.57,Stoneware
Handmade Bags & Accessories,Backpack,285.57,4,Srinagar,Jammu and Kashmir,0.809,0.0522,Normal,1623.64,Leather
"Bamboo, Cane & Natural Fibre",Mat,192.65,4,Kondapalli,Andhra Pradesh,0.56,0.0407,Normal,1755.88,Bamboo
Handmade Bags & Accessories,Tote Bag,518.4,4,Kutch,Gujarat,0.617,-0.0632,Festival,2825.23,Canvas
Handmade Jewellery,Wooden Jewellery,378.7,6,Channapatna,Karnataka,0.326,-0.1034,Normal,2220.22,Wood
Ceramics,Decorative Piece,59.16,3,Kashmir,Jammu and Kashmir,0.293,0.2656,Normal,1390.51,Stoneware
Pottery & Terracotta,Decorative Pot,111.38,2,Pochampally,Telangana,0.754,0.1045,Monsoon,1185.35,Clay
Handmade Toys,Cloth Doll,216.95,3,Kolkata,West Bengal,0.411,-0.0804,Festival,1900.31,Wool
Natural / Eco-friendly Crafts,Jute Product,179.07,5,Khurja,Uttar Pradesh,0.639,0.1057,Summer,1713.14,Jute
Handloom & Textiles,Saree,315.8,9,Kondapalli,Andhra Pradesh,0.487,0.076,Festival,2402.84,Cotton
Woodcraft,Sculpture,771.1,14,Kashmir,Jammu and Kashmir,0.814,-0.0168,Festival,7011.05,Wood
Embroidery & Needlecraft,Wall Hanging,401.25,7,Pochampally,Telangana,0.412,0.0703,Festival,3181.36,Cotton
Leather & Traditional Craft,Footwear,605.5,2,Saharanpur,Uttar Pradesh,0.603,0.0139,Festival,2878.67,Leather
"Bamboo, Cane & Natural Fibre",Tray,106.51,4,Assam,Assam,0.654,0.0483,Wedding,2378.28,Palm Leaf
Embroidery & Needlecraft,Table Runner,137.2,7,Moradabad,Uttar Pradesh,0.784,0.1502,Normal,3301.0,Cotton
Embroidery & Needlecraft,Cushion Cover,711.64,6,Kolkata,West Bengal,0.6,0.095,Winter,2737.59,Silk
Pottery & Terracotta,Sculpture,79.18,5,Srinagar,Jammu and Kashmir,0.772,-0.0492,Normal,1715.38,Clay
"Bamboo, Cane & Natural Fibre",Decorative Item,253.41,6,Saharanpur,Uttar Pradesh,0.63,-0.0577,Monsoon,1623.26,Palm Leaf
Metal Crafts,Jewellery,1105.84,8,Narsapur,Andhra Pradesh,0.682,0.0039,Normal,5929.07,Brass
Handmade Home Décor,Showpiece,553.21,4,Kolkata,West Bengal,0.55,0.0502,Festival,3867.44,Wood
Handmade Toys,Traditional Toy,231.26,2,Raghurajpur,Odisha,0.825,0.0717,Festival,1843.42,Wood
Natural / Eco-friendly Crafts,Palm-leaf Product,113.23,1,Srinagar,Jammu and Kashmir,0.816,0.1264,Normal,2089.97,Palm Leaf
Paintings & Art,Kalamkari,286.79,5,Kondapalli,Andhra Pradesh,0.51,0.0135,Summer,1716.2,Natural Dye
Metal Crafts,Metal Sculpture,1256.54,6,Assam,Assam,0.471,0.1385,Summer,7157.42,Brass
Natural / Eco-friendly Crafts,Handmade Paper Product,114.84,3,Bhubaneswar,Odisha,0.689,0.0714,Wedding,2152.54,Handmade Paper
Handmade Jewellery,Lac Jewellery,249.59,4,Etikoppaka,Andhra Pradesh,0.604,-0.0343,Normal,2748.83,Lac
Paintings & Art,Pattachitra,372.9,5,Saharanpur,Uttar Pradesh,0.302,0.1709,Festival,2383.45,Handmade Paper
Handloom & Textiles,Carpet,228.14,7,Saharanpur,Uttar Pradesh,0.735,0.1352,Normal,1713.99,Jute
Pottery & Terracotta,Diya,77.77,3,Thanjavur,Tamil Nadu,0.538,-0.0509,Festival,923.77,Terracotta
Handmade Home Décor,Showpiece,380.87,3,Srikalahasti,Andhra Pradesh,0.372,0.0176,Normal,1853.04,Metal
Handmade Jewellery,Handmade Earrings,358.65,5,Srinagar,Jammu and Kashmir,0.589,-0.0668,Festival,3399.9,Terracotta
Handloom & Textiles,Handwoven Bag,409.63,6,Srikalahasti,Andhra Pradesh,0.766,0.1201,Summer,2561.88,Jute
Handloom & Textiles,Saree,389.36,14,Thanjavur,Tamil Nadu,0.383,0.0935,Normal,2856.7,Cotton
Handmade Home Décor,Wall Hanging,434.43,3,Kashmir,Jammu and Kashmir,0.789,0.1093,Normal,3686.08,Wood
Natural / Eco-friendly Crafts,Natural-fibre Basket,30.0,5,Srinagar,Jammu and Kashmir,0.644,-0.101,Wedding,1285.0,Palm Leaf
Woodcraft,Box,592.33,6,Bastar,Chhattisgarh,0.606,-0.0052,Normal,3326.57,Wood
Embroidery & Needlecraft,Wall Hanging,577.8,6,Khurja,Uttar Pradesh,0.683,0.1572,Normal,2652.95,Wool
Leather & Traditional Craft,Traditional Leather Craft,979.19,4,Kashmir,Jammu and Kashmir,0.523,0.149,Summer,3111.72,Leather
Ceramics,Plate,297.09,4,Khurja,Uttar Pradesh,0.495,0.2145,Festival,1689.69,Stoneware
Handloom & Textiles,Handwoven Bag,462.06,9,Etikoppaka,Andhra Pradesh,0.349,0.075,Summer,3077.45,Linen
Leather & Traditional Craft,Belt,942.77,2,Khurja,Uttar Pradesh,0.693,0.0406,Normal,2584.41,Leather
Paintings & Art,Sketch,177.31,9,Etikoppaka,Andhra Pradesh,0.688,-0.033,Normal,1900.28,Ink
Handmade Home Décor,Showpiece,512.94,5,Bastar,Chhattisgarh,0.859,-0.0928,Normal,2616.54,Ceramic
Leather & Traditional Craft,Decorative Leather Product,899.36,8,Kashmir,Jammu and Kashmir,0.67,-0.0491,Wedding,5403.37,Leather
Handmade Home Décor,Dreamcatcher,441.03,5,Moradabad,Uttar Pradesh,0.872,0.0218,Wedding,3004.07,Jute
Handmade Jewellery,Necklace,1164.95,4,Thanjavur,Tamil Nadu,0.508,0.0792,Normal,4330.62,Silver
Ceramics,Cup,81.05,4,Thanjavur,Tamil Nadu,0.776,0.0141,Normal,1452.76,Ceramic
Metal Crafts,Brassware,1170.38,6,Bhubaneswar,Odisha,0.855,0.1458,Summer,5039.5,Brass
"Bamboo, Cane & Natural Fibre",Household Product,164.82,4,Saharanpur,Uttar Pradesh,0.399,0.027,Normal,1709.52,Bamboo
Ceramics,Bowl,269.62,3,Kashmir,Jammu and Kashmir,0.228,0.0591,Monsoon,1685.34,Stoneware
Embroidery & Needlecraft,Embroidered Bag,307.55,2,Channapatna,Karnataka,0.451,0.2599,Festival,1739.37,Cotton
Natural / Eco-friendly Crafts,Natural-fibre Basket,160.98,2,Bastar,Chhattisgarh,0.46,-0.1228,Normal,1883.02,Coir
Embroidery & Needlecraft,Table Runner,706.89,9,Raghurajpur,Odisha,0.551,0.2409,Normal,3833.83,Silk
Handloom & Textiles,Scarf,642.79,8,Etikoppaka,Andhra Pradesh,0.601,0.0669,Winter,4489.71,Wool
Natural / Eco-friendly Crafts,Handmade Paper Product,131.54,4,Etikoppaka,Andhra Pradesh,0.769,0.0522,Winter,1352.61,Handmade Paper
Handmade Toys,Traditional Toy,127.92,5,Bhubaneswar,Odisha,0.61,-0.0053,Summer,1741.86,Clay
Woodcraft,Decorative Panel,655.03,2,Kutch,Gujarat,0.586,0.0689,Normal,4852.54,Wood
Pottery & Terracotta,Kitchenware,101.53,2,Channapatna,Karnataka,0.755,-0.0966,Normal,1097.07,Clay
"Bamboo, Cane & Natural Fibre",Basket,143.3,4,Thanjavur,Tamil Nadu,0.767,0.0989,Wedding,3022.3,Palm Leaf
Embroidery & Needlecraft,Embroidered Bag,662.12,6,Thanjavur,Tamil Nadu,0.443,0.1203,Normal,3914.66,Silk
Pottery & Terracotta,Vase,107.94,2,Khurja,Uttar Pradesh,0.746,0.1456,Normal,1562.29,Terracotta
Pottery & Terracotta,Planter,167.64,2,Khurja,Uttar Pradesh,0.636,0.0184,Normal,1511.32,Terracotta
Handmade Home Décor,Table Décor,220.69,4,Moradabad,Uttar Pradesh,0.597,0.1556,Summer,2763.69,Clay
Metal Crafts,Jewellery,1801.02,8,Srinagar,Jammu and Kashmir,0.718,0.2445,Wedding,7152.72,Silver
Natural / Eco-friendly Crafts,Eco-friendly Packaging,184.19,2,Bastar,Chhattisgarh,0.38,-0.0366,Summer,1132.77,Banana Fibre
Handmade Toys,Cloth Doll,199.83,2,Raghurajpur,Odisha,0.421,-0.051,Normal,1217.28,Cotton
Handmade Toys,Puppet,85.41,3,Raghurajpur,Odisha,0.462,0.0094,Normal,750.07,Cotton
Leather & Traditional Craft,Wallet,996.68,7,Raghurajpur,Odisha,0.486,0.0408,Normal,3407.84,Leather
Metal Crafts,Jewellery,1879.97,5,Kashmir,Jammu and Kashmir,0.537,-0.0008,Wedding,8583.11,Silver
Leather & Traditional Craft,Traditional Leather Craft,507.23,10,Saharanpur,Uttar Pradesh,0.728,0.0921,Normal,2466.55,Leather
Embroidery & Needlecraft,Quilt,30.0,5,Kutch,Gujarat,0.716,0.0973,Normal,1393.58,Cotton
Embroidery & Needlecraft,Wall Hanging,659.34,10,Khurja,Uttar Pradesh,0.662,0.2655,Wedding,4496.87,Wool
Woodcraft,Tray,594.78,8,Bastar,Chhattisgarh,0.64,0.0248,Normal,2978.68,Wood
Paintings & Art,Kalamkari,245.72,2,Channapatna,Karnataka,0.605,0.1832,Normal,3142.27,Natural Dye
Pottery & Terracotta,Clay Lamp,106.95,2,Srikalahasti,Andhra Pradesh,0.688,0.0679,Festival,1479.97,Clay
Handmade Bags & Accessories,Accessories,548.94,5,Raghurajpur,Odisha,0.64,0.0548,Normal,2179.17,Leather
Handmade Toys,Stuffed Toy,77.81,2,Saharanpur,Uttar Pradesh,0.842,0.1419,Wedding,2252.58,Jute
Handmade Home Décor,Handmade Clock,329.7,7,Khurja,Uttar Pradesh,0.593,-0.0668,Winter,1652.41,Bamboo
Handmade Toys,Handmade Game,154.92,2,Moradabad,Uttar Pradesh,0.401,0.1615,Normal,1799.76,Paper
Natural / Eco-friendly Crafts,Handmade Paper Product,196.08,3,Pochampally,Telangana,0.836,0.0159,Monsoon,2208.89,Handmade Paper
Leather & Traditional Craft,Traditional Leather Craft,910.67,5,Madhubani,Bihar,0.381,0.055,Normal,3820.49,Leather
Ceramics,Cup,247.42,3,Saharanpur,Uttar Pradesh,0.589,0.1047,Summer,1470.6,Stoneware
Handmade Bags & Accessories,Handbag,246.22,2,Kutch,Gujarat,0.799,0.1254,Summer,1516.72,Cane
"Bamboo, Cane & Natural Fibre",Bottle/Container,39.47,4,Kondapalli,Andhra Pradesh,0.236,-0.0124,Wedding,2305.95,Bamboo
Handloom & Textiles,Carpet,422.99,8,Jaipur,Rajasthan,0.35,0.0824,Normal,3239.95,Jute
"Bamboo, Cane & Natural Fibre",Basket,127.55,1,Jaipur,Rajasthan,0.4,0.0816,Winter,1633.09,Bamboo
"Bamboo, Cane & Natural Fibre",Furniture,166.19,4,Kolkata,West Bengal,0.719,-0.0792,Wedding,1468.21,Bamboo
Handmade Bags & Accessories,Scarf,322.02,3,Kolkata,West Bengal,0.702,0.2367,Summer,3192.91,Linen
Handmade Toys,Traditional Toy,321.05,3,Srikalahasti,Andhra Pradesh,0.628,0.1507,Normal,2766.48,Wood
Handmade Home Décor,Wall Hanging,490.41,3,Jaipur,Rajasthan,0.576,0.0672,Normal,2948.26,Wood
"Bamboo, Cane & Natural Fibre",Basket,167.47,3,Kutch,Gujarat,0.821,-0.1257,Monsoon,2263.2,Palm Leaf
Ceramics,Mug,142.14,3,Pochampally,Telangana,0.762,-0.1675,Festival,1212.7,Ceramic
Handloom & Textiles,Bedsheet,408.93,5,Kolkata,West Bengal,0.622,0.016,Normal,3573.84,Cotton
"Bamboo, Cane & Natural Fibre",Tray,292.33,4,Etikoppaka,Andhra Pradesh,0.24,-0.064,Normal,1188.74,Bamboo
Handmade Jewellery,Beaded Jewellery,380.77,6,Bhubaneswar,Odisha,0.72,0.0328,Summer,2711.29,Glass Beads
Leather & Traditional Craft,Leather Bag,905.84,6,Kashmir,Jammu and Kashmir,0.82,0.0858,Festival,5805.47,Leather
Embroidery & Needlecraft,Quilt,483.31,5,Kolkata,West Bengal,0.779,-0.1038,Festival,2395.09,Wool
Woodcraft,Decorative Panel,662.66,10,Kutch,Gujarat,0.703,0.2229,Festival,5004.61,Wood
Handmade Bags & Accessories,Handbag,73.16,4,Moradabad,Uttar Pradesh,0.786,-0.1322,Normal,3020.75,Cane
Paintings & Art,Pattachitra,30.0,9,Raghurajpur,Odisha,0.747,0.1319,Summer,3197.17,Natural Pigment
Handloom & Textiles,Dupatta,711.2,6,Srikalahasti,Andhra Pradesh,0.759,0.1685,Wedding,3819.19,Silk
Handmade Toys,Traditional Toy,325.09,2,Kutch,Gujarat,0.965,-0.007,Monsoon,2169.91,Wood
Handmade Bags & Accessories,Clutch,187.14,3,Kashmir,Jammu and Kashmir,0.946,0.2237,Normal,2842.76,Cotton
Handmade Bags & Accessories,Scarf,388.49,5,Srinagar,Jammu and Kashmir,0.739,0.0351,Wedding,3235.41,Linen
Leather & Traditional Craft,Decorative Leather Product,939.47,3,Madhubani,Bihar,0.412,0.1604,Normal,5274.99,Leather
Pottery & Terracotta,Planter,30.0,4,Kolkata,West Bengal,0.806,0.0128,Monsoon,1351.42,Clay
Pottery & Terracotta,Kitchenware,104.6,1,Madhubani,Bihar,0.822,-0.0361,Normal,870.91,Terracotta
"Bamboo, Cane & Natural Fibre",Household Product,206.75,3,Kondapalli,Andhra Pradesh,0.781,0.035,Normal,1446.99,Bamboo
"Bamboo, Cane & Natural Fibre",Tray,182.61,3,Kolkata,West Bengal,0.589,-0.0283,Summer,2392.56,Cane
Natural / Eco-friendly Crafts,Eco-friendly Packaging,202.18,3,Thanjavur,Tamil Nadu,0.635,0.122,Wedding,1643.72,Jute
Metal Crafts,Jewellery,845.81,6,Channapatna,Karnataka,0.673,0.0597,Monsoon,3095.62,Copper
Embroidery & Needlecraft,Embroidered Bag,210.25,7,Bhubaneswar,Odisha,0.608,0.1252,Normal,2122.41,Jute
Ceramics,Home Décor,259.87,2,Srikalahasti,Andhra Pradesh,0.776,0.0362,Normal,1510.12,Porcelain
Leather & Traditional Craft,Traditional Leather Craft,633.92,1,Saharanpur,Uttar Pradesh,0.495,-0.0314,Normal,2796.8,Leather
Ceramics,Vase,234.93,2,Moradabad,Uttar Pradesh,0.603,-0.0208,Normal,2229.18,Ceramic
Natural / Eco-friendly Crafts,Coir Product,30.0,3,Kondapalli,Andhra Pradesh,0.702,0.0717,Festival,2060.72,Coir
Woodcraft,Furniture,753.64,10,Moradabad,Uttar Pradesh,0.473,-0.0939,Winter,4051.31,Mango Wood
Handmade Toys,Stuffed Toy,105.12,1,Kutch,Gujarat,0.247,0.1022,Wedding,790.08,Cotton
Leather & Traditional Craft,Leather Bag,672.36,5,Kutch,Gujarat,0.841,0.0212,Normal,3000.11,Leather
Leather & Traditional Craft,Belt,1133.76,4,Channapatna,Karnataka,0.943,0.0726,Normal,4344.3,Leather
"Bamboo, Cane & Natural Fibre",Basket,172.84,3,Bastar,Chhattisgarh,0.412,0.0705,Normal,2003.59,Palm Leaf
Leather & Traditional Craft,Decorative Leather Product,587.6,3,Assam,Assam,0.496,0.1562,Wedding,2542.67,Leather
Natural / Eco-friendly Crafts,Banana-fibre Product,179.6,3,Kashmir,Jammu and Kashmir,0.857,-0.0154,Normal,1487.66,Banana Fibre
Handmade Home Décor,Sculpture,382.65,5,Madhubani,Bihar,0.863,0.1011,Summer,3497.02,Metal
Pottery & Terracotta,Clay Lamp,70.67,2,Kondapalli,Andhra Pradesh,0.873,-0.0609,Winter,1622.78,Clay
Handmade Toys,Puppet,417.82,5,Khurja,Uttar Pradesh,0.385,0.1426,Festival,2370.86,Leather
Paintings & Art,Madhubani Painting,400.34,9,Kutch,Gujarat,0.637,0.1506,Monsoon,2137.46,Natural Pigment
Handmade Toys,Wooden Toy,124.05,5,Kondapalli,Andhra Pradesh,0.799,0.0538,Monsoon,1761.3,Wood
Handmade Jewellery,Tribal Jewellery,464.11,4,Raghurajpur,Odisha,0.485,0.0944,Festival,1988.78,Beads
Handloom & Textiles,Shawl,364.37,11,Etikoppaka,Andhra Pradesh,0.988,0.0711,Normal,2600.37,Wool
Handmade Toys,Puppet,283.69,3,Bhubaneswar,Odisha,0.56,0.0061,Festival,1799.18,Leather
Handloom & Textiles,Dress Material,288.09,9,Bastar,Chhattisgarh,0.508,-0.0549,Winter,1744.15,Cotton
Handmade Toys,Cloth Doll,166.6,3,Bhubaneswar,Odisha,0.418,0.1496,Monsoon,1579.41,Wool
Handmade Bags & Accessories,Handbag,209.62,2,Jaipur,Rajasthan,0.378,-0.0039,Winter,2559.17,Cane
Ceramics,Tableware,30.0,2,Etikoppaka,Andhra Pradesh,0.756,-0.0726,Normal,956.0,Ceramic
Leather & Traditional Craft,Belt,835.31,6,Srinagar,Jammu and Kashmir,0.887,0.0222,Summer,3253.74,Leather
Pottery & Terracotta,Diya,30.0,4,Bhubaneswar,Odisha,0.839,-0.0989,Monsoon,1696.59,Clay
Handmade Home Décor,Wall Hanging,378.54,1,Bastar,Chhattisgarh,0.599,0.1036,Wedding,2817.7,Cotton
Handmade Toys,Wooden Toy,332.72,3,Srinagar,Jammu and Kashmir,0.658,0.071,Normal,1835.92,Wood
Handmade Bags & Accessories,Tote Bag,225.51,3,Etikoppaka,Andhra Pradesh,0.633,0.0567,Festival,3314.61,Jute
Natural / Eco-friendly Crafts,Jute Product,165.71,3,Saharanpur,Uttar Pradesh,0.564,0.0666,Normal,995.12,Jute
Embroidery & Needlecraft,Embroidered Bag,324.33,7,Thanjavur,Tamil Nadu,0.219,0.04,Normal,2897.92,Cotton
"Bamboo, Cane & Natural Fibre",Bottle/Container,218.92,2,Kolkata,West Bengal,0.763,0.1152,Normal,2610.31,Bamboo
Ceramics,Decorative Piece,225.21,1,Etikoppaka,Andhra Pradesh,0.762,0.0571,Normal,2133.24,Ceramic
Pottery & Terracotta,Terracotta Figurine,186.09,1,Kutch,Gujarat,0.693,0.0008,Festival,1867.5,Terracotta
Paintings & Art,Phad Painting,403.58,4,Madhubani,Bihar,0.538,0.119,Festival,3207.79,Natural Pigment
Natural / Eco-friendly Crafts,Handmade Paper Product,164.75,1,Kolkata,West Bengal,0.466,-0.0614,Normal,1130.49,Handmade Paper
Woodcraft,Wooden Toy,195.26,11,Khurja,Uttar Pradesh,0.603,-0.0232,Summer,1830.93,Wood
Handmade Jewellery,Terracotta Jewellery,443.22,3,Channapatna,Karnataka,0.566,0.0803,Normal,4041.82,Terracotta
"Bamboo, Cane & Natural Fibre",Storage Box,111.5,5,Thanjavur,Tamil Nadu,0.715,0.1791,Normal,1883.85,Palm Leaf
Paintings & Art,Pattachitra,462.97,8,Moradabad,Uttar Pradesh,0.618,0.0082,Summer,2873.53,Natural Pigment
Natural / Eco-friendly Crafts,Palm-leaf Product,133.72,1,Raghurajpur,Odisha,0.283,0.1631,Normal,1405.12,Palm Leaf
"Bamboo, Cane & Natural Fibre",Household Product,162.49,4,Pochampally,Telangana,0.834,-0.1428,Summer,1905.11,Jute
"Bamboo, Cane & Natural Fibre",Mat,51.98,4,Thanjavur,Tamil Nadu,0.864,0.2021,Winter,2353.62,Jute
Metal Crafts,Metal Sculpture,1228.32,7,Narsapur,Andhra Pradesh,0.447,0.1717,Normal,6034.22,Copper
Metal Crafts,Utensil,931.72,3,Kolkata,West Bengal,0.753,0.0778,Winter,6886.32,Copper
Handmade Bags & Accessories,Basket,132.81,4,Thanjavur,Tamil Nadu,0.614,-0.0076,Summer,3233.84,Cane
Leather & Traditional Craft,Decorative Leather Product,791.21,5,Jaipur,Rajasthan,0.535,0.0499,Normal,4527.35,Leather
Natural / Eco-friendly Crafts,Coir Product,213.32,1,Pochampally,Telangana,0.574,0.139,Normal,1733.89,Coir
Natural / Eco-friendly Crafts,Eco-friendly Packaging,170.05,4,Bhubaneswar,Odisha,0.863,-0.025,Wedding,1675.54,Jute
Pottery & Terracotta,Terracotta Figurine,75.56,3,Srikalahasti,Andhra Pradesh,0.557,0.0187,Summer,1517.99,Terracotta
Handmade Jewellery,Lac Jewellery,304.76,6,Assam,Assam,0.713,0.0576,Monsoon,1933.92,Lac
Ceramics,Bowl,275.33,1,Jaipur,Rajasthan,0.864,0.0133,Winter,1592.24,Stoneware
Embroidery & Needlecraft,Patchwork Product,570.44,6,Kondapalli,Andhra Pradesh,0.823,0.0803,Normal,3303.53,Linen
"Bamboo, Cane & Natural Fibre",Bottle/Container,144.83,4,Bastar,Chhattisgarh,0.596,0.2257,Normal,2260.31,Bamboo
Metal Crafts,Bell-metal Product,1039.26,11,Madhubani,Bihar,0.803,0.0402,Monsoon,6006.58,Bell Metal
Handmade Bags & Accessories,Clutch,230.68,2,Srikalahasti,Andhra Pradesh,0.637,0.1676,Normal,2203.43,Jute
Handmade Toys,Educational Toy,179.7,3,Kutch,Gujarat,0.792,0.0787,Wedding,1824.18,Wood
Leather & Traditional Craft,Footwear,710.69,3,Etikoppaka,Andhra Pradesh,0.688,0.1647,Normal,2345.09,Leather
Leather & Traditional Craft,Leather Bag,759.02,1,Srinagar,Jammu and Kashmir,0.859,0.0204,Normal,2936.9,Leather
Paintings & Art,Pattachitra,201.13,3,Channapatna,Karnataka,0.524,0.0933,Normal,1232.57,Cloth
Handmade Bags & Accessories,Backpack,249.92,6,Assam,Assam,0.698,0.0392,Festival,3004.94,Cotton
Natural / Eco-friendly Crafts,Coir Product,196.53,2,Khurja,Uttar Pradesh,0.829,0.0526,Normal,1967.96,Coir
Paintings & Art,Sketch,332.6,3,Saharanpur,Uttar Pradesh,0.472,-0.0245,Festival,2780.4,Graphite
Handmade Bags & Accessories,Scarf,211.45,4,Khurja,Uttar Pradesh,0.741,-0.0075,Winter,1596.17,Cotton
Handmade Toys,Educational Toy,218.96,6,Kolkata,West Bengal,0.519,-0.0583,Normal,2159.58,Wood
Handloom & Textiles,Fabric,141.5,4,Madhubani,Bihar,0.309,0.0542,Normal,2391.4,Cotton
Handmade Bags & Accessories,Pouch,128.12,3,Pochampally,Telangana,0.684,0.1543,Normal,2378.91,Jute
Handmade Home Décor,Decorative Box,194.48,3,Raghurajpur,Odisha,0.677,0.0438,Winter,2501.18,Cane
Handloom & Textiles,Scarf,590.53,5,Moradabad,Uttar Pradesh,0.402,0.1002,Normal,2335.06,Silk
Embroidery & Needlecraft,Quilt,201.45,5,Kolkata,West Bengal,0.803,0.0077,Normal,2978.44,Wool
Handmade Home Décor,Dreamcatcher,193.9,4,Moradabad,Uttar Pradesh,0.51,0.0836,Normal,2517.18,Cotton
Handloom & Textiles,Durrie,441.7,8,Kutch,Gujarat,0.404,0.0295,Wedding,3843.21,Cotton
Handmade Bags & Accessories,Handbag,315.68,4,Bastar,Chhattisgarh,0.624,0.0448,Normal,2972.24,Jute
"Bamboo, Cane & Natural Fibre",Basket,72.47,4,Kashmir,Jammu and Kashmir,0.509,0.042,Wedding,1042.79,Palm Leaf
Handmade Toys,Handmade Game,238.71,2,Kondapalli,Andhra Pradesh,0.812,0.1314,Monsoon,1953.16,Paper
Leather & Traditional Craft,Traditional Leather Craft,842.43,8,Moradabad,Uttar Pradesh,0.628,-0.1546,Normal,2781.59,Leather
Natural / Eco-friendly Crafts,Palm-leaf Product,30.0,3,Bhubaneswar,Odisha,0.564,0.099,Winter,1349.55,Palm Leaf
Leather & Traditional Craft,Footwear,979.43,7,Channapatna,Karnataka,0.569,0.0772,Monsoon,4777.26,Leather
Natural / Eco-friendly Crafts,Palm-leaf Product,68.91,4,Jaipur,Rajasthan,0.664,0.1462,Normal,1865.42,Palm Leaf
Embroidery & Needlecraft,Patchwork Product,421.53,7,Kashmir,Jammu and Kashmir,0.695,-0.0838,Normal,3534.27,Cotton
Handloom & Textiles,Saree,267.18,11,Kondapalli,Andhra Pradesh,0.392,0.0887,Normal,2986.09,Cotton
Natural / Eco-friendly Crafts,Palm-leaf Product,80.39,3,Jaipur,Rajasthan,0.622,0.2519,Normal,1798.32,Palm Leaf
Leather & Traditional Craft,Leather Bag,828.83,5,Srikalahasti,Andhra Pradesh,0.962,0.2804,Monsoon,5190.88,Leather
Handmade Home Décor,Table Décor,30.0,5,Kutch,Gujarat,0.58,-0.0594,Monsoon,2978.9,Clay
Handmade Jewellery,Lac Jewellery,310.32,6,Moradabad,Uttar Pradesh,0.781,0.0927,Winter,3639.46,Lac
Pottery & Terracotta,Clay Pot,194.77,3,Bastar,Chhattisgarh,0.566,-0.0972,Winter,1138.06,Terracotta
Metal Crafts,Decorative Item,1228.83,2,Kutch,Gujarat,0.743,0.0326,Normal,6312.65,Brass
Handmade Home Décor,Sculpture,253.96,3,Narsapur,Andhra Pradesh,0.63,-0.1533,Normal,1644.88,Wood
Handmade Toys,Puppet,220.93,3,Moradabad,Uttar Pradesh,0.829,0.0549,Winter,2197.87,Leather
Handloom & Textiles,Dress Material,667.28,6,Kashmir,Jammu and Kashmir,0.825,-0.0301,Festival,4621.29,Linen
Handmade Toys,Handmade Game,181.82,2,Kondapalli,Andhra Pradesh,0.654,0.0679,Festival,1191.22,Paper
Woodcraft,Furniture,746.21,3,Thanjavur,Tamil Nadu,0.515,0.0132,Normal,3137.62,Teak Wood
Handmade Toys,Handmade Game,302.9,1,Pochampally,Telangana,0.763,0.1296,Monsoon,2454.94,Wood
Ceramics,Plate,174.17,2,Narsapur,Andhra Pradesh,0.462,0.1672,Normal,1321.83,Ceramic
Leather & Traditional Craft,Decorative Leather Product,540.77,8,Madhubani,Bihar,0.73,0.0913,Normal,4985.78,Leather
Handmade Home Décor,Table Décor,140.88,4,Thanjavur,Tamil Nadu,0.698,-0.054,Festival,1576.74,Ceramic
Ceramics,Home Décor,156.48,3,Srinagar,Jammu and Kashmir,0.742,-0.0327,Monsoon,937.97,Ceramic
Handmade Bags & Accessories,Pouch,239.8,3,Moradabad,Uttar Pradesh,0.588,0.1698,Normal,2443.98,Cotton
Woodcraft,Tray,476.84,9,Bhubaneswar,Odisha,0.614,0.1452,Festival,1927.2,Wood
Leather & Traditional Craft,Belt,834.97,6,Moradabad,Uttar Pradesh,0.55,0.1024,Summer,4076.5,Leather
Woodcraft,Tray,635.95,8,Srinagar,Jammu and Kashmir,0.896,-0.1209,Monsoon,3818.91,Wood
Handmade Toys,Stuffed Toy,169.56,2,Channapatna,Karnataka,0.519,0.1434,Normal,1006.32,Cotton
Handloom & Textiles,Dress Material,695.28,5,Raghurajpur,Odisha,0.599,-0.0915,Festival,4481.85,Silk
Leather & Traditional Craft,Decorative Leather Product,804.08,4,Srikalahasti,Andhra Pradesh,0.384,0.0188,Normal,4342.95,Leather
Natural / Eco-friendly Crafts,Eco-friendly Packaging,92.98,2,Kolkata,West Bengal,0.918,0.1339,Normal,2674.17,Palm Leaf
"Bamboo, Cane & Natural Fibre",Lampshade,222.22,6,Srinagar,Jammu and Kashmir,0.553,-0.0833,Normal,1467.33,Cane
Ceramics,Home Décor,280.12,2,Kondapalli,Andhra Pradesh,0.622,0.1553,Monsoon,1456.65,Porcelain
Paintings & Art,Kalamkari,394.44,8,Khurja,Uttar Pradesh,0.954,0.2449,Normal,2603.63,Natural Dye
Pottery & Terracotta,Sculpture,30.0,3,Srikalahasti,Andhra Pradesh,0.338,-0.04,Winter,559.76,Clay
"Bamboo, Cane & Natural Fibre",Basket,179.8,2,Raghurajpur,Odisha,0.876,0.0668,Summer,2527.58,Cane
Natural / Eco-friendly Crafts,Palm-leaf Product,32.35,2,Srinagar,Jammu and Kashmir,0.793,0.0397,Summer,1597.17,Palm Leaf
Handloom & Textiles,Shawl,240.01,5,Thanjavur,Tamil Nadu,0.971,0.0623,Normal,3387.75,Linen
"Bamboo, Cane & Natural Fibre",Lampshade,209.0,2,Pochampally,Telangana,0.841,0.1223,Festival,3229.17,Cane
Handmade Jewellery,Metal Jewellery,635.1,7,Madhubani,Bihar,0.41,-0.0444,Monsoon,3977.48,Copper
Natural / Eco-friendly Crafts,Eco-friendly Packaging,175.85,6,Kashmir,Jammu and Kashmir,0.616,0.0626,Normal,2212.61,Jute
Paintings & Art,Phad Painting,401.44,9,Channapatna,Karnataka,0.802,0.0708,Normal,3005.91,Cotton
Metal Crafts,Brassware,1353.88,5,Srikalahasti,Andhra Pradesh,0.711,0.0422,Summer,5805.66,Brass
Handmade Toys,Cloth Doll,230.21,4,Channapatna,Karnataka,0.553,0.08,Festival,2195.21,Cotton
Handmade Bags & Accessories,Tote Bag,362.42,3,Madhubani,Bihar,0.775,-0.0548,Festival,2513.36,Jute
Handmade Toys,Cloth Doll,336.62,4,Bhubaneswar,Odisha,0.548,0.1869,Normal,1463.4,Cotton
Leather & Traditional Craft,Wallet,750.78,1,Kolkata,West Bengal,0.344,-0.0162,Normal,3912.49,Leather
Metal Crafts,Brassware,1022.29,10,Srikalahasti,Andhra Pradesh,0.651,-0.0255,Wedding,4145.28,Brass
Natural / Eco-friendly Crafts,Palm-leaf Product,62.33,2,Srinagar,Jammu and Kashmir,0.745,0.1205,Festival,1478.3,Palm Leaf
Embroidery & Needlecraft,Quilt,218.85,5,Kashmir,Jammu and Kashmir,0.775,0.058,Normal,3182.73,Cotton
Natural / Eco-friendly Crafts,Natural-fibre Basket,136.07,4,Kondapalli,Andhra Pradesh,0.833,0.3,Normal,2327.52,Coir
Handmade Home Décor,Lamp,429.68,1,Kolkata,West Bengal,0.826,-0.0417,Normal,2046.09,Wood
"Bamboo, Cane & Natural Fibre",Storage Box,193.04,4,Kondapalli,Andhra Pradesh,0.496,-0.0891,Normal,1220.43,Cane
Pottery & Terracotta,Clay Pot,51.15,4,Kondapalli,Andhra Pradesh,0.807,0.0741,Normal,1267.02,Terracotta
Natural / Eco-friendly Crafts,Jute Product,140.02,1,Srikalahasti,Andhra Pradesh,0.351,-0.1755,Festival,657.8,Jute
Woodcraft,Decorative Panel,601.02,3,Narsapur,Andhra Pradesh,0.766,0.1856,Winter,2709.8,Wood
Handmade Home Décor,Mirror,442.53,4,Khurja,Uttar Pradesh,0.638,0.1451,Monsoon,3583.73,Wood
Handmade Jewellery,Tribal Jewellery,1217.43,1,Saharanpur,Uttar Pradesh,0.808,0.0813,Festival,4082.0,Silver
Metal Crafts,Decorative Item,1370.7,9,Khurja,Uttar Pradesh,0.802,0.1478,Normal,5439.92,Copper
Leather & Traditional Craft,Belt,599.56,1,Khurja,Uttar Pradesh,0.643,0.065,Winter,4179.13,Leather
Embroidery & Needlecraft,Embroidered Bag,322.51,2,Thanjavur,Tamil Nadu,0.759,0.041,Normal,3654.66,Jute
Handmade Toys,Puppet,320.9,2,Pochampally,Telangana,0.633,0.2078,Monsoon,2167.87,Leather
Natural / Eco-friendly Crafts,Coir Product,78.73,1,Kashmir,Jammu and Kashmir,0.5,0.105,Normal,1817.01,Coir
Handmade Bags & Accessories,Clutch,308.84,3,Srikalahasti,Andhra Pradesh,0.547,0.1236,Normal,2518.62,Lac
Handloom & Textiles,Carpet,187.05,8,Srinagar,Jammu and Kashmir,0.82,0.0068,Normal,2140.15,Cotton
Metal Crafts,Utensil,1315.91,6,Srinagar,Jammu and Kashmir,0.8,0.094,Festival,7202.56,Bell Metal
"Bamboo, Cane & Natural Fibre",Bag,304.92,2,Kondapalli,Andhra Pradesh,0.789,0.0247,Normal,1810.77,Bamboo
Natural / Eco-friendly Crafts,Natural-fibre Basket,30.0,3,Pochampally,Telangana,0.746,-0.102,Normal,1630.81,Palm Leaf
Handmade Jewellery,Metal Jewellery,379.3,4,Jaipur,Rajasthan,0.694,0.0087,Monsoon,1679.53,Copper
"Bamboo, Cane & Natural Fibre",Mat,409.99,4,Kashmir,Jammu and Kashmir,0.909,0.0233,Normal,1953.09,Bamboo
Woodcraft,Box,505.06,7,Pochampally,Telangana,0.533,-0.116,Winter,4533.05,Wood
Leather & Traditional Craft,Leather Bag,655.15,6,Khurja,Uttar Pradesh,0.473,0.1778,Normal,3547.87,Leather
Natural / Eco-friendly Crafts,Handmade Paper Product,194.81,4,Madhubani,Bihar,0.623,0.0423,Normal,2235.96,Handmade Paper
Metal Crafts,Jewellery,893.15,6,Kutch,Gujarat,0.796,0.1924,Winter,3535.34,Copper
Handmade Jewellery,Wooden Jewellery,600.9,1,Kondapalli,Andhra Pradesh,0.372,-0.0049,Festival,2916.81,Wood
Metal Crafts,Lamp,1284.21,7,Bastar,Chhattisgarh,0.828,0.0645,Festival,6038.17,Brass
Leather & Traditional Craft,Traditional Leather Craft,867.27,5,Srikalahasti,Andhra Pradesh,0.568,-0.1001,Winter,2559.45,Leather
Handmade Toys,Traditional Toy,47.45,2,Bastar,Chhattisgarh,0.643,0.043,Monsoon,1076.57,Wood
Handmade Home Décor,Lamp,614.41,4,Narsapur,Andhra Pradesh,0.879,0.0177,Normal,3629.61,Wood
Handloom & Textiles,Blanket,510.81,12,Thanjavur,Tamil Nadu,0.882,0.0722,Winter,3795.36,Wool
Handmade Toys,Educational Toy,162.23,4,Kondapalli,Andhra Pradesh,0.743,-0.1051,Normal,2298.16,Cotton
Handmade Home Décor,Wall Hanging,292.64,3,Etikoppaka,Andhra Pradesh,0.524,0.0517,Normal,1620.34,Bamboo
Metal Crafts,Bell-metal Product,1242.97,7,Thanjavur,Tamil Nadu,0.554,-0.0992,Normal,5643.68,Bell Metal
Metal Crafts,Jewellery,1907.85,5,Saharanpur,Uttar Pradesh,0.649,-0.1022,Festival,4519.09,Brass
Embroidery & Needlecraft,Embroidered Clothing,426.95,9,Srikalahasti,Andhra Pradesh,0.644,0.0163,Winter,1924.11,Linen
Paintings & Art,Kalamkari,360.78,5,Bastar,Chhattisgarh,0.318,-0.0354,Winter,2962.48,Silk
Natural / Eco-friendly Crafts,Handmade Paper Product,155.05,2,Channapatna,Karnataka,0.428,0.1853,Wedding,855.69,Handmade Paper
Natural / Eco-friendly Crafts,Palm-leaf Product,85.74,2,Khurja,Uttar Pradesh,0.862,0.0465,Festival,1776.57,Palm Leaf
Woodcraft,Wall Décor,760.44,2,Raghurajpur,Odisha,0.808,0.0003,Normal,2980.68,Wood
Ceramics,Ceramic Jewellery,194.25,2,Assam,Assam,0.63,-0.1555,Normal,975.7,Ceramic
Paintings & Art,Sketch,288.21,4,Madhubani,Bihar,0.886,0.1199,Normal,2353.41,Ink
Handmade Bags & Accessories,Clutch,613.93,6,Kondapalli,Andhra Pradesh,0.929,-0.1153,Normal,2818.93,Leather
Handloom & Textiles,Handwoven Bag,233.34,8,Madhubani,Bihar,0.692,-0.0737,Monsoon,2824.77,Jute
Handmade Home Décor,Decorative Box,361.85,1,Assam,Assam,0.77,-0.0139,Monsoon,1530.1,Bamboo
"Bamboo, Cane & Natural Fibre",Bottle/Container,254.96,6,Madhubani,Bihar,0.733,-0.0934,Wedding,1532.01,Bamboo
Handloom & Textiles,Carpet,140.24,7,Bastar,Chhattisgarh,0.698,0.0048,Normal,3149.81,Cotton
Natural / Eco-friendly Crafts,Palm-leaf Product,72.52,5,Thanjavur,Tamil Nadu,0.518,0.121,Normal,1724.6,Palm Leaf
Woodcraft,Wooden Jewellery,423.05,4,Narsapur,Andhra Pradesh,0.605,0.1092,Normal,4171.37,Wood
Natural / Eco-friendly Crafts,Jute Product,144.33,3,Kutch,Gujarat,0.575,0.0663,Wedding,2406.7,Jute
Paintings & Art,Phad Painting,114.0,5,Channapatna,Karnataka,0.883,-0.0607,Normal,1696.07,Cotton
Pottery & Terracotta,Sculpture,82.85,4,Kashmir,Jammu and Kashmir,0.774,0.1618,Normal,1148.21,Clay
Metal Crafts,Lamp,1051.54,7,Bhubaneswar,Odisha,0.931,0.0574,Wedding,7318.83,Copper
Natural / Eco-friendly Crafts,Palm-leaf Product,115.72,2,Srikalahasti,Andhra Pradesh,0.536,-0.0344,Festival,2149.32,Palm Leaf
Leather & Traditional Craft,Wallet,780.51,5,Kutch,Gujarat,0.716,-0.0793,Wedding,3585.83,Leather
Metal Crafts,Copperware,1340.06,1,Kolkata,West Bengal,0.603,-0.0809,Winter,6337.53,Copper
Leather & Traditional Craft,Traditional Leather Craft,1009.6,7,Thanjavur,Tamil Nadu,0.419,0.103,Normal,2819.02,Leather
Ceramics,Bowl,238.41,3,Assam,Assam,0.508,-0.069,Summer,1828.54,Ceramic
Pottery & Terracotta,Sculpture,148.36,4,Srinagar,Jammu and Kashmir,0.62,0.0696,Normal,1131.6,Terracotta
Leather & Traditional Craft,Belt,893.53,2,Jaipur,Rajasthan,0.827,0.0061,Normal,4567.45,Leather
Paintings & Art,Folk Painting,310.51,9,Bhubaneswar,Odisha,0.827,0.1121,Normal,3019.11,Acrylic
Metal Crafts,Lamp,802.4,5,Raghurajpur,Odisha,0.489,0.1876,Normal,6706.89,Copper
Ceramics,Mug,233.05,2,Channapatna,Karnataka,0.35,0.0809,Wedding,1697.78,Ceramic
Embroidery & Needlecraft,Embroidered Clothing,720.85,5,Saharanpur,Uttar Pradesh,0.537,-0.0581,Wedding,3790.67,Silk
Natural / Eco-friendly Crafts,Natural-fibre Basket,96.07,4,Bhubaneswar,Odisha,0.716,0.078,Festival,2365.8,Palm Leaf
Handmade Bags & Accessories,Pouch,323.85,5,Jaipur,Rajasthan,0.658,0.2447,Winter,3278.68,Jute
Embroidery & Needlecraft,Wall Hanging,357.39,6,Kashmir,Jammu and Kashmir,0.518,-0.0148,Normal,3240.69,Jute
Paintings & Art,Sketch,205.29,3,Channapatna,Karnataka,0.509,0.1112,Normal,2491.02,Graphite
Natural / Eco-friendly Crafts,Banana-fibre Product,139.14,3,Bhubaneswar,Odisha,0.765,0.0863,Winter,1487.03,Banana Fibre
"Bamboo, Cane & Natural Fibre",Storage Box,263.1,4,Kutch,Gujarat,0.606,-0.0761,Summer,2539.8,Cane
"Bamboo, Cane & Natural Fibre",Basket,247.34,5,Narsapur,Andhra Pradesh,0.691,-0.0561,Normal,2331.47,Palm Leaf
Handmade Bags & Accessories,Accessories,441.43,2,Moradabad,Uttar Pradesh,0.428,0.0493,Wedding,2585.16,Jute
Handloom & Textiles,Towel,247.41,6,Khurja,Uttar Pradesh,0.722,0.0362,Normal,2706.26,Cotton
Handmade Bags & Accessories,Backpack,497.12,2,Narsapur,Andhra Pradesh,0.726,-0.1183,Winter,3284.37,Leather
Handmade Jewellery,Beaded Jewellery,505.61,3,Bhubaneswar,Odisha,0.667,0.0621,Winter,2227.14,Wood
Handmade Home Décor,Sculpture,358.32,1,Raghurajpur,Odisha,0.589,0.1042,Winter,2733.68,Metal
Handmade Bags & Accessories,Backpack,399.95,4,Khurja,Uttar Pradesh,0.686,0.1768,Summer,2414.74,Cotton
Handmade Bags & Accessories,Clutch,176.26,4,Assam,Assam,0.537,0.0919,Normal,2732.86,Jute
Natural / Eco-friendly Crafts,Eco-friendly Packaging,98.23,5,Saharanpur,Uttar Pradesh,0.715,0.0241,Normal,1645.73,Banana Fibre
Natural / Eco-friendly Crafts,Palm-leaf Product,30.0,1,Jaipur,Rajasthan,0.81,-0.1841,Summer,1632.93,Palm Leaf
Handmade Home Décor,Decorative Box,236.72,3,Kutch,Gujarat,0.564,-0.1949,Normal,2681.24,Bamboo
Leather & Traditional Craft,Traditional Leather Craft,562.6,1,Channapatna,Karnataka,0.659,0.0857,Normal,2720.16,Leather
Leather & Traditional Craft,Wallet,830.58,4,Assam,Assam,0.557,0.0572,Summer,5000.55,Leather
Pottery & Terracotta,Kitchenware,30.0,3,Kutch,Gujarat,0.576,-0.0682,Festival,1143.48,Terracotta
Woodcraft,Wooden Jewellery,242.22,10,Bastar,Chhattisgarh,0.497,0.0049,Winter,1938.4,Wood
Handmade Toys,Cloth Doll,184.98,1,Kondapalli,Andhra Pradesh,0.642,-0.017,Normal,1192.81,Wool
Handmade Toys,Puppet,197.33,2,Narsapur,Andhra Pradesh,0.483,-0.028,Normal,1751.0,Cotton
Handloom & Textiles,Dupatta,189.01,7,Moradabad,Uttar Pradesh,0.777,0.1157,Normal,2924.03,Cotton
Metal Crafts,Copperware,1561.4,8,Kondapalli,Andhra Pradesh,0.865,0.0593,Festival,4677.65,Copper
Metal Crafts,Bell-metal Product,1759.92,5,Channapatna,Karnataka,0.566,0.0341,Winter,7631.3,Bell Metal
Embroidery & Needlecraft,Cushion Cover,244.67,7,Madhubani,Bihar,0.355,0.2276,Normal,3189.4,Cotton
"Bamboo, Cane & Natural Fibre",Storage Box,293.33,3,Assam,Assam,0.804,0.1527,Normal,2523.41,Bamboo
Handloom & Textiles,Bedsheet,50.22,6,Narsapur,Andhra Pradesh,0.744,-0.0903,Normal,2876.56,Cotton
Woodcraft,Wooden Jewellery,516.23,9,Etikoppaka,Andhra Pradesh,0.379,0.0231,Festival,2722.66,Wood
Pottery & Terracotta,Decorative Pot,104.53,1,Thanjavur,Tamil Nadu,0.476,0.0837,Normal,1674.28,Terracotta
Paintings & Art,Madhubani Painting,329.94,7,Narsapur,Andhra Pradesh,0.599,-0.0162,Normal,2106.52,Acrylic
Handmade Jewellery,Beaded Jewellery,466.13,1,Channapatna,Karnataka,0.399,0.1326,Wedding,2782.38,Wood
Handmade Bags & Accessories,Handmade Belt,71.71,4,Madhubani,Bihar,0.782,0.0379,Normal,1531.12,Cotton
Handloom & Textiles,Dupatta,368.1,6,Bhubaneswar,Odisha,0.681,-0.0706,Normal,2825.85,Wool
Leather & Traditional Craft,Decorative Leather Product,826.97,6,Pochampally,Telangana,0.662,-0.0563,Normal,3766.67,Leather
Leather & Traditional Craft,Traditional Leather Craft,781.76,3,Srikalahasti,Andhra Pradesh,0.267,-0.0645,Festival,4075.15,Leather
"Bamboo, Cane & Natural Fibre",Lampshade,117.38,4,Raghurajpur,Odisha,0.339,-0.0416,Winter,1048.54,Jute
Natural / Eco-friendly Crafts,Natural-fibre Basket,87.17,4,Kolkata,West Bengal,0.442,0.0753,Normal,1523.73,Palm Leaf
Handmade Bags & Accessories,Backpack,279.95,4,Thanjavur,Tamil Nadu,0.743,-0.0188,Normal,2393.53,Canvas
"Bamboo, Cane & Natural Fibre",Lampshade,130.23,5,Khurja,Uttar Pradesh,0.727,0.2269,Normal,2350.87,Cane
Leather & Traditional Craft,Decorative Leather Product,704.88,7,Bastar,Chhattisgarh,0.771,0.1434,Summer,3200.16,Leather
Handloom & Textiles,Bedsheet,290.82,12,Kondapalli,Andhra Pradesh,0.729,0.0562,Summer,3054.15,Linen
"Bamboo, Cane & Natural Fibre",Bottle/Container,264.2,3,Kashmir,Jammu and Kashmir,0.572,-0.0093,Normal,1513.37,Bamboo
Leather & Traditional Craft,Decorative Leather Product,770.74,7,Channapatna,Karnataka,0.73,0.1003,Normal,4583.33,Leather
Metal Crafts,Brassware,678.17,10,Srikalahasti,Andhra Pradesh,0.803,0.0493,Wedding,6075.2,Brass
"Bamboo, Cane & Natural Fibre",Household Product,177.34,3,Bhubaneswar,Odisha,0.623,0.144,Normal,2557.48,Cane
Handloom & Textiles,Carpet,567.34,13,Khurja,Uttar Pradesh,0.824,0.0978,Normal,2957.36,Wool
Leather & Traditional Craft,Wallet,575.21,6,Assam,Assam,0.536,-0.1023,Normal,3953.63,Leather
Ceramics,Decorative Piece,165.17,3,Channapatna,Karnataka,0.645,0.1688,Normal,1995.85,Ceramic
Leather & Traditional Craft,Footwear,768.74,1,Madhubani,Bihar,0.686,0.0473,Normal,5014.2,Leather
Handmade Home Décor,Sculpture,397.92,5,Kondapalli,Andhra Pradesh,0.768,0.1487,Festival,2428.06,Metal
Handloom & Textiles,Rug,211.68,8,Khurja,Uttar Pradesh,0.221,-0.104,Normal,1981.74,Cotton
Handmade Jewellery,Bangles,325.21,4,Srinagar,Jammu and Kashmir,0.604,-0.024,Festival,2963.31,Glass
Embroidery & Needlecraft,Quilt,406.98,8,Moradabad,Uttar Pradesh,0.427,0.1335,Normal,2464.08,Wool
Handmade Jewellery,Terracotta Jewellery,340.01,3,Srinagar,Jammu and Kashmir,0.356,0.0224,Normal,1522.32,Terracotta
Metal Crafts,Bell-metal Product,1010.97,6,Bastar,Chhattisgarh,0.763,0.1972,Normal,4541.49,Bell Metal
Paintings & Art,Handmade Wall Art,145.14,2,Raghurajpur,Odisha,0.839,0.0435,Normal,2113.12,Handmade Paper
Handloom & Textiles,Fabric,583.92,8,Srikalahasti,Andhra Pradesh,0.895,-0.0918,Winter,3700.84,Linen
Leather & Traditional Craft,Belt,882.39,3,Bhubaneswar,Odisha,0.357,0.0341,Normal,4054.11,Leather
Handmade Jewellery,Beaded Jewellery,444.46,2,Kondapalli,Andhra Pradesh,0.725,0.0597,Normal,3051.15,Wood
Handloom & Textiles,Traditional Garment,676.39,6,Kashmir,Jammu and Kashmir,0.589,-0.1254,Wedding,3061.09,Silk
Handloom & Textiles,Dress Material,269.89,7,Srikalahasti,Andhra Pradesh,0.665,0.1169,Normal,3063.53,Cotton
Handmade Jewellery,Bracelet,149.03,2,Kolkata,West Bengal,0.941,0.0105,Monsoon,2076.91,Beads
Handmade Jewellery,Lac Jewellery,184.17,4,Khurja,Uttar Pradesh,0.595,-0.0029,Monsoon,3402.17,Lac
Handmade Home Décor,Table Décor,359.58,2,Raghurajpur,Odisha,0.64,0.0747,Normal,1420.53,Clay
"Bamboo, Cane & Natural Fibre",Storage Box,266.99,2,Saharanpur,Uttar Pradesh,0.808,0.1319,Summer,2084.93,Bamboo
Natural / Eco-friendly Crafts,Natural-fibre Basket,30.0,2,Bhubaneswar,Odisha,0.773,-0.0001,Wedding,1645.51,Coir
Handmade Jewellery,Bracelet,454.81,4,Thanjavur,Tamil Nadu,0.515,0.0202,Monsoon,3948.92,Lac
Handmade Bags & Accessories,Wallet,374.53,4,Assam,Assam,0.577,0.1793,Wedding,2474.97,Jute
Pottery & Terracotta,Decorative Pot,53.57,3,Madhubani,Bihar,0.703,0.1438,Summer,1549.88,Terracotta
Embroidery & Needlecraft,Patchwork Product,615.89,9,Madhubani,Bihar,0.381,-0.0515,Normal,3278.7,Wool
Pottery & Terracotta,Planter,93.09,2,Etikoppaka,Andhra Pradesh,0.602,0.14,Summer,798.66,Terracotta
Handmade Jewellery,Necklace,495.32,3,Pochampally,Telangana,0.847,-0.0031,Normal,2968.08,Beads
Paintings & Art,Phad Painting,183.18,2,Jaipur,Rajasthan,0.596,0.0653,Wedding,2499.05,Watercolour
Natural / Eco-friendly Crafts,Banana-fibre Product,30.0,6,Saharanpur,Uttar Pradesh,0.846,0.1055,Summer,2516.52,Banana Fibre
"Bamboo, Cane & Natural Fibre",Decorative Item,341.44,5,Kashmir,Jammu and Kashmir,0.522,-0.086,Monsoon,1598.6,Cane
Ceramics,Tableware,93.49,2,Assam,Assam,0.636,0.0359,Summer,1917.13,Ceramic
Woodcraft,Furniture,628.89,2,Kondapalli,Andhra Pradesh,0.494,0.0477,Normal,4035.95,Mango Wood
Pottery & Terracotta,Clay Pot,124.66,4,Narsapur,Andhra Pradesh,0.569,-0.1492,Summer,930.74,Terracotta
Paintings & Art,Folk Painting,203.09,5,Kashmir,Jammu and Kashmir,0.72,0.2069,Normal,2865.96,Natural Pigment
Paintings & Art,Phad Painting,58.09,12,Jaipur,Rajasthan,0.676,0.1162,Normal,2350.17,Cotton
Leather & Traditional Craft,Traditional Leather Craft,1125.37,3,Kolkata,West Bengal,0.575,-0.0884,Festival,4677.1,Leather
Woodcraft,Kitchenware,108.13,9,Narsapur,Andhra Pradesh,0.786,0.1873,Monsoon,2260.44,Wood
Handmade Bags & Accessories,Scarf,155.65,1,Narsapur,Andhra Pradesh,0.387,-0.0058,Wedding,1762.69,Cotton
Leather & Traditional Craft,Leather Bag,912.83,10,Moradabad,Uttar Pradesh,0.757,0.1736,Wedding,5191.38,Leather
Leather & Traditional Craft,Footwear,900.48,5,Thanjavur,Tamil Nadu,0.522,0.0623,Festival,5797.27,Leather
Paintings & Art,Pattachitra,295.34,5,Pochampally,Telangana,0.718,0.0674,Normal,3680.01,Natural Pigment
Metal Crafts,Brassware,1461.91,4,Kashmir,Jammu and Kashmir,0.736,0.0592,Normal,5489.43,Brass
Natural / Eco-friendly Crafts,Banana-fibre Product,155.51,1,Saharanpur,Uttar Pradesh,0.447,-0.0235,Normal,1565.39,Banana Fibre
Woodcraft,Figurine,675.47,9,Narsapur,Andhra Pradesh,0.44,-0.0874,Normal,3186.57,Wood
Embroidery & Needlecraft,Wall Hanging,294.12,7,Raghurajpur,Odisha,0.614,0.0428,Normal,1541.65,Cotton
"Bamboo, Cane & Natural Fibre",Decorative Item,230.46,4,Moradabad,Uttar Pradesh,0.616,-0.07,Normal,2163.43,Bamboo
Handloom & Textiles,Handwoven Bag,165.13,7,Kondapalli,Andhra Pradesh,0.793,0.0668,Normal,2283.75,Linen
Handmade Home Décor,Table Décor,319.62,5,Kolkata,West Bengal,0.77,0.1448,Normal,2297.73,Ceramic
"Bamboo, Cane & Natural Fibre",Storage Box,184.64,3,Srikalahasti,Andhra Pradesh,0.535,0.1233,Normal,2187.95,Cane
Metal Crafts,Decorative Item,1029.07,6,Thanjavur,Tamil Nadu,0.895,-0.2,Normal,6710.05,Copper
Pottery & Terracotta,Kitchenware,30.0,2,Bhubaneswar,Odisha,0.65,-0.031,Normal,776.95,Clay
Embroidery & Needlecraft,Embroidered Clothing,319.34,7,Khurja,Uttar Pradesh,0.805,0.0966,Summer,2334.26,Cotton
Handloom & Textiles,Blanket,447.07,2,Moradabad,Uttar Pradesh,0.531,-0.1408,Normal,2317.61,Wool
Embroidery & Needlecraft,Wall Hanging,567.03,8,Kondapalli,Andhra Pradesh,0.682,0.1064,Normal,3260.16,Wool
Handmade Toys,Educational Toy,275.74,1,Etikoppaka,Andhra Pradesh,0.51,-0.0961,Normal,2704.11,Wood
Pottery & Terracotta,Terracotta Jewellery,89.15,4,Srinagar,Jammu and Kashmir,0.842,0.2209,Festival,1618.36,Terracotta
Leather & Traditional Craft,Traditional Leather Craft,654.41,10,Kondapalli,Andhra Pradesh,0.609,-0.0459,Normal,2857.66,Leather
Handmade Toys,Puppet,108.28,4,Channapatna,Karnataka,0.621,-0.164,Summer,2030.57,Cotton
Handmade Jewellery,Terracotta Jewellery,241.57,5,Raghurajpur,Odisha,0.493,0.0689,Wedding,3433.03,Terracotta
Embroidery & Needlecraft,Quilt,684.01,9,Jaipur,Rajasthan,0.765,-0.0077,Normal,3683.48,Wool
"Bamboo, Cane & Natural Fibre",Basket,301.83,3,Jaipur,Rajasthan,0.503,0.1071,Festival,1969.04,Cane
Handmade Toys,Educational Toy,195.46,2,Srinagar,Jammu and Kashmir,0.38,0.1131,Normal,1727.04,Cotton
Pottery & Terracotta,Kitchenware,48.22,3,Jaipur,Rajasthan,0.563,-0.1277,Winter,733.27,Clay
Natural / Eco-friendly Crafts,Jute Product,129.02,4,Saharanpur,Uttar Pradesh,0.655,-0.0536,Normal,1894.95,Jute
"Bamboo, Cane & Natural Fibre",Household Product,290.38,5,Khurja,Uttar Pradesh,0.633,-0.0583,Festival,2539.06,Jute
Handmade Home Décor,Dreamcatcher,306.93,4,Saharanpur,Uttar Pradesh,0.554,0.0716,Monsoon,2693.79,Jute
Metal Crafts,Utensil,1757.18,6,Jaipur,Rajasthan,0.723,0.1134,Festival,4474.75,Brass
Handmade Home Décor,Showpiece,31.39,5,Channapatna,Karnataka,0.843,0.1386,Festival,1479.56,Metal
Handmade Jewellery,Beaded Jewellery,567.87,5,Narsapur,Andhra Pradesh,0.608,0.155,Normal,3497.08,Glass Beads
Leather & Traditional Craft,Belt,882.38,7,Khurja,Uttar Pradesh,0.707,0.1312,Normal,3038.07,Leather
Handmade Jewellery,Bangles,201.45,3,Khurja,Uttar Pradesh,0.61,0.1048,Winter,2748.76,Glass
Handmade Jewellery,Bangles,371.26,5,Pochampally,Telangana,0.563,-0.0395,Normal,3278.95,Glass
Handmade Jewellery,Necklace,214.58,4,Kondapalli,Andhra Pradesh,0.841,0.0516,Winter,2127.85,Lac
"Bamboo, Cane & Natural Fibre",Basket,339.86,5,Khurja,Uttar Pradesh,0.471,0.1199,Wedding,1914.03,Cane
Leather & Traditional Craft,Belt,780.06,2,Assam,Assam,0.663,-0.0244,Normal,2512.02,Leather
Leather & Traditional Craft,Belt,953.92,6,Narsapur,Andhra Pradesh,0.789,0.0296,Normal,3939.74,Leather
Embroidery & Needlecraft,Table Runner,223.1,10,Moradabad,Uttar Pradesh,0.643,0.1228,Normal,2121.85,Cotton
"Bamboo, Cane & Natural Fibre",Bag,163.75,2,Srikalahasti,Andhra Pradesh,0.755,0.2628,Festival,2584.55,Jute
Handmade Home Décor,Lamp,268.96,4,Moradabad,Uttar Pradesh,0.406,-0.0666,Summer,2681.48,Clay
Woodcraft,Tray,251.45,5,Kashmir,Jammu and Kashmir,0.567,-0.0805,Normal,1643.95,Wood
Paintings & Art,Tanjore Painting,824.07,4,Kashmir,Jammu and Kashmir,0.76,0.0592,Winter,2643.73,Gold Leaf
Leather & Traditional Craft,Decorative Leather Product,758.41,5,Bhubaneswar,Odisha,0.808,0.2701,Normal,2823.95,Leather
"Bamboo, Cane & Natural Fibre",Decorative Item,229.57,6,Kondapalli,Andhra Pradesh,0.576,0.0858,Normal,1871.29,Cane
Paintings & Art,Sketch,75.41,8,Kutch,Gujarat,0.34,0.0657,Monsoon,1168.23,Charcoal
Paintings & Art,Madhubani Painting,193.74,3,Kashmir,Jammu and Kashmir,0.811,0.1033,Monsoon,2786.73,Natural Pigment
Woodcraft,Tray,791.76,8,Kolkata,West Bengal,0.532,0.2157,Normal,4911.94,Wood
Metal Crafts,Metal Sculpture,1288.12,5,Kutch,Gujarat,0.401,-0.0609,Winter,4983.99,Copper
Natural / Eco-friendly Crafts,Handmade Paper Product,279.48,4,Jaipur,Rajasthan,0.754,-0.0693,Festival,2240.89,Handmade Paper
Handloom & Textiles,Towel,312.75,8,Narsapur,Andhra Pradesh,0.694,0.0762,Wedding,2197.31,Linen
Handmade Toys,Stuffed Toy,124.96,2,Narsapur,Andhra Pradesh,0.731,-0.0115,Festival,1987.59,Jute
Natural / Eco-friendly Crafts,Natural-fibre Basket,189.48,3,Kutch,Gujarat,0.699,-0.1861,Summer,1584.25,Coir
Leather & Traditional Craft,Footwear,1055.09,6,Narsapur,Andhra Pradesh,0.531,0.1147,Winter,5287.86,Leather
Paintings & Art,Folk Painting,120.19,1,Saharanpur,Uttar Pradesh,0.662,0.0099,Wedding,1573.65,Watercolour
Paintings & Art,Madhubani Painting,208.98,7,Narsapur,Andhra Pradesh,0.337,0.1406,Winter,2194.17,Watercolour
Handloom & Textiles,Stole,636.29,12,Moradabad,Uttar Pradesh,0.398,0.0265,Winter,4123.87,Silk
Handmade Jewellery,Necklace,449.52,5,Srinagar,Jammu and Kashmir,0.341,0.0418,Normal,3581.48,Lac
Natural / Eco-friendly Crafts,Jute Product,204.07,2,Etikoppaka,Andhra Pradesh,0.798,0.24,Summer,1725.24,Jute
Embroidery & Needlecraft,Table Runner,467.07,9,Kashmir,Jammu and Kashmir,0.759,0.2324,Summer,3492.42,Linen
Ceramics,Vase,206.88,4,Bhubaneswar,Odisha,0.681,0.0576,Normal,1949.45,Stoneware
Embroidery & Needlecraft,Wall Hanging,267.85,2,Madhubani,Bihar,0.823,-0.0011,Normal,1491.2,Cotton
Handloom & Textiles,Scarf,416.74,13,Kolkata,West Bengal,0.569,0.1337,Summer,1889.37,Wool
Metal Crafts,Decorative Item,1281.11,12,Narsapur,Andhra Pradesh,0.326,-0.0151,Festival,5716.34,Brass
Embroidery & Needlecraft,Embroidered Bag,660.59,9,Thanjavur,Tamil Nadu,0.519,0.1313,Normal,3222.45,Silk
Embroidery & Needlecraft,Embroidered Clothing,902.74,8,Etikoppaka,Andhra Pradesh,0.679,0.1499,Winter,3950.91,Silk
"Bamboo, Cane & Natural Fibre",Bag,123.36,5,Khurja,Uttar Pradesh,0.649,-0.1107,Normal,1949.62,Jute
Handmade Jewellery,Bracelet,242.33,1,Pochampally,Telangana,0.675,-0.0656,Monsoon,3591.79,Lac
Embroidery & Needlecraft,Patchwork Product,729.9,7,Srikalahasti,Andhra Pradesh,0.402,0.1533,Festival,4129.76,Linen
"Bamboo, Cane & Natural Fibre",Basket,278.15,5,Kashmir,Jammu and Kashmir,0.692,0.0403,Normal,1820.66,Cane
Leather & Traditional Craft,Leather Bag,815.6,8,Kutch,Gujarat,0.693,-0.0526,Wedding,3845.46,Leather
Leather & Traditional Craft,Decorative Leather Product,718.96,5,Jaipur,Rajasthan,0.743,0.1375,Normal,3188.0,Leather
"Bamboo, Cane & Natural Fibre",Storage Box,174.34,1,Bastar,Chhattisgarh,0.659,0.0054,Normal,2421.74,Cane
Ceramics,Vase,224.95,1,Madhubani,Bihar,0.642,0.181,Normal,2154.37,Ceramic
Paintings & Art,Sketch,451.84,12,Srinagar,Jammu and Kashmir,0.815,0.0824,Normal,3902.93,Charcoal
Handmade Home Décor,Showpiece,239.02,6,Pochampally,Telangana,0.612,-0.1055,Monsoon,2121.25,Ceramic
"Bamboo, Cane & Natural Fibre",Decorative Item,114.58,3,Channapatna,Karnataka,0.79,0.1407,Normal,2388.7,Bamboo
Metal Crafts,Metal Sculpture,1225.44,3,Narsapur,Andhra Pradesh,0.417,-0.013,Monsoon,6177.9,Brass
Handmade Toys,Handmade Game,142.61,4,Thanjavur,Tamil Nadu,0.812,0.0123,Normal,1414.46,Paper
Handmade Home Décor,Candle,441.51,7,Pochampally,Telangana,0.774,0.0996,Wedding,2626.36,Soy Wax
Leather & Traditional Craft,Traditional Leather Craft,770.72,5,Srikalahasti,Andhra Pradesh,0.609,-0.0089,Festival,4497.78,Leather
Ceramics,Mug,197.15,2,Assam,Assam,0.701,0.0848,Winter,1610.07,Ceramic
Metal Crafts,Bell-metal Product,1046.66,12,Kashmir,Jammu and Kashmir,0.798,0.1012,Normal,5491.93,Bell Metal
Handmade Home Décor,Handmade Clock,294.57,3,Bhubaneswar,Odisha,0.515,0.1222,Normal,2039.33,Bamboo
Pottery & Terracotta,Clay Lamp,95.11,2,Bastar,Chhattisgarh,0.581,0.1548,Monsoon,1258.77,Clay
Embroidery & Needlecraft,Embroidered Bag,492.58,5,Saharanpur,Uttar Pradesh,0.821,0.0124,Monsoon,2019.48,Cotton
Handmade Home Décor,Dreamcatcher,317.53,5,Kashmir,Jammu and Kashmir,0.655,0.0051,Festival,3611.46,Cotton
Paintings & Art,Handmade Wall Art,256.56,6,Bastar,Chhattisgarh,0.594,0.1277,Normal,2419.48,Canvas
Pottery & Terracotta,Vase,49.9,2,Thanjavur,Tamil Nadu,0.843,0.0948,Winter,1464.87,Terracotta
Pottery & Terracotta,Clay Pot,91.59,2,Narsapur,Andhra Pradesh,0.864,0.0472,Winter,1532.85,Terracotta
"Bamboo, Cane & Natural Fibre",Lampshade,139.44,6,Narsapur,Andhra Pradesh,0.675,0.2292,Normal,2034.88,Bamboo
Ceramics,Cup,164.6,4,Assam,Assam,0.549,0.1169,Monsoon,1530.73,Stoneware
Leather & Traditional Craft,Belt,751.9,3,Bhubaneswar,Odisha,0.447,0.1111,Festival,2746.89,Leather
Metal Crafts,Copperware,569.83,6,Kolkata,West Bengal,0.805,0.1098,Winter,2999.55,Copper
Metal Crafts,Lamp,1027.74,8,Bastar,Chhattisgarh,0.54,-0.0808,Normal,4747.11,Copper
Paintings & Art,Folk Painting,287.5,7,Bastar,Chhattisgarh,0.685,0.0418,Normal,1646.19,Acrylic
Woodcraft,Sculpture,363.72,6,Kashmir,Jammu and Kashmir,0.862,0.0751,Festival,3085.57,Wood
Pottery & Terracotta,Diya,118.92,3,Assam,Assam,0.632,-0.0381,Normal,1267.14,Clay
Paintings & Art,Folk Painting,279.87,7,Kutch,Gujarat,0.622,-0.0123,Normal,1661.07,Watercolour
Metal Crafts,Brassware,1282.39,4,Bastar,Chhattisgarh,0.293,0.1752,Normal,7271.45,Brass
Handmade Toys,Educational Toy,219.39,3,Etikoppaka,Andhra Pradesh,0.646,0.087,Summer,2050.34,Wood
Natural / Eco-friendly Crafts,Eco-friendly Packaging,269.5,2,Bhubaneswar,Odisha,0.799,0.033,Normal,2039.31,Palm Leaf
Handmade Jewellery,Bangles,465.45,4,Raghurajpur,Odisha,0.713,0.0703,Wedding,4039.83,Lac
Woodcraft,Sculpture,783.71,4,Channapatna,Karnataka,0.565,0.1664,Festival,3943.84,Wood
"Bamboo, Cane & Natural Fibre",Furniture,173.02,3,Saharanpur,Uttar Pradesh,0.528,0.121,Normal,1499.6,Bamboo
Handmade Toys,Traditional Toy,245.26,3,Pochampally,Telangana,0.827,-0.0474,Festival,2277.55,Cloth
Embroidery & Needlecraft,Quilt,790.68,2,Kolkata,West Bengal,0.48,0.1259,Normal,3585.05,Wool
Metal Crafts,Brassware,1079.92,4,Pochampally,Telangana,0.633,-0.1522,Festival,7407.02,Brass
Handmade Bags & Accessories,Handbag,56.29,4,Kashmir,Jammu and Kashmir,0.422,0.1094,Festival,1709.67,Jute
Leather & Traditional Craft,Decorative Leather Product,515.11,1,Khurja,Uttar Pradesh,0.539,0.1325,Normal,4854.53,Leather
Natural / Eco-friendly Crafts,Natural-fibre Basket,30.0,2,Srikalahasti,Andhra Pradesh,0.774,-0.1703,Normal,1795.1,Palm Leaf
Handmade Bags & Accessories,Accessories,701.39,6,Srinagar,Jammu and Kashmir,0.709,0.0359,Normal,2794.3,Leather
"Bamboo, Cane & Natural Fibre",Furniture,325.19,6,Madhubani,Bihar,0.817,-0.0475,Normal,2943.05,Cane
Natural / Eco-friendly Crafts,Jute Product,147.86,4,Madhubani,Bihar,0.945,-0.019,Summer,2088.97,Jute
Natural / Eco-friendly Crafts,Palm-leaf Product,114.88,3,Thanjavur,Tamil Nadu,0.612,0.1643,Normal,2005.41,Palm Leaf
Handloom & Textiles,Traditional Garment,522.29,11,Pochampally,Telangana,0.855,-0.121,Normal,4308.27,Wool
Natural / Eco-friendly Crafts,Handmade Paper Product,159.0,5,Jaipur,Rajasthan,0.701,0.0727,Summer,1208.84,Handmade Paper
Pottery & Terracotta,Clay Lamp,67.41,4,Etikoppaka,Andhra Pradesh,0.351,-0.0558,Normal,1012.25,Clay
Handmade Toys,Wooden Toy,209.34,4,Moradabad,Uttar Pradesh,0.41,-0.0443,Monsoon,1235.68,Wood
Handmade Bags & Accessories,Handmade Belt,319.56,3,Saharanpur,Uttar Pradesh,0.532,-0.0712,Summer,2096.37,Cotton
"Bamboo, Cane & Natural Fibre",Bag,84.57,4,Bastar,Chhattisgarh,0.66,-0.1002,Normal,1816.97,Bamboo
Handmade Jewellery,Bangles,235.36,5,Moradabad,Uttar Pradesh,0.492,0.0744,Normal,3346.11,Glass
Leather & Traditional Craft,Wallet,744.21,5,Kondapalli,Andhra Pradesh,0.33,0.1484,Summer,2998.63,Leather
Ceramics,Plate,278.1,3,Bhubaneswar,Odisha,0.201,-0.028,Normal,1460.81,Stoneware
Handmade Bags & Accessories,Wallet,411.03,5,Srikalahasti,Andhra Pradesh,0.562,0.19,Summer,2657.84,Leather
Leather & Traditional Craft,Traditional Leather Craft,572.85,6,Moradabad,Uttar Pradesh,0.484,0.1641,Festival,2483.34,Leather
Metal Crafts,Bell-metal Product,1282.96,10,Narsapur,Andhra Pradesh,0.604,0.2227,Normal,4289.26,Bell Metal
Handmade Bags & Accessories,Handmade Belt,474.89,3,Jaipur,Rajasthan,0.734,-0.0364,Normal,1521.69,Leather
Handmade Toys,Cloth Doll,225.42,2,Thanjavur,Tamil Nadu,0.729,-0.0046,Festival,2515.39,Cotton
Handloom & Textiles,Durrie,266.38,7,Srikalahasti,Andhra Pradesh,0.718,0.0492,Normal,3543.25,Wool
Metal Crafts,Utensil,908.26,5,Srinagar,Jammu and Kashmir,0.731,-0.0718,Normal,3334.07,Brass
Metal Crafts,Metal Sculpture,1394.95,4,Assam,Assam,0.904,0.0907,Normal,5025.94,Brass
Woodcraft,Tray,316.57,15,Kutch,Gujarat,0.634,0.2961,Normal,1763.38,Wood
Woodcraft,Wall Décor,302.67,1,Moradabad,Uttar Pradesh,0.845,-0.0995,Normal,1503.47,Wood
Handmade Jewellery,Tribal Jewellery,644.91,4,Moradabad,Uttar Pradesh,0.767,0.0119,Normal,3525.99,Brass
Leather & Traditional Craft,Footwear,558.5,7,Khurja,Uttar Pradesh,0.604,0.1,Normal,4214.38,Leather
Paintings & Art,Gond Art,109.32,8,Raghurajpur,Odisha,0.359,0.0265,Festival,1309.82,Watercolour
Handmade Bags & Accessories,Basket,251.65,2,Khurja,Uttar Pradesh,0.638,0.0769,Normal,1278.6,Bamboo
Woodcraft,Furniture,343.75,14,Kutch,Gujarat,0.72,-0.0694,Normal,4639.19,Mango Wood
"Bamboo, Cane & Natural Fibre",Bag,216.57,7,Assam,Assam,0.694,0.0329,Normal,2529.25,Jute
Handmade Home Décor,Sculpture,334.74,3,Narsapur,Andhra Pradesh,0.743,0.0593,Normal,2168.07,Metal
"Bamboo, Cane & Natural Fibre",Lampshade,336.84,4,Moradabad,Uttar Pradesh,0.426,0.1789,Winter,1821.95,Bamboo
Handmade Home Décor,Candle,137.99,2,Pochampally,Telangana,0.735,0.0869,Normal,1933.24,Beeswax
Natural / Eco-friendly Crafts,Palm-leaf Product,75.82,4,Khurja,Uttar Pradesh,0.447,0.108,Normal,1293.14,Palm Leaf
Handmade Home Décor,Handmade Clock,478.7,4,Thanjavur,Tamil Nadu,0.664,-0.0319,Monsoon,2501.47,Wood
Handmade Home Décor,Table Décor,155.77,6,Bhubaneswar,Odisha,0.623,0.0563,Winter,1713.06,Clay
Handmade Bags & Accessories,Clutch,187.7,2,Saharanpur,Uttar Pradesh,0.747,0.1307,Normal,1499.79,Lac
Handmade Toys,Wooden Toy,150.06,4,Thanjavur,Tamil Nadu,0.644,0.0457,Festival,2053.53,Wood
Handmade Home Décor,Handmade Clock,233.85,5,Raghurajpur,Odisha,0.513,0.0035,Winter,2736.65,Bamboo
Pottery & Terracotta,Decorative Pot,136.82,2,Jaipur,Rajasthan,0.771,0.0985,Normal,1996.08,Terracotta
Leather & Traditional Craft,Decorative Leather Product,713.38,4,Kashmir,Jammu and Kashmir,0.434,0.2628,Festival,6434.51,Leather
Paintings & Art,Sketch,170.17,6,Bastar,Chhattisgarh,0.476,-0.1345,Winter,2595.96,Graphite
Pottery & Terracotta,Terracotta Figurine,135.29,2,Kashmir,Jammu and Kashmir,0.355,0.0097,Wedding,1606.13,Clay
Handmade Home Décor,Dreamcatcher,392.55,1,Saharanpur,Uttar Pradesh,0.834,0.0806,Normal,2307.43,Cotton
Ceramics,Plate,136.16,2,Kondapalli,Andhra Pradesh,0.722,0.0511,Normal,1360.47,Stoneware
Paintings & Art,Handmade Wall Art,170.35,1,Madhubani,Bihar,0.732,0.0397,Normal,1777.1,Canvas
Metal Crafts,Copperware,958.0,4,Channapatna,Karnataka,0.747,0.0644,Normal,3448.18,Copper
Natural / Eco-friendly Crafts,Palm-leaf Product,150.23,3,Kashmir,Jammu and Kashmir,0.538,-0.034,Normal,1079.52,Palm Leaf
Paintings & Art,Sketch,359.97,4,Khurja,Uttar Pradesh,0.742,0.0523,Normal,1759.69,Ink
"Bamboo, Cane & Natural Fibre",Storage Box,384.1,5,Narsapur,Andhra Pradesh,0.722,-0.0302,Normal,2216.19,Bamboo
Natural / Eco-friendly Crafts,Jute Product,133.43,2,Jaipur,Rajasthan,0.47,-0.0193,Festival,2037.11,Jute
Handmade Home Décor,Lamp,281.26,3,Raghurajpur,Odisha,0.82,0.1252,Monsoon,3130.13,Clay
Ceramics,Ceramic Jewellery,175.9,1,Saharanpur,Uttar Pradesh,0.667,0.1085,Festival,2324.8,Ceramic
Embroidery & Needlecraft,Quilt,256.87,6,Moradabad,Uttar Pradesh,0.713,0.1644,Normal,3590.96,Cotton
Woodcraft,Furniture,886.85,3,Etikoppaka,Andhra Pradesh,0.661,0.0085,Normal,4597.64,Teak Wood
Leather & Traditional Craft,Leather Bag,902.28,8,Saharanpur,Uttar Pradesh,0.659,-0.1189,Summer,3110.53,Leather
Natural / Eco-friendly Crafts,Banana-fibre Product,125.63,3,Raghurajpur,Odisha,0.298,0.0941,Festival,811.74,Banana Fibre
Leather & Traditional Craft,Belt,822.63,5,Pochampally,Telangana,0.484,0.1593,Festival,5126.74,Leather
Handmade Toys,Stuffed Toy,197.71,4,Srikalahasti,Andhra Pradesh,0.698,0.0168,Normal,1780.88,Wool
Handmade Home Décor,Handmade Clock,542.14,5,Kondapalli,Andhra Pradesh,0.724,0.0848,Summer,2398.92,Bamboo
Leather & Traditional Craft,Leather Bag,836.68,7,Srikalahasti,Andhra Pradesh,0.592,0.127,Festival,3905.94,Leather
Paintings & Art,Handmade Wall Art,52.0,8,Narsapur,Andhra Pradesh,0.914,-0.085,Festival,2666.02,Canvas
Ceramics,Mug,373.22,3,Assam,Assam,0.758,-0.0004,Summer,2520.27,Stoneware
Handmade Jewellery,Tribal Jewellery,1285.05,2,Kolkata,West Bengal,0.744,0.0231,Normal,4753.09,Silver
Paintings & Art,Phad Painting,410.22,8,Kolkata,West Bengal,0.786,0.004,Normal,2640.38,Natural Pigment
Handmade Toys,Stuffed Toy,84.53,1,Thanjavur,Tamil Nadu,0.275,-0.0514,Normal,1325.5,Jute
Leather & Traditional Craft,Decorative Leather Product,648.37,6,Khurja,Uttar Pradesh,0.536,-0.094,Normal,1821.98,Leather
Natural / Eco-friendly Crafts,Jute Product,30.0,4,Assam,Assam,0.652,-0.0154,Wedding,2383.0,Jute
Pottery & Terracotta,Diya,30.0,2,Thanjavur,Tamil Nadu,0.79,-0.0176,Winter,1070.21,Clay
Leather & Traditional Craft,Footwear,1140.34,6,Kutch,Gujarat,0.698,0.0509,Normal,4626.19,Leather
"Bamboo, Cane & Natural Fibre",Bag,216.76,5,Channapatna,Karnataka,0.496,0.0501,Summer,1431.06,Jute
Embroidery & Needlecraft,Patchwork Product,571.96,6,Narsapur,Andhra Pradesh,0.888,0.2347,Normal,3131.73,Wool
Embroidery & Needlecraft,Patchwork Product,337.7,8,Thanjavur,Tamil Nadu,0.86,0.122,Normal,2807.38,Linen
Woodcraft,Figurine,492.41,10,Thanjavur,Tamil Nadu,0.68,-0.1181,Normal,2422.14,Wood
Embroidery & Needlecraft,Table Runner,511.9,6,Kashmir,Jammu and Kashmir,0.569,-0.012,Normal,3016.14,Linen
Paintings & Art,Gond Art,340.87,12,Kutch,Gujarat,0.515,0.0664,Monsoon,2140.02,Acrylic
Leather & Traditional Craft,Traditional Leather Craft,769.6,4,Kolkata,West Bengal,0.501,-0.0136,Monsoon,3766.21,Leather
Ceramics,Vase,168.1,3,Srinagar,Jammu and Kashmir,0.52,0.0609,Festival,2007.79,Ceramic
Handmade Home Décor,Handmade Clock,422.14,4,Bhubaneswar,Odisha,0.319,0.212,Festival,2512.66,Bamboo
Metal Crafts,Brassware,1474.44,7,Khurja,Uttar Pradesh,0.533,0.171,Normal,3562.34,Brass
Leather & Traditional Craft,Traditional Leather Craft,502.81,10,Srikalahasti,Andhra Pradesh,0.241,0.1897,Festival,3816.35,Leather
"Bamboo, Cane & Natural Fibre",Basket,216.24,3,Moradabad,Uttar Pradesh,0.567,0.0685,Winter,2222.96,Jute
Metal Crafts,Utensil,893.06,5,Kondapalli,Andhra Pradesh,0.672,0.0453,Normal,4145.76,Bell Metal
Handmade Toys,Stuffed Toy,243.85,3,Saharanpur,Uttar Pradesh,0.269,0.0546,Festival,1167.09,Cotton
Woodcraft,Figurine,697.46,8,Kashmir,Jammu and Kashmir,0.631,0.0573,Summer,2171.53,Wood
Metal Crafts,Jewellery,965.31,10,Kolkata,West Bengal,0.665,0.0488,Monsoon,5562.39,Brass
Handmade Toys,Wooden Toy,46.37,4,Srinagar,Jammu and Kashmir,0.508,0.0283,Summer,1214.99,Wood
Handmade Bags & Accessories,Handbag,127.08,1,Jaipur,Rajasthan,0.628,0.077,Normal,1293.03,Cotton
Handmade Toys,Wooden Toy,249.59,3,Saharanpur,Uttar Pradesh,0.702,-0.0621,Normal,1508.22,Wood
Leather & Traditional Craft,Traditional Leather Craft,774.12,5,Kutch,Gujarat,0.598,0.0553,Normal,4034.44,Leather
Paintings & Art,Handmade Wall Art,236.0,6,Bastar,Chhattisgarh,0.776,-0.0938,Monsoon,1415.21,Handmade Paper
Embroidery & Needlecraft,Table Runner,139.31,5,Etikoppaka,Andhra Pradesh,0.569,0.0118,Normal,1655.76,Cotton
Pottery & Terracotta,Kitchenware,77.06,1,Srinagar,Jammu and Kashmir,0.705,-0.1125,Festival,1458.87,Clay
Ceramics,Bowl,79.0,3,Pochampally,Telangana,0.532,0.1925,Normal,1364.58,Ceramic
Handmade Jewellery,Terracotta Jewellery,138.07,4,Srinagar,Jammu and Kashmir,0.596,0.1607,Festival,3143.13,Terracotta
Handmade Bags & Accessories,Pouch,453.26,3,Kashmir,Jammu and Kashmir,0.776,0.0649,Summer,3018.45,Leather
Handmade Bags & Accessories,Wallet,533.82,7,Raghurajpur,Odisha,0.746,0.093,Festival,2839.78,Leather
Handmade Home Décor,Lamp,383.42,2,Saharanpur,Uttar Pradesh,0.613,0.0523,Normal,1868.11,Bamboo
Metal Crafts,Bell-metal Product,1873.36,4,Kolkata,West Bengal,0.578,0.0742,Winter,5322.78,Bell Metal
Natural / Eco-friendly Crafts,Coir Product,262.55,3,Kolkata,West Bengal,0.936,-0.1278,Winter,2418.57,Coir
Ceramics,Plate,135.04,3,Srinagar,Jammu and Kashmir,0.714,0.0964,Monsoon,2024.97,Stoneware
Woodcraft,Figurine,76.96,9,Saharanpur,Uttar Pradesh,0.754,0.121,Normal,2093.21,Wood
"Bamboo, Cane & Natural Fibre",Storage Box,225.03,5,Etikoppaka,Andhra Pradesh,0.79,-0.0365,Normal,1213.33,Cane
Natural / Eco-friendly Crafts,Banana-fibre Product,70.74,2,Srikalahasti,Andhra Pradesh,0.415,0.2937,Normal,1586.96,Banana Fibre
Embroidery & Needlecraft,Table Runner,532.98,9,Kutch,Gujarat,0.682,0.0891,Winter,3652.38,Linen
Handmade Toys,Stuffed Toy,356.77,4,Narsapur,Andhra Pradesh,0.79,0.0099,Monsoon,1774.81,Wool
Handmade Jewellery,Handmade Earrings,392.74,5,Srikalahasti,Andhra Pradesh,0.733,0.032,Normal,1734.81,Terracotta
"Bamboo, Cane & Natural Fibre",Decorative Item,30.0,7,Bastar,Chhattisgarh,0.626,0.0856,Normal,1424.63,Palm Leaf
Paintings & Art,Folk Painting,484.76,7,Raghurajpur,Odisha,0.468,-0.0147,Summer,2148.66,Watercolour
Handmade Bags & Accessories,Tote Bag,280.64,3,Bastar,Chhattisgarh,0.553,0.0002,Wedding,2837.59,Jute
Ceramics,Vase,73.51,3,Kutch,Gujarat,0.692,-0.0192,Normal,1389.69,Ceramic
Handmade Home Décor,Dreamcatcher,268.66,4,Raghurajpur,Odisha,0.935,0.2251,Wedding,3782.49,Bamboo
Handmade Bags & Accessories,Clutch,278.02,4,Madhubani,Bihar,0.523,0.1399,Festival,1665.45,Lac
Ceramics,Mug,104.75,2,Srinagar,Jammu and Kashmir,0.676,0.2254,Monsoon,2188.68,Ceramic
Handmade Jewellery,Terracotta Jewellery,339.32,7,Jaipur,Rajasthan,0.47,0.0159,Normal,2111.32,Terracotta
Ceramics,Vase,143.92,3,Moradabad,Uttar Pradesh,0.345,0.1173,Normal,1980.17,Ceramic
Metal Crafts,Metal Sculpture,1150.35,4,Khurja,Uttar Pradesh,0.741,0.021,Normal,6791.99,Bell Metal
Handloom & Textiles,Dress Material,444.06,6,Assam,Assam,0.514,-0.0062,Wedding,3256.87,Linen
Handloom & Textiles,Dress Material,333.68,9,Saharanpur,Uttar Pradesh,0.68,0.0251,Festival,2334.8,Cotton
Pottery & Terracotta,Planter,113.69,2,Saharanpur,Uttar Pradesh,0.688,0.0084,Normal,1468.06,Clay
Handmade Jewellery,Bangles,358.99,5,Saharanpur,Uttar Pradesh,0.68,0.0354,Festival,2530.81,Glass
Pottery & Terracotta,Terracotta Jewellery,91.4,2,Jaipur,Rajasthan,0.663,0.1224,Normal,1758.56,Clay
Woodcraft,Figurine,345.71,2,Kutch,Gujarat,0.57,0.1188,Normal,3214.11,Wood
Metal Crafts,Jewellery,1587.54,4,Madhubani,Bihar,0.79,0.1893,Wedding,8440.04,Brass
Ceramics,Bowl,140.34,4,Channapatna,Karnataka,0.584,0.0202,Summer,1615.91,Ceramic
Handmade Toys,Cloth Doll,242.74,4,Kutch,Gujarat,0.668,0.1337,Winter,1718.51,Wool
"Bamboo, Cane & Natural Fibre",Tray,93.75,4,Jaipur,Rajasthan,0.784,0.1127,Normal,1508.97,Bamboo
Handmade Jewellery,Beaded Jewellery,234.28,4,Moradabad,Uttar Pradesh,0.622,0.1333,Winter,3223.88,Seed Beads
Handmade Bags & Accessories,Basket,324.12,4,Bhubaneswar,Odisha,0.75,-0.0346,Normal,2868.97,Bamboo
Embroidery & Needlecraft,Quilt,543.84,6,Saharanpur,Uttar Pradesh,0.801,0.0304,Festival,2680.82,Wool
Embroidery & Needlecraft,Quilt,578.67,7,Etikoppaka,Andhra Pradesh,0.921,0.1133,Winter,2929.81,Wool
Paintings & Art,Handmade Wall Art,114.94,3,Khurja,Uttar Pradesh,0.748,0.189,Festival,2210.35,Wood
Embroidery & Needlecraft,Embroidered Bag,462.18,8,Srikalahasti,Andhra Pradesh,0.805,0.0275,Festival,1842.64,Cotton
Metal Crafts,Bell-metal Product,1442.16,8,Madhubani,Bihar,0.759,0.1889,Monsoon,6776.39,Bell Metal
Handmade Toys,Handmade Game,106.91,3,Jaipur,Rajasthan,0.535,0.1584,Normal,1521.33,Paper
Metal Crafts,Utensil,1060.26,3,Bastar,Chhattisgarh,0.412,0.1085,Normal,5802.03,Bell Metal
Metal Crafts,Utensil,1482.39,5,Srikalahasti,Andhra Pradesh,0.626,0.0943,Normal,3750.74,Copper
Handmade Jewellery,Metal Jewellery,739.58,3,Bhubaneswar,Odisha,0.588,0.0525,Winter,3532.49,Brass
Handloom & Textiles,Durrie,335.15,9,Khurja,Uttar Pradesh,0.544,-0.0066,Summer,2263.6,Jute
Ceramics,Ceramic Jewellery,341.22,2,Srikalahasti,Andhra Pradesh,0.878,-0.0623,Normal,1353.7,Porcelain
Handloom & Textiles,Scarf,407.56,7,Narsapur,Andhra Pradesh,0.928,0.0464,Wedding,3211.03,Linen
Paintings & Art,Miniature Painting,253.67,8,Srinagar,Jammu and Kashmir,0.398,-0.0022,Normal,2387.92,Natural Pigment
Ceramics,Ceramic Jewellery,270.79,4,Bhubaneswar,Odisha,0.791,-0.113,Festival,2284.92,Porcelain
Natural / Eco-friendly Crafts,Handmade Paper Product,132.2,6,Madhubani,Bihar,0.746,-0.0501,Normal,1030.19,Handmade Paper
Embroidery & Needlecraft,Cushion Cover,404.34,12,Srikalahasti,Andhra Pradesh,0.607,0.1794,Winter,2790.45,Linen
Handmade Home Décor,Dreamcatcher,249.64,5,Raghurajpur,Odisha,0.428,0.0495,Normal,1823.83,Cotton
Handmade Bags & Accessories,Basket,201.13,4,Bastar,Chhattisgarh,0.83,-0.0243,Normal,2017.6,Bamboo
Handmade Jewellery,Wooden Jewellery,380.48,3,Bhubaneswar,Odisha,0.526,0.1647,Wedding,3830.48,Wood
Handmade Jewellery,Terracotta Jewellery,243.21,6,Raghurajpur,Odisha,0.752,0.0265,Winter,4285.72,Terracotta
Ceramics,Ceramic Jewellery,257.4,4,Saharanpur,Uttar Pradesh,0.733,0.2382,Monsoon,1702.35,Ceramic
"Bamboo, Cane & Natural Fibre",Decorative Item,30.0,4,Bhubaneswar,Odisha,0.373,0.0779,Normal,1738.69,Palm Leaf
"Bamboo, Cane & Natural Fibre",Mat,270.01,4,Srinagar,Jammu and Kashmir,0.598,0.1321,Festival,2811.88,Cane
Handmade Home Décor,Showpiece,418.92,5,Raghurajpur,Odisha,0.949,0.001,Normal,2508.1,Wood
Leather & Traditional Craft,Decorative Leather Product,811.73,8,Kashmir,Jammu and Kashmir,0.728,-0.0607,Winter,3210.42,Leather
Leather & Traditional Craft,Belt,1022.53,8,Khurja,Uttar Pradesh,0.772,0.2104,Normal,5237.9,Leather
Handloom & Textiles,Traditional Garment,563.71,6,Kolkata,West Bengal,0.827,0.0026,Festival,4421.8,Wool
Handmade Home Décor,Sculpture,548.23,2,Narsapur,Andhra Pradesh,0.463,-0.0576,Normal,1930.42,Wood
Handmade Jewellery,Necklace,375.52,3,Kutch,Gujarat,0.289,0.1482,Festival,4084.76,Lac
"Bamboo, Cane & Natural Fibre",Lampshade,220.65,1,Etikoppaka,Andhra Pradesh,0.875,0.0865,Winter,2814.33,Cane
Pottery & Terracotta,Terracotta Figurine,72.39,2,Pochampally,Telangana,0.512,-0.0698,Normal,1539.65,Terracotta
Handmade Toys,Educational Toy,148.57,4,Madhubani,Bihar,0.704,0.122,Normal,2223.87,Cotton
Embroidery & Needlecraft,Embroidered Clothing,108.58,3,Kolkata,West Bengal,0.57,0.0228,Normal,2276.53,Cotton
Natural / Eco-friendly Crafts,Palm-leaf Product,30.0,1,Etikoppaka,Andhra Pradesh,0.479,0.0722,Festival,1941.16,Palm Leaf
Pottery & Terracotta,Diya,122.32,2,Srikalahasti,Andhra Pradesh,0.714,0.0718,Normal,956.84,Clay
Ceramics,Bowl,133.92,2,Kolkata,West Bengal,0.838,0.1493,Festival,2983.57,Stoneware
Handmade Toys,Stuffed Toy,36.3,3,Khurja,Uttar Pradesh,0.685,0.0983,Normal,1097.31,Jute
Pottery & Terracotta,Decorative Pot,30.0,2,Raghurajpur,Odisha,0.644,-0.0867,Winter,1328.34,Clay
Woodcraft,Box,379.84,5,Etikoppaka,Andhra Pradesh,0.57,-0.0296,Summer,1778.91,Wood
Handloom & Textiles,Bedsheet,628.24,2,Assam,Assam,0.745,0.0401,Normal,3781.97,Linen
Handmade Jewellery,Tribal Jewellery,758.43,3,Khurja,Uttar Pradesh,0.679,0.145,Normal,3130.71,Brass
Leather & Traditional Craft,Footwear,752.8,5,Bastar,Chhattisgarh,0.537,-0.0146,Winter,3196.35,Leather
Handmade Bags & Accessories,Backpack,282.22,6,Madhubani,Bihar,0.737,0.017,Normal,3096.02,Cotton
Embroidery & Needlecraft,Quilt,407.88,3,Bhubaneswar,Odisha,0.557,0.0589,Normal,2438.9,Wool
Leather & Traditional Craft,Belt,914.01,5,Bastar,Chhattisgarh,0.482,0.1063,Summer,3424.37,Leather
Paintings & Art,Pattachitra,268.54,7,Madhubani,Bihar,0.65,0.0868,Normal,1706.92,Handmade Paper
Natural / Eco-friendly Crafts,Banana-fibre Product,111.42,2,Khurja,Uttar Pradesh,0.636,-0.1009,Monsoon,778.84,Banana Fibre
Leather & Traditional Craft,Leather Bag,352.76,5,Channapatna,Karnataka,0.677,0.0022,Festival,4378.99,Leather
Handloom & Textiles,Traditional Garment,490.12,9,Jaipur,Rajasthan,0.394,-0.0693,Normal,3689.4,Cotton
"Bamboo, Cane & Natural Fibre",Basket,216.66,2,Narsapur,Andhra Pradesh,0.847,0.016,Normal,1740.38,Bamboo
Embroidery & Needlecraft,Table Runner,151.07,8,Srikalahasti,Andhra Pradesh,0.523,0.0574,Wedding,2674.66,Cotton
Metal Crafts,Decorative Item,1196.26,3,Madhubani,Bihar,0.918,0.0153,Festival,4573.87,Brass
Handmade Bags & Accessories,Accessories,437.32,3,Bhubaneswar,Odisha,0.67,0.1456,Festival,1888.5,Leather
Handmade Toys,Traditional Toy,91.97,2,Pochampally,Telangana,0.853,0.2021,Summer,2433.99,Clay
Handmade Jewellery,Beaded Jewellery,523.34,4,Pochampally,Telangana,0.77,-0.0061,Normal,2009.64,Wood
Handmade Bags & Accessories,Handbag,465.61,5,Channapatna,Karnataka,0.852,-0.0241,Normal,2478.08,Leather
Leather & Traditional Craft,Traditional Leather Craft,676.24,6,Khurja,Uttar Pradesh,0.46,-0.0046,Normal,5013.05,Leather
Handloom & Textiles,Bedsheet,197.88,14,Bhubaneswar,Odisha,0.661,0.0363,Summer,2773.26,Linen
Embroidery & Needlecraft,Patchwork Product,472.66,7,Kutch,Gujarat,0.871,0.0916,Festival,2565.79,Linen
Natural / Eco-friendly Crafts,Natural-fibre Basket,118.89,3,Bhubaneswar,Odisha,0.555,0.0256,Normal,1854.3,Coir
Pottery & Terracotta,Terracotta Figurine,134.55,4,Pochampally,Telangana,0.727,0.2188,Winter,1472.52,Terracotta
Handmade Jewellery,Bangles,394.4,1,Khurja,Uttar Pradesh,0.936,0.0397,Winter,2449.46,Lac
Metal Crafts,Jewellery,1309.07,6,Narsapur,Andhra Pradesh,0.693,0.0917,Wedding,6304.57,Copper
"Bamboo, Cane & Natural Fibre",Decorative Item,193.07,5,Srinagar,Jammu and Kashmir,0.556,0.18,Festival,1971.51,Cane
Handmade Bags & Accessories,Accessories,362.53,3,Pochampally,Telangana,0.826,0.1648,Normal,2792.74,Beads
Embroidery & Needlecraft,Table Runner,453.97,6,Madhubani,Bihar,0.241,0.0515,Normal,1808.83,Cotton
Leather & Traditional Craft,Traditional Leather Craft,1162.86,4,Etikoppaka,Andhra Pradesh,0.63,0.0997,Normal,5052.77,Leather
Handmade Bags & Accessories,Accessories,365.47,2,Assam,Assam,0.45,0.1859,Normal,1542.86,Cotton
Paintings & Art,Folk Painting,106.94,4,Etikoppaka,Andhra Pradesh,0.492,0.0517,Festival,1689.75,Acrylic
Ceramics,Tableware,238.19,2,Channapatna,Karnataka,0.762,-0.0249,Festival,2303.2,Ceramic
"Bamboo, Cane & Natural Fibre",Household Product,266.14,4,Madhubani,Bihar,0.49,0.1567,Wedding,3039.86,Cane
Leather & Traditional Craft,Decorative Leather Product,950.49,3,Srikalahasti,Andhra Pradesh,0.865,0.0839,Festival,5357.25,Leather
Paintings & Art,Pattachitra,182.29,11,Khurja,Uttar Pradesh,0.7,0.1067,Normal,2181.05,Cloth
Handmade Home Décor,Lamp,262.67,2,Kolkata,West Bengal,0.608,0.0307,Normal,2315.44,Bamboo
Leather & Traditional Craft,Wallet,792.11,6,Madhubani,Bihar,0.564,-0.0487,Monsoon,4942.79,Leather
Ceramics,Ceramic Jewellery,306.04,3,Kolkata,West Bengal,0.544,-0.0255,Monsoon,2094.88,Porcelain
Leather & Traditional Craft,Belt,512.64,7,Saharanpur,Uttar Pradesh,0.594,0.0383,Normal,2131.29,Leather
Pottery & Terracotta,Terracotta Figurine,111.38,2,Assam,Assam,0.438,0.0678,Normal,1240.25,Clay
Handmade Home Décor,Mirror,368.88,6,Narsapur,Andhra Pradesh,0.588,0.1619,Normal,4363.76,Metal
Metal Crafts,Jewellery,1648.27,3,Kashmir,Jammu and Kashmir,0.641,0.0402,Normal,6164.79,Brass
Natural / Eco-friendly Crafts,Natural-fibre Basket,78.18,4,Narsapur,Andhra Pradesh,0.832,0.1435,Normal,1369.78,Palm Leaf
Embroidery & Needlecraft,Wall Hanging,328.52,4,Raghurajpur,Odisha,0.907,0.1116,Summer,3093.69,Jute
Handmade Bags & Accessories,Backpack,710.58,3,Srikalahasti,Andhra Pradesh,0.435,0.0607,Festival,2481.84,Leather
Handmade Bags & Accessories,Backpack,250.8,3,Madhubani,Bihar,0.681,0.0883,Wedding,2116.23,Cotton
Metal Crafts,Jewellery,2242.15,9,Srikalahasti,Andhra Pradesh,0.641,0.1599,Festival,10150.95,Silver
Handmade Home Décor,Decorative Box,262.11,3,Bastar,Chhattisgarh,0.671,0.0111,Summer,2105.46,Bamboo
Natural / Eco-friendly Crafts,Coir Product,180.26,3,Narsapur,Andhra Pradesh,0.822,0.0707,Normal,1550.76,Coir
Handmade Jewellery,Tribal Jewellery,1257.88,1,Srinagar,Jammu and Kashmir,0.636,-0.0215,Festival,4785.73,Silver
Handmade Toys,Stuffed Toy,205.37,2,Channapatna,Karnataka,0.363,-0.0642,Normal,880.7,Wool
Paintings & Art,Phad Painting,191.01,7,Channapatna,Karnataka,0.906,-0.056,Festival,2857.2,Cotton
Handmade Toys,Cloth Doll,30.0,3,Channapatna,Karnataka,0.839,0.059,Summer,1715.48,Cotton
Leather & Traditional Craft,Traditional Leather Craft,725.26,1,Kondapalli,Andhra Pradesh,0.553,0.0572,Normal,4555.8,Leather
Handmade Home Décor,Handmade Clock,400.87,1,Srikalahasti,Andhra Pradesh,0.691,-0.0377,Normal,3834.9,Wood
Handmade Home Décor,Mirror,377.97,3,Narsapur,Andhra Pradesh,0.638,-0.0513,Normal,3124.84,Wood
Woodcraft,Wall Décor,575.85,5,Kutch,Gujarat,0.277,-0.0908,Monsoon,3031.0,Wood
Handloom & Textiles,Dress Material,314.91,5,Moradabad,Uttar Pradesh,0.43,0.164,Normal,3100.21,Cotton
Handmade Jewellery,Bracelet,558.91,4,Kolkata,West Bengal,0.539,0.1185,Summer,3969.02,Beads
Metal Crafts,Copperware,864.87,7,Kolkata,West Bengal,0.601,0.0272,Festival,6493.13,Copper
Handloom & Textiles,Durrie,118.49,15,Channapatna,Karnataka,0.34,-0.1077,Wedding,2416.2,Cotton
Paintings & Art,Folk Painting,303.95,9,Saharanpur,Uttar Pradesh,0.358,0.1053,Normal,2171.64,Acrylic
Leather & Traditional Craft,Leather Bag,219.01,1,Bhubaneswar,Odisha,0.867,0.0096,Wedding,3470.69,Leather
Handmade Jewellery,Bracelet,421.0,4,Kolkata,West Bengal,0.685,-0.0172,Wedding,5038.36,Brass
Handloom & Textiles,Scarf,562.93,5,Srinagar,Jammu and Kashmir,0.731,0.0749,Normal,2341.13,Linen
Leather & Traditional Craft,Footwear,801.81,10,Madhubani,Bihar,0.933,-0.0665,Normal,2582.77,Leather
Handmade Bags & Accessories,Accessories,107.77,4,Bhubaneswar,Odisha,0.614,0.0807,Summer,2095.75,Jute
Paintings & Art,Handmade Wall Art,393.15,8,Assam,Assam,0.768,0.0593,Winter,3534.19,Wood
Leather & Traditional Craft,Wallet,960.1,7,Raghurajpur,Odisha,0.773,-0.0071,Monsoon,4032.07,Leather
Natural / Eco-friendly Crafts,Banana-fibre Product,30.0,5,Srikalahasti,Andhra Pradesh,0.701,0.0409,Normal,1114.83,Banana Fibre
Ceramics,Mug,131.32,3,Moradabad,Uttar Pradesh,0.534,0.2329,Festival,1949.94,Ceramic
Woodcraft,Tray,532.79,10,Srinagar,Jammu and Kashmir,0.806,0.2182,Festival,5638.73,Wood
"Bamboo, Cane & Natural Fibre",Bag,191.74,2,Kolkata,West Bengal,0.762,0.0452,Normal,1815.18,Bamboo
Embroidery & Needlecraft,Embroidered Bag,287.83,7,Srinagar,Jammu and Kashmir,0.652,0.0462,Normal,3416.1,Jute
Handmade Home Décor,Lamp,493.87,2,Srikalahasti,Andhra Pradesh,0.386,-0.161,Festival,2639.07,Metal
Ceramics,Decorative Piece,114.01,1,Raghurajpur,Odisha,0.708,0.0479,Normal,1684.36,Stoneware
Embroidery & Needlecraft,Patchwork Product,465.6,8,Srinagar,Jammu and Kashmir,0.682,0.0587,Normal,1900.14,Wool
Leather & Traditional Craft,Leather Bag,966.52,6,Kondapalli,Andhra Pradesh,0.717,0.0277,Normal,4658.5,Leather
Ceramics,Mug,190.5,4,Narsapur,Andhra Pradesh,0.85,-0.079,Festival,2227.5,Stoneware
Handmade Home Décor,Mirror,200.72,3,Raghurajpur,Odisha,0.62,0.0652,Winter,2784.14,Metal
"Bamboo, Cane & Natural Fibre",Bottle/Container,186.88,2,Khurja,Uttar Pradesh,0.824,0.081,Festival,2528.02,Cane
Metal Crafts,Metal Sculpture,1732.45,3,Etikoppaka,Andhra Pradesh,0.92,-0.0237,Normal,6880.32,Bell Metal
Ceramics,Vase,197.49,3,Bhubaneswar,Odisha,0.372,-0.1125,Summer,919.34,Stoneware
Paintings & Art,Kalamkari,651.19,6,Srinagar,Jammu and Kashmir,0.639,0.0903,Wedding,4309.55,Silk
Paintings & Art,Folk Painting,267.01,6,Kolkata,West Bengal,0.756,0.0084,Normal,2158.4,Natural Pigment
Handmade Bags & Accessories,Tote Bag,413.31,5,Kolkata,West Bengal,0.521,0.0183,Normal,2940.18,Cotton
Woodcraft,Figurine,523.02,9,Moradabad,Uttar Pradesh,0.43,0.0525,Normal,3560.61,Wood
Leather & Traditional Craft,Traditional Leather Craft,1077.71,6,Thanjavur,Tamil Nadu,0.564,0.0164,Festival,3694.04,Leather
Ceramics,Mug,118.16,2,Assam,Assam,0.542,0.05,Wedding,1300.47,Ceramic
Ceramics,Vase,231.32,2,Moradabad,Uttar Pradesh,0.504,-0.0553,Festival,1733.58,Stoneware
"Bamboo, Cane & Natural Fibre",Bottle/Container,222.02,3,Channapatna,Karnataka,0.45,0.001,Festival,1329.62,Cane
Embroidery & Needlecraft,Table Runner,634.57,5,Etikoppaka,Andhra Pradesh,0.586,0.0638,Summer,1950.26,Linen
Handmade Jewellery,Lac Jewellery,103.31,2,Madhubani,Bihar,0.684,0.132,Normal,2658.79,Lac
Handmade Jewellery,Terracotta Jewellery,474.37,3,Raghurajpur,Odisha,0.547,-0.0119,Normal,2418.64,Terracotta
Paintings & Art,Warli Painting,364.02,5,Bastar,Chhattisgarh,0.809,0.0393,Normal,3490.78,Watercolour
Woodcraft,Kitchenware,681.98,13,Moradabad,Uttar Pradesh,0.572,0.019,Normal,5069.54,Wood
Natural / Eco-friendly Crafts,Natural-fibre Basket,204.22,3,Bhubaneswar,Odisha,0.657,0.1337,Winter,1774.91,Palm Leaf
Handmade Home Décor,Decorative Box,337.41,6,Kolkata,West Bengal,0.587,0.025,Monsoon,1416.69,Wood
"Bamboo, Cane & Natural Fibre",Lampshade,107.02,2,Saharanpur,Uttar Pradesh,0.861,-0.0908,Summer,2414.68,Jute
Handmade Bags & Accessories,Clutch,567.98,2,Khurja,Uttar Pradesh,0.625,0.0265,Festival,4029.83,Leather
Woodcraft,Tray,333.8,9,Etikoppaka,Andhra Pradesh,0.483,0.0264,Normal,2922.46,Wood
Ceramics,Cup,116.04,1,Khurja,Uttar Pradesh,0.767,-0.094,Winter,2062.62,Ceramic
Metal Crafts,Jewellery,2009.85,2,Khurja,Uttar Pradesh,0.371,0.0833,Festival,6432.41,Silver
Paintings & Art,Pattachitra,222.96,6,Raghurajpur,Odisha,0.253,0.2533,Normal,2331.37,Handmade Paper
Paintings & Art,Handmade Wall Art,284.81,9,Srikalahasti,Andhra Pradesh,0.702,-0.0287,Festival,3072.51,Wood
Natural / Eco-friendly Crafts,Palm-leaf Product,30.0,3,Pochampally,Telangana,0.597,0.0132,Summer,1540.74,Palm Leaf
Embroidery & Needlecraft,Embroidered Clothing,495.32,6,Raghurajpur,Odisha,0.544,0.0188,Normal,2995.76,Cotton
Leather & Traditional Craft,Footwear,873.85,4,Kutch,Gujarat,0.47,0.2117,Normal,6639.86,Leather
Handloom & Textiles,Dupatta,373.49,5,Madhubani,Bihar,0.902,0.1233,Festival,2839.98,Wool
Woodcraft,Wooden Toy,426.51,7,Saharanpur,Uttar Pradesh,0.453,0.018,Monsoon,2855.34,Wood
Handmade Home Décor,Decorative Box,177.35,3,Pochampally,Telangana,0.522,0.0553,Normal,1778.84,Bamboo
Handmade Jewellery,Bangles,139.35,6,Channapatna,Karnataka,0.547,0.0231,Festival,2116.42,Glass
Handmade Home Décor,Showpiece,285.78,6,Bastar,Chhattisgarh,0.456,0.1036,Festival,2988.75,Ceramic
Embroidery & Needlecraft,Embroidered Bag,532.81,6,Saharanpur,Uttar Pradesh,0.722,0.0164,Normal,1834.74,Cotton
Ceramics,Ceramic Jewellery,202.05,2,Moradabad,Uttar Pradesh,0.479,0.1817,Summer,1653.39,Ceramic
Pottery & Terracotta,Clay Lamp,102.75,3,Madhubani,Bihar,0.64,0.0467,Winter,1333.11,Terracotta
Handmade Jewellery,Tribal Jewellery,402.5,6,Etikoppaka,Andhra Pradesh,0.61,0.0502,Wedding,4278.31,Beads
"Bamboo, Cane & Natural Fibre",Bottle/Container,139.09,4,Moradabad,Uttar Pradesh,0.402,0.0558,Summer,1544.63,Cane
Embroidery & Needlecraft,Embroidered Clothing,208.68,7,Kutch,Gujarat,0.645,-0.0436,Wedding,2721.01,Cotton
Embroidery & Needlecraft,Embroidered Bag,506.83,6,Raghurajpur,Odisha,0.616,0.1969,Normal,4034.38,Cotton
Pottery & Terracotta,Planter,212.97,3,Bastar,Chhattisgarh,0.696,0.0818,Normal,1485.36,Terracotta
Natural / Eco-friendly Crafts,Palm-leaf Product,186.43,2,Srikalahasti,Andhra Pradesh,0.531,0.1098,Monsoon,1343.52,Palm Leaf
Metal Crafts,Lamp,1398.5,6,Pochampally,Telangana,0.541,0.0023,Festival,4667.82,Copper
Natural / Eco-friendly Crafts,Palm-leaf Product,191.11,3,Moradabad,Uttar Pradesh,0.682,0.1126,Festival,1754.66,Palm Leaf
Metal Crafts,Jewellery,1241.16,10,Saharanpur,Uttar Pradesh,0.518,0.0985,Normal,6556.17,Copper
Handloom & Textiles,Traditional Garment,528.79,6,Pochampally,Telangana,0.578,0.0395,Normal,2554.8,Silk
Handmade Jewellery,Necklace,615.92,4,Channapatna,Karnataka,0.592,-0.0396,Wedding,2149.05,Brass
"Bamboo, Cane & Natural Fibre",Mat,201.6,2,Madhubani,Bihar,0.503,0.1262,Summer,1340.32,Jute
Handmade Bags & Accessories,Handmade Belt,406.3,4,Khurja,Uttar Pradesh,0.527,-0.059,Wedding,2325.84,Leather
Handmade Jewellery,Metal Jewellery,854.04,4,Channapatna,Karnataka,0.609,-0.0052,Wedding,2953.65,Copper
Handmade Home Décor,Showpiece,384.47,3,Etikoppaka,Andhra Pradesh,0.383,0.1912,Normal,2639.78,Ceramic
"Bamboo, Cane & Natural Fibre",Tray,163.87,5,Bastar,Chhattisgarh,0.828,0.1463,Normal,2152.44,Palm Leaf
Leather & Traditional Craft,Traditional Leather Craft,625.04,4,Jaipur,Rajasthan,0.49,0.1363,Normal,3923.41,Leather
Handmade Bags & Accessories,Pouch,568.1,4,Bastar,Chhattisgarh,0.377,0.2385,Normal,1818.17,Leather
Woodcraft,Kitchenware,705.36,8,Jaipur,Rajasthan,0.676,0.1385,Summer,5018.05,Wood
Pottery & Terracotta,Sculpture,30.0,2,Jaipur,Rajasthan,0.798,-0.0284,Wedding,943.8,Terracotta
Embroidery & Needlecraft,Embroidered Clothing,265.0,2,Narsapur,Andhra Pradesh,0.487,0.0885,Winter,3037.89,Cotton
Leather & Traditional Craft,Leather Bag,532.71,3,Srinagar,Jammu and Kashmir,0.376,0.0847,Festival,4139.67,Leather
Embroidery & Needlecraft,Patchwork Product,407.8,7,Pochampally,Telangana,0.809,0.1839,Monsoon,2997.2,Linen
Metal Crafts,Utensil,1087.75,5,Pochampally,Telangana,0.568,-0.058,Festival,4385.47,Brass
Handmade Bags & Accessories,Handbag,336.8,3,Raghurajpur,Odisha,0.415,-0.1241,Winter,2399.77,Cotton
Paintings & Art,Miniature Painting,147.41,6,Kondapalli,Andhra Pradesh,0.415,-0.1002,Winter,1832.73,Natural Pigment
Handmade Home Décor,Candle,323.27,5,Assam,Assam,0.688,0.0252,Festival,1948.35,Beeswax
Pottery & Terracotta,Clay Lamp,60.52,4,Saharanpur,Uttar Pradesh,0.452,0.0257,Festival,1344.17,Clay
Handmade Home Décor,Table Décor,297.39,4,Bhubaneswar,Odisha,0.372,-0.0225,Monsoon,2311.73,Wood
Paintings & Art,Madhubani Painting,459.29,4,Madhubani,Bihar,0.594,0.0406,Summer,2181.87,Watercolour
Leather & Traditional Craft,Footwear,752.55,3,Assam,Assam,0.777,0.1099,Normal,2896.7,Leather
Embroidery & Needlecraft,Table Runner,522.34,7,Bhubaneswar,Odisha,0.712,-0.0402,Normal,2468.14,Linen
Metal Crafts,Brassware,1176.64,7,Kashmir,Jammu and Kashmir,0.862,0.1209,Festival,4168.79,Brass
Leather & Traditional Craft,Footwear,665.16,4,Saharanpur,Uttar Pradesh,0.452,-0.0266,Festival,4006.26,Leather
Handmade Home Décor,Table Décor,437.39,5,Srikalahasti,Andhra Pradesh,0.878,0.0459,Normal,3963.41,Wood
Handmade Bags & Accessories,Handmade Belt,56.98,3,Khurja,Uttar Pradesh,0.763,-0.1493,Wedding,2865.59,Jute
Handmade Toys,Cloth Doll,289.14,5,Bhubaneswar,Odisha,0.736,-0.0325,Normal,1906.85,Wool
Ceramics,Plate,139.53,4,Pochampally,Telangana,0.915,0.1773,Normal,2208.68,Ceramic
Natural / Eco-friendly Crafts,Banana-fibre Product,180.8,2,Assam,Assam,0.814,0.113,Festival,1601.47,Banana Fibre
Paintings & Art,Kalamkari,219.48,7,Channapatna,Karnataka,0.315,0.1748,Normal,2122.6,Cotton
Metal Crafts,Decorative Item,1343.79,12,Kashmir,Jammu and Kashmir,0.664,0.1132,Normal,8148.26,Brass
Handmade Jewellery,Handmade Earrings,560.32,3,Channapatna,Karnataka,0.744,0.1014,Normal,3971.8,Lac
Handmade Toys,Traditional Toy,150.25,5,Srinagar,Jammu and Kashmir,0.219,0.0683,Winter,858.76,Clay
Handmade Home Décor,Sculpture,456.14,4,Kondapalli,Andhra Pradesh,0.565,-0.0188,Normal,2535.5,Wood
Embroidery & Needlecraft,Wall Hanging,182.63,8,Channapatna,Karnataka,0.731,0.062,Normal,2307.26,Jute
Handloom & Textiles,Durrie,212.51,9,Kutch,Gujarat,0.633,0.0403,Winter,3448.82,Jute
Handmade Jewellery,Necklace,560.89,2,Narsapur,Andhra Pradesh,0.751,0.1852,Festival,2552.14,Brass
Woodcraft,Box,503.24,8,Channapatna,Karnataka,0.619,0.0695,Festival,2577.57,Wood
"Bamboo, Cane & Natural Fibre",Bottle/Container,256.47,5,Etikoppaka,Andhra Pradesh,0.386,0.101,Summer,2541.37,Cane
Metal Crafts,Jewellery,1596.16,9,Kutch,Gujarat,0.576,-0.2,Normal,6177.87,Silver
Handmade Jewellery,Metal Jewellery,728.93,1,Saharanpur,Uttar Pradesh,0.391,0.0397,Winter,2464.12,Brass
Leather & Traditional Craft,Leather Bag,927.54,3,Thanjavur,Tamil Nadu,0.75,-0.0935,Festival,4850.85,Leather
Pottery & Terracotta,Decorative Pot,113.02,2,Saharanpur,Uttar Pradesh,0.536,0.1318,Summer,922.53,Clay
Pottery & Terracotta,Terracotta Figurine,104.8,3,Bhubaneswar,Odisha,0.499,-0.0299,Festival,1087.7,Terracotta
Metal Crafts,Brassware,1403.61,8,Madhubani,Bihar,0.609,0.0024,Winter,7268.49,Brass
Paintings & Art,Handmade Wall Art,368.29,5,Etikoppaka,Andhra Pradesh,0.588,-0.0701,Festival,1499.52,Canvas
Handmade Toys,Puppet,100.05,2,Thanjavur,Tamil Nadu,0.403,-0.0184,Normal,1061.47,Wood
Handmade Home Décor,Handmade Clock,336.35,4,Kondapalli,Andhra Pradesh,0.767,-0.0245,Festival,2413.38,Bamboo
Embroidery & Needlecraft,Wall Hanging,195.71,8,Raghurajpur,Odisha,0.856,0.1268,Monsoon,3082.58,Cotton
Handloom & Textiles,Towel,509.65,8,Raghurajpur,Odisha,0.735,0.0069,Festival,2645.14,Linen
Natural / Eco-friendly Crafts,Palm-leaf Product,59.71,3,Assam,Assam,0.413,-0.034,Normal,1569.5,Palm Leaf
Handmade Toys,Stuffed Toy,254.2,4,Narsapur,Andhra Pradesh,0.603,0.0217,Winter,1301.66,Wool
Handmade Home Décor,Lamp,272.68,3,Srinagar,Jammu and Kashmir,0.523,0.0752,Winter,3221.9,Clay
Woodcraft,Kitchenware,668.47,9,Thanjavur,Tamil Nadu,0.543,0.2862,Winter,4046.77,Wood
Handmade Bags & Accessories,Handbag,353.65,4,Madhubani,Bihar,0.561,0.0387,Summer,1708.33,Cotton
Pottery & Terracotta,Sculpture,142.48,2,Pochampally,Telangana,0.457,0.0882,Winter,1310.27,Terracotta
Natural / Eco-friendly Crafts,Coir Product,56.73,1,Jaipur,Rajasthan,0.603,0.0219,Normal,1652.68,Coir
Handmade Toys,Educational Toy,199.68,3,Kondapalli,Andhra Pradesh,0.641,0.0087,Festival,1764.83,Wood
"Bamboo, Cane & Natural Fibre",Household Product,227.45,2,Madhubani,Bihar,0.32,0.0664,Festival,1681.56,Bamboo
Handmade Home Décor,Mirror,272.24,4,Raghurajpur,Odisha,0.571,0.0702,Normal,2175.8,Wood
Handmade Home Décor,Dreamcatcher,316.01,7,Raghurajpur,Odisha,0.524,0.1531,Monsoon,2019.61,Jute
Woodcraft,Wooden Jewellery,678.8,7,Madhubani,Bihar,0.669,0.0212,Normal,2509.04,Wood
Woodcraft,Box,956.07,7,Khurja,Uttar Pradesh,0.76,-0.0562,Summer,3074.3,Wood
Handmade Home Décor,Candle,555.02,1,Thanjavur,Tamil Nadu,0.587,0.0303,Normal,2041.73,Soy Wax
Paintings & Art,Tanjore Painting,363.12,5,Khurja,Uttar Pradesh,0.318,0.1545,Normal,3127.73,Acrylic
Handloom & Textiles,Dress Material,587.77,12,Saharanpur,Uttar Pradesh,0.712,0.0618,Winter,2821.8,Linen
Handmade Toys,Cloth Doll,199.22,6,Srinagar,Jammu and Kashmir,0.418,0.0255,Wedding,1617.32,Wool
Ceramics,Tableware,179.93,2,Bhubaneswar,Odisha,0.761,-0.0203,Monsoon,1521.04,Stoneware
Pottery & Terracotta,Vase,156.03,3,Srinagar,Jammu and Kashmir,0.626,-0.0306,Normal,1523.04,Terracotta
Paintings & Art,Tanjore Painting,100.61,10,Pochampally,Telangana,0.341,0.1562,Normal,1484.76,Natural Pigment
Handmade Home Décor,Mirror,113.29,4,Srinagar,Jammu and Kashmir,0.552,0.0333,Festival,1496.74,Wood
Ceramics,Bowl,280.51,1,Kondapalli,Andhra Pradesh,0.713,0.1138,Wedding,2420.55,Stoneware
Handloom & Textiles,Rug,602.38,9,Madhubani,Bihar,0.58,0.0276,Normal,2601.75,Wool
Leather & Traditional Craft,Leather Bag,746.48,1,Thanjavur,Tamil Nadu,0.581,0.1935,Festival,3528.66,Leather
Handmade Jewellery,Terracotta Jewellery,306.12,5,Bastar,Chhattisgarh,0.596,0.0781,Monsoon,1623.79,Terracotta
Handloom & Textiles,Dupatta,535.9,8,Jaipur,Rajasthan,0.434,-0.041,Normal,2540.36,Linen
Paintings & Art,Warli Painting,280.99,5,Moradabad,Uttar Pradesh,0.632,0.0325,Normal,2368.57,Acrylic
Handloom & Textiles,Fabric,188.13,11,Kutch,Gujarat,0.858,-0.0653,Summer,2182.07,Jute
Metal Crafts,Brassware,838.67,3,Narsapur,Andhra Pradesh,0.602,0.0377,Normal,3417.54,Brass
Embroidery & Needlecraft,Embroidered Clothing,572.86,6,Channapatna,Karnataka,0.767,-0.0784,Monsoon,3219.56,Silk
Handmade Home Décor,Sculpture,244.78,5,Bhubaneswar,Odisha,0.771,-0.1351,Summer,3203.44,Metal
Embroidery & Needlecraft,Patchwork Product,322.25,7,Kondapalli,Andhra Pradesh,0.762,0.0356,Normal,4000.76,Cotton
Woodcraft,Box,792.88,7,Srinagar,Jammu and Kashmir,0.873,0.1408,Normal,5704.37,Wood
Handmade Jewellery,Tribal Jewellery,488.78,5,Saharanpur,Uttar Pradesh,0.687,-0.0548,Normal,3461.74,Beads
Handmade Toys,Wooden Toy,99.34,4,Khurja,Uttar Pradesh,0.638,-0.0037,Festival,2159.61,Wood
Handmade Bags & Accessories,Backpack,189.7,3,Pochampally,Telangana,0.616,0.0625,Festival,1824.76,Cotton
Leather & Traditional Craft,Leather Bag,284.75,2,Kutch,Gujarat,0.838,0.0091,Normal,1751.53,Leather
Pottery & Terracotta,Clay Lamp,101.77,3,Jaipur,Rajasthan,0.535,0.1125,Normal,1597.75,Terracotta
"Bamboo, Cane & Natural Fibre",Tray,223.2,3,Etikoppaka,Andhra Pradesh,0.467,-0.007,Festival,2271.99,Cane
Embroidery & Needlecraft,Wall Hanging,234.0,6,Kutch,Gujarat,0.843,0.1015,Wedding,2854.93,Cotton
"Bamboo, Cane & Natural Fibre",Furniture,166.64,6,Kondapalli,Andhra Pradesh,0.346,-0.1053,Normal,2082.96,Cane
Embroidery & Needlecraft,Embroidered Clothing,425.28,6,Raghurajpur,Odisha,0.582,0.0225,Normal,3039.0,Linen
Paintings & Art,Kalamkari,683.72,1,Thanjavur,Tamil Nadu,0.779,-0.0277,Normal,2144.79,Silk
Metal Crafts,Metal Sculpture,1257.3,6,Narsapur,Andhra Pradesh,0.557,0.0538,Wedding,7467.4,Brass
Handmade Home Décor,Sculpture,444.71,3,Kashmir,Jammu and Kashmir,0.535,0.0007,Normal,1559.28,Metal
Embroidery & Needlecraft,Embroidered Clothing,371.7,6,Jaipur,Rajasthan,0.867,0.135,Summer,2395.29,Cotton
"Bamboo, Cane & Natural Fibre",Lampshade,154.27,4,Kondapalli,Andhra Pradesh,0.408,0.1528,Winter,1702.17,Bamboo
Metal Crafts,Jewellery,1925.2,1,Kolkata,West Bengal,0.561,0.0689,Normal,5492.31,Silver
Handloom & Textiles,Towel,455.4,12,Bastar,Chhattisgarh,0.635,0.133,Wedding,5604.22,Cotton
"Bamboo, Cane & Natural Fibre",Household Product,99.14,3,Kolkata,West Bengal,0.873,-0.0323,Festival,2220.65,Bamboo
Metal Crafts,Bell-metal Product,1704.81,3,Kondapalli,Andhra Pradesh,0.733,0.0517,Normal,4548.63,Bell Metal
Handmade Jewellery,Bangles,463.6,1,Moradabad,Uttar Pradesh,0.757,0.0913,Summer,4005.71,Glass
Handmade Toys,Puppet,338.01,2,Khurja,Uttar Pradesh,0.258,0.1557,Festival,1625.29,Leather
Handloom & Textiles,Stole,499.52,7,Assam,Assam,0.311,0.0744,Winter,2286.87,Wool
Paintings & Art,Handmade Wall Art,261.02,6,Kondapalli,Andhra Pradesh,0.692,-0.051,Summer,2293.7,Canvas
Leather & Traditional Craft,Belt,910.15,5,Kolkata,West Bengal,0.64,0.091,Festival,3787.86,Leather
Handmade Bags & Accessories,Pouch,101.03,5,Kondapalli,Andhra Pradesh,0.498,0.0001,Winter,2319.81,Jute
Woodcraft,Wall Décor,146.52,11,Moradabad,Uttar Pradesh,0.72,-0.045,Normal,2100.31,Wood
Handmade Home Décor,Showpiece,385.63,5,Kashmir,Jammu and Kashmir,0.506,-0.1205,Normal,1920.57,Ceramic
Metal Crafts,Decorative Item,1296.42,4,Thanjavur,Tamil Nadu,0.427,-0.0565,Normal,3182.33,Brass
"Bamboo, Cane & Natural Fibre",Decorative Item,159.48,1,Kondapalli,Andhra Pradesh,0.601,-0.0234,Winter,1824.62,Cane
Handloom & Textiles,Durrie,217.58,10,Assam,Assam,0.495,0.0581,Monsoon,3149.17,Cotton
Handloom & Textiles,Stole,390.45,11,Srikalahasti,Andhra Pradesh,0.513,-0.0343,Wedding,4310.65,Cotton
Woodcraft,Wooden Toy,366.07,5,Jaipur,Rajasthan,0.829,0.3,Wedding,2820.52,Wood
Handmade Jewellery,Handmade Earrings,165.89,4,Narsapur,Andhra Pradesh,0.368,0.0046,Normal,2515.69,Terracotta
Ceramics,Home Décor,315.6,1,Bastar,Chhattisgarh,0.659,0.0003,Normal,1909.44,Porcelain
Woodcraft,Wall Décor,505.87,4,Kutch,Gujarat,0.883,0.0523,Monsoon,2525.74,Wood
Metal Crafts,Copperware,1426.86,1,Kutch,Gujarat,0.421,0.0819,Winter,6288.54,Copper
Handmade Home Décor,Lamp,290.69,2,Bastar,Chhattisgarh,0.611,-0.0305,Monsoon,2567.48,Wood
Handmade Home Décor,Handmade Clock,257.55,4,Channapatna,Karnataka,0.464,0.0571,Monsoon,2492.49,Bamboo
Ceramics,Cup,75.42,2,Pochampally,Telangana,0.227,-0.0099,Winter,1441.11,Stoneware
Leather & Traditional Craft,Traditional Leather Craft,676.21,4,Raghurajpur,Odisha,0.892,0.042,Festival,5883.72,Leather
Natural / Eco-friendly Crafts,Jute Product,285.31,4,Madhubani,Bihar,0.569,-0.0352,Normal,1352.8,Jute
Natural / Eco-friendly Crafts,Jute Product,127.82,3,Etikoppaka,Andhra Pradesh,0.668,0.0171,Summer,1105.38,Jute
Embroidery & Needlecraft,Embroidered Bag,255.29,6,Etikoppaka,Andhra Pradesh,0.725,0.111,Normal,1402.15,Jute
Paintings & Art,Phad Painting,192.74,3,Kashmir,Jammu and Kashmir,0.588,0.0319,Winter,2505.17,Watercolour
Woodcraft,Wooden Jewellery,202.06,15,Channapatna,Karnataka,0.734,0.1547,Festival,4732.99,Wood
Handmade Bags & Accessories,Accessories,491.43,5,Assam,Assam,0.57,0.2154,Wedding,3617.14,Leather
Handmade Home Décor,Decorative Box,302.47,5,Bastar,Chhattisgarh,0.833,-0.0884,Normal,1650.33,Bamboo
Pottery & Terracotta,Terracotta Figurine,51.21,2,Bhubaneswar,Odisha,0.461,0.3,Festival,1824.14,Clay
Leather & Traditional Craft,Belt,851.95,4,Moradabad,Uttar Pradesh,0.522,0.0884,Summer,3525.01,Leather
"Bamboo, Cane & Natural Fibre",Lampshade,244.0,3,Assam,Assam,0.692,-0.0417,Normal,1733.25,Jute
Metal Crafts,Bell-metal Product,1142.81,4,Moradabad,Uttar Pradesh,0.645,0.101,Winter,3377.66,Bell Metal
Natural / Eco-friendly Crafts,Coir Product,33.9,1,Raghurajpur,Odisha,0.264,0.0216,Normal,435.95,Coir
Handmade Home Décor,Candle,652.6,4,Bhubaneswar,Odisha,0.895,-0.1,Normal,3742.23,Beeswax
Natural / Eco-friendly Crafts,Banana-fibre Product,108.67,4,Pochampally,Telangana,0.721,0.0723,Wedding,1657.14,Banana Fibre
"Bamboo, Cane & Natural Fibre",Mat,349.24,3,Kashmir,Jammu and Kashmir,0.727,-0.0239,Summer,2600.83,Jute
Ceramics,Decorative Piece,64.49,2,Moradabad,Uttar Pradesh,0.534,0.2361,Normal,1574.55,Ceramic
Woodcraft,Wooden Jewellery,407.19,11,Narsapur,Andhra Pradesh,0.885,0.0711,Normal,4161.73,Wood
"Bamboo, Cane & Natural Fibre",Household Product,239.9,2,Kashmir,Jammu and Kashmir,0.405,-0.0397,Winter,913.58,Cane
Handmade Toys,Cloth Doll,182.17,2,Srinagar,Jammu and Kashmir,0.637,0.0211,Normal,2065.66,Cotton
Handloom & Textiles,Scarf,429.76,8,Kashmir,Jammu and Kashmir,0.825,0.006,Normal,4210.96,Cotton
Embroidery & Needlecraft,Patchwork Product,318.99,4,Madhubani,Bihar,0.443,-0.0181,Normal,3259.13,Cotton
Handloom & Textiles,Blanket,534.74,10,Srinagar,Jammu and Kashmir,0.728,0.129,Normal,3715.0,Wool
Leather & Traditional Craft,Leather Bag,864.32,8,Srinagar,Jammu and Kashmir,0.415,0.1453,Festival,4718.75,Leather
Handmade Home Décor,Wall Hanging,451.99,4,Jaipur,Rajasthan,0.811,0.0395,Summer,2137.15,Jute
Handmade Bags & Accessories,Pouch,338.77,1,Assam,Assam,0.691,0.0235,Winter,3321.55,Cotton
Natural / Eco-friendly Crafts,Jute Product,128.17,4,Kashmir,Jammu and Kashmir,0.759,-0.0158,Normal,1308.03,Jute
Pottery & Terracotta,Sculpture,57.42,2,Moradabad,Uttar Pradesh,0.559,-0.2,Winter,911.82,Clay
Leather & Traditional Craft,Wallet,781.67,8,Etikoppaka,Andhra Pradesh,0.578,0.0152,Normal,3649.65,Leather
Leather & Traditional Craft,Leather Bag,435.38,2,Madhubani,Bihar,0.695,-0.1245,Normal,3386.95,Leather
Embroidery & Needlecraft,Quilt,126.81,5,Saharanpur,Uttar Pradesh,0.759,0.003,Normal,1667.75,Cotton
Woodcraft,Sculpture,349.31,8,Kutch,Gujarat,0.71,0.1404,Normal,2695.07,Wood
Handloom & Textiles,Scarf,409.12,7,Channapatna,Karnataka,0.844,0.0451,Normal,1913.22,Cotton
Embroidery & Needlecraft,Embroidered Clothing,516.65,8,Srinagar,Jammu and Kashmir,0.356,0.0775,Summer,2504.72,Cotton
Embroidery & Needlecraft,Patchwork Product,583.07,8,Bastar,Chhattisgarh,0.127,0.0818,Festival,2000.65,Wool
Leather & Traditional Craft,Decorative Leather Product,895.77,6,Kashmir,Jammu and Kashmir,0.444,0.1974,Wedding,5294.76,Leather
Natural / Eco-friendly Crafts,Jute Product,124.0,4,Kondapalli,Andhra Pradesh,0.84,0.0453,Wedding,1521.74,Jute
Handmade Bags & Accessories,Wallet,161.11,3,Raghurajpur,Odisha,0.66,0.0557,Normal,1795.93,Jute
Handmade Toys,Stuffed Toy,319.36,2,Jaipur,Rajasthan,0.678,-0.007,Monsoon,1823.45,Cotton
Paintings & Art,Tanjore Painting,486.83,8,Saharanpur,Uttar Pradesh,0.736,-0.0059,Wedding,3451.32,Natural Pigment
Handloom & Textiles,Saree,316.91,2,Srikalahasti,Andhra Pradesh,0.32,-0.0133,Normal,2016.34,Cotton
Natural / Eco-friendly Crafts,Handmade Paper Product,125.4,2,Thanjavur,Tamil Nadu,0.486,-0.0333,Winter,2095.89,Handmade Paper
Handmade Jewellery,Beaded Jewellery,130.44,6,Kashmir,Jammu and Kashmir,0.802,-0.0641,Festival,3325.91,Seed Beads
Metal Crafts,Jewellery,1148.05,6,Khurja,Uttar Pradesh,0.379,0.0696,Summer,3585.77,Copper
Handmade Bags & Accessories,Wallet,148.72,6,Thanjavur,Tamil Nadu,0.744,0.0187,Festival,2488.23,Jute
Handmade Home Décor,Sculpture,108.6,4,Raghurajpur,Odisha,0.705,0.0748,Normal,2730.33,Clay
Woodcraft,Wooden Toy,540.97,7,Khurja,Uttar Pradesh,0.541,0.0495,Wedding,3977.59,Wood
Metal Crafts,Decorative Item,1308.15,4,Raghurajpur,Odisha,0.733,0.1728,Normal,5724.16,Brass
Pottery & Terracotta,Planter,81.27,3,Thanjavur,Tamil Nadu,0.648,0.0026,Normal,1696.88,Terracotta
Paintings & Art,Madhubani Painting,286.52,4,Saharanpur,Uttar Pradesh,0.567,0.1056,Normal,1857.7,Watercolour
Woodcraft,Tray,557.35,11,Thanjavur,Tamil Nadu,0.354,0.0424,Festival,4607.59,Wood
Handmade Toys,Wooden Toy,176.2,5,Thanjavur,Tamil Nadu,0.761,0.0367,Normal,1513.28,Wood
Handmade Jewellery,Bangles,599.35,5,Madhubani,Bihar,0.576,0.079,Wedding,4844.35,Brass
Paintings & Art,Folk Painting,289.74,4,Bastar,Chhattisgarh,0.505,-0.0319,Winter,2395.43,Natural Pigment
"Bamboo, Cane & Natural Fibre",Bag,172.58,7,Kutch,Gujarat,0.516,0.0347,Festival,2371.23,Bamboo
Leather & Traditional Craft,Belt,653.69,3,Bastar,Chhattisgarh,0.497,0.0751,Summer,4020.11,Leather
Handmade Toys,Puppet,249.69,1,Assam,Assam,0.645,0.0126,Monsoon,1269.34,Wood
Handmade Home Décor,Sculpture,105.24,3,Kondapalli,Andhra Pradesh,0.52,-0.0237,Normal,2395.74,Clay
Handmade Home Décor,Table Décor,182.77,6,Srikalahasti,Andhra Pradesh,0.654,-0.0383,Festival,2489.97,Wood
Leather & Traditional Craft,Footwear,988.6,4,Channapatna,Karnataka,0.675,0.1656,Normal,3499.22,Leather
Ceramics,Vase,205.56,2,Saharanpur,Uttar Pradesh,0.838,-0.0768,Festival,1544.92,Ceramic
Handmade Home Décor,Wall Hanging,268.29,2,Saharanpur,Uttar Pradesh,0.679,0.0849,Normal,1891.16,Jute
Natural / Eco-friendly Crafts,Eco-friendly Packaging,98.27,2,Saharanpur,Uttar Pradesh,0.483,-0.0532,Normal,1189.74,Banana Fibre
Metal Crafts,Lamp,1170.62,5,Madhubani,Bihar,0.691,0.2014,Festival,7438.59,Brass
Paintings & Art,Pattachitra,147.5,1,Kashmir,Jammu and Kashmir,0.628,0.0213,Normal,1286.92,Handmade Paper
Paintings & Art,Warli Painting,223.29,5,Raghurajpur,Odisha,0.634,0.0527,Festival,2401.09,Acrylic
Leather & Traditional Craft,Footwear,740.07,7,Saharanpur,Uttar Pradesh,0.314,0.0625,Normal,2555.53,Leather
Paintings & Art,Handmade Wall Art,248.24,2,Jaipur,Rajasthan,0.65,-0.0879,Normal,2028.21,Wood
Handmade Home Décor,Lamp,296.62,5,Etikoppaka,Andhra Pradesh,0.509,-0.0264,Festival,2325.4,Bamboo
Paintings & Art,Gond Art,228.97,7,Srikalahasti,Andhra Pradesh,0.472,-0.0255,Normal,1442.91,Acrylic
Handmade Jewellery,Bangles,666.35,4,Moradabad,Uttar Pradesh,0.825,-0.0009,Festival,3987.98,Glass
"Bamboo, Cane & Natural Fibre",Storage Box,204.65,2,Channapatna,Karnataka,0.384,0.0982,Festival,1154.9,Bamboo
Pottery & Terracotta,Decorative Pot,91.1,4,Bhubaneswar,Odisha,0.373,-0.0131,Summer,902.52,Terracotta
Woodcraft,Furniture,577.37,5,Srinagar,Jammu and Kashmir,0.577,0.0884,Normal,2856.05,Sheesham Wood
Metal Crafts,Utensil,608.67,9,Jaipur,Rajasthan,0.469,-0.1028,Festival,3779.54,Brass
Embroidery & Needlecraft,Embroidered Clothing,660.52,9,Assam,Assam,0.514,0.0287,Normal,2550.78,Silk
Pottery & Terracotta,Terracotta Jewellery,120.63,1,Narsapur,Andhra Pradesh,0.564,-0.0558,Normal,1401.43,Terracotta
Handmade Toys,Traditional Toy,94.89,3,Kolkata,West Bengal,0.779,-0.0543,Normal,1883.53,Clay
Natural / Eco-friendly Crafts,Banana-fibre Product,88.77,4,Thanjavur,Tamil Nadu,0.514,0.0765,Normal,1293.68,Banana Fibre
Handmade Jewellery,Wooden Jewellery,261.49,2,Moradabad,Uttar Pradesh,0.706,0.1224,Winter,2445.15,Wood
Handmade Bags & Accessories,Handmade Belt,498.56,5,Srinagar,Jammu and Kashmir,0.523,0.0844,Normal,2278.61,Leather
"Bamboo, Cane & Natural Fibre",Household Product,102.8,2,Pochampally,Telangana,0.511,0.1418,Normal,1662.83,Bamboo
Handloom & Textiles,Handwoven Bag,227.67,6,Kashmir,Jammu and Kashmir,0.781,0.1904,Normal,2299.16,Cotton
Ceramics,Vase,116.17,2,Jaipur,Rajasthan,0.569,-0.1285,Normal,1022.91,Ceramic
Metal Crafts,Bell-metal Product,1702.32,10,Channapatna,Karnataka,0.612,0.0237,Winter,6702.55,Bell Metal
"Bamboo, Cane & Natural Fibre",Decorative Item,233.67,4,Madhubani,Bihar,0.631,0.083,Festival,2141.18,Bamboo
Handloom & Textiles,Durrie,271.13,5,Bhubaneswar,Odisha,0.698,0.2146,Festival,2732.32,Cotton
Ceramics,Plate,251.73,2,Bhubaneswar,Odisha,0.5,0.1786,Normal,1410.83,Ceramic
Ceramics,Bowl,108.02,2,Assam,Assam,0.863,0.0002,Normal,1983.74,Ceramic
Pottery & Terracotta,Clay Lamp,144.33,4,Srikalahasti,Andhra Pradesh,0.405,0.0208,Normal,1668.94,Terracotta
Handmade Bags & Accessories,Backpack,642.49,3,Kashmir,Jammu and Kashmir,0.437,-0.0266,Normal,2166.85,Leather
Woodcraft,Wooden Jewellery,740.75,5,Srikalahasti,Andhra Pradesh,0.633,-0.0132,Festival,4238.32,Wood
Pottery & Terracotta,Vase,118.44,2,Kondapalli,Andhra Pradesh,0.544,0.0114,Normal,1490.5,Clay
Paintings & Art,Phad Painting,313.78,7,Kutch,Gujarat,0.511,0.1931,Summer,3243.73,Natural Pigment
Handloom & Textiles,Rug,453.54,2,Etikoppaka,Andhra Pradesh,0.49,0.0288,Normal,2674.44,Cotton
Ceramics,Plate,215.68,3,Assam,Assam,0.65,0.1066,Festival,1876.72,Stoneware
Ceramics,Vase,104.2,2,Raghurajpur,Odisha,0.782,0.0079,Wedding,2042.52,Ceramic
Pottery & Terracotta,Planter,126.45,1,Thanjavur,Tamil Nadu,0.657,-0.0791,Festival,1386.14,Clay
Handmade Toys,Wooden Toy,115.94,4,Saharanpur,Uttar Pradesh,0.642,0.0336,Normal,1478.74,Wood
Metal Crafts,Lamp,1748.86,7,Jaipur,Rajasthan,0.603,-0.0158,Wedding,7636.89,Brass
Leather & Traditional Craft,Belt,523.87,6,Khurja,Uttar Pradesh,0.573,-0.0404,Wedding,4037.16,Leather
Embroidery & Needlecraft,Patchwork Product,353.36,2,Raghurajpur,Odisha,0.601,0.086,Normal,1921.73,Linen
Pottery & Terracotta,Terracotta Figurine,30.0,4,Kutch,Gujarat,0.827,0.172,Summer,1548.27,Clay
Paintings & Art,Warli Painting,243.12,6,Jaipur,Rajasthan,0.925,0.1387,Wedding,2270.77,Watercolour
"Bamboo, Cane & Natural Fibre",Mat,269.35,4,Moradabad,Uttar Pradesh,0.38,0.064,Summer,1843.91,Bamboo
Embroidery & Needlecraft,Patchwork Product,617.63,12,Raghurajpur,Odisha,0.787,0.0224,Normal,3960.68,Linen
Handmade Jewellery,Bangles,638.17,4,Raghurajpur,Odisha,0.621,0.182,Winter,3620.45,Glass
Embroidery & Needlecraft,Cushion Cover,729.3,7,Pochampally,Telangana,0.739,0.0586,Normal,3264.98,Silk
Handmade Toys,Handmade Game,295.35,2,Srinagar,Jammu and Kashmir,0.713,0.0821,Normal,2424.22,Wood
Natural / Eco-friendly Crafts,Palm-leaf Product,39.39,2,Kolkata,West Bengal,0.838,0.0518,Wedding,1713.82,Palm Leaf
Natural / Eco-friendly Crafts,Handmade Paper Product,184.9,1,Assam,Assam,0.708,0.1664,Summer,1707.58,Handmade Paper
Paintings & Art,Madhubani Painting,409.4,3,Bhubaneswar,Odisha,0.529,-0.0094,Normal,2917.76,Natural Pigment
Natural / Eco-friendly Crafts,Coir Product,88.92,3,Etikoppaka,Andhra Pradesh,0.35,0.1234,Festival,1977.71,Coir
Ceramics,Vase,30.0,2,Bastar,Chhattisgarh,0.528,-0.0867,Normal,722.37,Ceramic
Handmade Toys,Handmade Game,248.76,2,Srinagar,Jammu and Kashmir,0.665,0.2063,Normal,1443.8,Wood
Woodcraft,Furniture,906.01,7,Kashmir,Jammu and Kashmir,0.536,0.0629,Winter,4095.3,Sheesham Wood
Embroidery & Needlecraft,Patchwork Product,352.31,7,Madhubani,Bihar,0.639,0.1678,Wedding,3795.51,Cotton
Metal Crafts,Lamp,1033.41,2,Kolkata,West Bengal,0.172,0.0818,Normal,4526.56,Brass
Woodcraft,Figurine,394.12,9,Madhubani,Bihar,0.447,0.2873,Normal,2370.02,Wood
Handmade Toys,Educational Toy,336.73,3,Channapatna,Karnataka,0.766,0.0607,Normal,2593.92,Wood
Handmade Toys,Traditional Toy,220.65,1,Pochampally,Telangana,0.596,-0.0364,Monsoon,1600.99,Clay
Ceramics,Cup,172.06,1,Srinagar,Jammu and Kashmir,0.564,0.0359,Monsoon,1164.18,Stoneware
Leather & Traditional Craft,Leather Bag,831.1,6,Thanjavur,Tamil Nadu,0.438,0.0711,Normal,3621.51,Leather
Ceramics,Cup,55.03,1,Khurja,Uttar Pradesh,0.494,0.034,Festival,1710.15,Ceramic
Ceramics,Mug,61.88,3,Kutch,Gujarat,0.819,-0.1452,Normal,1259.69,Ceramic
Ceramics,Vase,282.88,2,Assam,Assam,0.61,0.1258,Normal,1499.16,Ceramic
Handmade Home Décor,Dreamcatcher,512.86,6,Bhubaneswar,Odisha,0.757,-0.0,Winter,2465.47,Bamboo
Leather & Traditional Craft,Decorative Leather Product,923.1,5,Saharanpur,Uttar Pradesh,0.681,0.0773,Normal,4209.37,Leather
Handmade Home Décor,Wall Hanging,300.34,3,Moradabad,Uttar Pradesh,0.585,-0.0697,Monsoon,2306.09,Jute
Handmade Toys,Stuffed Toy,273.49,2,Jaipur,Rajasthan,0.82,0.2334,Wedding,2818.21,Jute
Leather & Traditional Craft,Belt,974.12,8,Khurja,Uttar Pradesh,0.522,-0.0929,Monsoon,4708.12,Leather
Woodcraft,Box,438.81,3,Etikoppaka,Andhra Pradesh,0.636,0.1149,Festival,4218.35,Wood
Handmade Bags & Accessories,Scarf,395.21,3,Kondapalli,Andhra Pradesh,0.405,0.0411,Wedding,2741.2,Cotton
Handmade Home Décor,Candle,519.71,5,Srikalahasti,Andhra Pradesh,0.432,-0.0133,Winter,1948.85,Soy Wax
Handmade Bags & Accessories,Accessories,311.65,1,Thanjavur,Tamil Nadu,0.719,0.1273,Monsoon,2152.5,Leather
Handmade Home Décor,Handmade Clock,171.08,4,Kashmir,Jammu and Kashmir,0.855,0.0977,Summer,1624.86,Bamboo
Embroidery & Needlecraft,Table Runner,389.0,7,Assam,Assam,0.534,0.0885,Normal,1842.05,Cotton
"Bamboo, Cane & Natural Fibre",Decorative Item,149.78,2,Channapatna,Karnataka,0.594,-0.0332,Normal,1664.33,Bamboo
Ceramics,Plate,87.54,1,Srikalahasti,Andhra Pradesh,0.61,0.0245,Festival,2065.98,Ceramic
Leather & Traditional Craft,Wallet,867.14,7,Kutch,Gujarat,0.521,0.0781,Normal,2773.25,Leather
"Bamboo, Cane & Natural Fibre",Furniture,186.38,3,Saharanpur,Uttar Pradesh,0.755,0.2724,Summer,1408.72,Cane
Handmade Toys,Puppet,198.35,3,Bastar,Chhattisgarh,0.453,0.117,Summer,1334.16,Wood
Handloom & Textiles,Saree,751.12,7,Srikalahasti,Andhra Pradesh,0.598,0.1555,Monsoon,4021.67,Jute
Metal Crafts,Lamp,757.43,6,Madhubani,Bihar,0.561,-0.0646,Wedding,5798.16,Copper
"Bamboo, Cane & Natural Fibre",Decorative Item,173.91,4,Narsapur,Andhra Pradesh,0.704,0.0633,Normal,2055.16,Bamboo
Leather & Traditional Craft,Belt,1029.44,5,Etikoppaka,Andhra Pradesh,0.647,0.1992,Festival,6895.27,Leather
Leather & Traditional Craft,Wallet,474.99,7,Srikalahasti,Andhra Pradesh,0.865,0.0633,Normal,3585.94,Leather
Leather & Traditional Craft,Decorative Leather Product,650.57,5,Madhubani,Bihar,0.719,-0.0891,Normal,3472.47,Leather
Handmade Jewellery,Lac Jewellery,338.41,2,Etikoppaka,Andhra Pradesh,0.823,0.0067,Festival,4192.12,Lac
Pottery & Terracotta,Clay Lamp,67.91,3,Kolkata,West Bengal,0.744,-0.0031,Monsoon,1563.77,Terracotta
Woodcraft,Box,743.15,7,Thanjavur,Tamil Nadu,0.73,0.1568,Summer,3981.14,Wood
Handmade Toys,Wooden Toy,221.93,2,Pochampally,Telangana,0.579,0.0746,Festival,1676.54,Wood
Handmade Jewellery,Lac Jewellery,363.35,5,Kolkata,West Bengal,0.412,0.1404,Festival,4382.19,Lac
Handmade Jewellery,Tribal Jewellery,903.41,5,Pochampally,Telangana,0.659,0.0699,Normal,3389.12,Silver
Handloom & Textiles,Blanket,395.49,12,Channapatna,Karnataka,0.762,-0.0065,Summer,3807.63,Cotton
Leather & Traditional Craft,Wallet,730.08,9,Raghurajpur,Odisha,0.739,0.0104,Festival,4806.47,Leather
Handmade Bags & Accessories,Handmade Belt,310.91,4,Khurja,Uttar Pradesh,0.521,0.1087,Summer,2852.48,Jute
Woodcraft,Wooden Jewellery,335.05,8,Srikalahasti,Andhra Pradesh,0.469,0.1367,Normal,3258.14,Wood
Pottery & Terracotta,Vase,211.38,2,Moradabad,Uttar Pradesh,0.638,0.0933,Normal,1454.86,Clay
Ceramics,Mug,69.17,2,Srinagar,Jammu and Kashmir,0.413,0.1072,Summer,1824.65,Stoneware
Paintings & Art,Tanjore Painting,507.39,2,Etikoppaka,Andhra Pradesh,0.76,0.1436,Wedding,2466.88,Acrylic
Handmade Home Décor,Sculpture,371.81,5,Kutch,Gujarat,0.386,0.1681,Winter,1874.48,Wood
Handloom & Textiles,Durrie,515.02,11,Kondapalli,Andhra Pradesh,0.761,0.0356,Wedding,3198.42,Cotton
Handmade Bags & Accessories,Handmade Belt,461.9,7,Bhubaneswar,Odisha,0.42,0.233,Normal,2891.46,Leather
Handmade Home Décor,Sculpture,173.44,6,Kashmir,Jammu and Kashmir,0.602,-0.1924,Festival,2704.25,Clay
Woodcraft,Furniture,600.68,5,Jaipur,Rajasthan,0.536,-0.1219,Festival,2113.66,Sheesham Wood
Pottery & Terracotta,Clay Lamp,87.38,2,Thanjavur,Tamil Nadu,0.596,0.0401,Normal,1149.04,Terracotta
Leather & Traditional Craft,Wallet,873.41,4,Pochampally,Telangana,0.596,-0.0292,Normal,2850.41,Leather
"Bamboo, Cane & Natural Fibre",Bottle/Container,193.01,4,Narsapur,Andhra Pradesh,0.69,-0.0484,Festival,2578.8,Cane
Handmade Toys,Stuffed Toy,245.99,4,Moradabad,Uttar Pradesh,0.72,0.0372,Festival,1533.53,Wool
Handmade Bags & Accessories,Wallet,216.7,5,Channapatna,Karnataka,0.716,0.0061,Winter,2897.16,Cotton
Woodcraft,Sculpture,407.53,7,Bhubaneswar,Odisha,0.865,0.0068,Wedding,4248.56,Wood
Handmade Toys,Puppet,191.37,5,Narsapur,Andhra Pradesh,0.366,0.0046,Summer,1693.45,Cotton
Handmade Toys,Puppet,203.6,3,Moradabad,Uttar Pradesh,0.777,0.1625,Monsoon,2105.36,Cotton
Natural / Eco-friendly Crafts,Natural-fibre Basket,136.17,4,Kashmir,Jammu and Kashmir,0.373,-0.0597,Normal,792.19,Jute
Embroidery & Needlecraft,Table Runner,575.01,6,Narsapur,Andhra Pradesh,0.737,-0.0173,Summer,3805.48,Silk
Leather & Traditional Craft,Footwear,1226.43,6,Narsapur,Andhra Pradesh,0.221,0.0602,Normal,3148.04,Leather
Handmade Bags & Accessories,Handmade Belt,102.41,1,Raghurajpur,Odisha,0.734,-0.0319,Wedding,2447.09,Jute
Handmade Jewellery,Bracelet,291.75,5,Kondapalli,Andhra Pradesh,0.71,0.048,Winter,2950.88,Beads
Paintings & Art,Kalamkari,30.0,10,Kolkata,West Bengal,0.718,0.1005,Normal,2189.35,Natural Dye
"Bamboo, Cane & Natural Fibre",Bag,163.45,3,Pochampally,Telangana,0.847,-0.0908,Normal,1270.45,Bamboo
Ceramics,Plate,262.08,2,Pochampally,Telangana,0.573,0.087,Normal,2120.36,Ceramic
Handmade Home Décor,Candle,167.45,8,Pochampally,Telangana,0.734,0.0402,Normal,2769.12,Soy Wax
Handmade Jewellery,Beaded Jewellery,258.92,5,Kutch,Gujarat,0.303,-0.0347,Monsoon,1740.58,Glass Beads
Paintings & Art,Tanjore Painting,299.02,8,Moradabad,Uttar Pradesh,0.544,-0.1154,Wedding,2269.04,Acrylic
Handmade Home Décor,Wall Hanging,515.75,4,Khurja,Uttar Pradesh,0.774,-0.0276,Normal,2331.43,Cotton
Pottery & Terracotta,Clay Lamp,54.76,1,Narsapur,Andhra Pradesh,0.757,0.0076,Monsoon,1387.09,Terracotta
"Bamboo, Cane & Natural Fibre",Furniture,258.77,3,Assam,Assam,0.648,-0.084,Summer,2526.15,Cane
Handmade Home Décor,Wall Hanging,424.76,2,Kolkata,West Bengal,0.831,-0.0123,Wedding,3708.73,Cotton
Handmade Toys,Cloth Doll,190.17,3,Jaipur,Rajasthan,0.811,0.2302,Festival,2552.26,Cotton
Handmade Bags & Accessories,Scarf,393.95,7,Channapatna,Karnataka,0.771,-0.0311,Normal,2980.85,Silk
Handmade Bags & Accessories,Basket,242.33,7,Kashmir,Jammu and Kashmir,0.803,0.0628,Normal,2655.35,Jute
Paintings & Art,Miniature Painting,190.43,5,Kondapalli,Andhra Pradesh,0.437,-0.0262,Normal,2496.56,Natural Pigment
Handloom & Textiles,Handwoven Bag,468.55,8,Assam,Assam,0.684,-0.0621,Wedding,4567.58,Jute
Handmade Bags & Accessories,Pouch,81.84,3,Srikalahasti,Andhra Pradesh,0.711,0.1132,Winter,1460.79,Jute
Natural / Eco-friendly Crafts,Palm-leaf Product,30.0,3,Moradabad,Uttar Pradesh,0.751,0.0518,Normal,2207.19,Palm Leaf
Pottery & Terracotta,Vase,105.49,4,Etikoppaka,Andhra Pradesh,0.804,0.1056,Normal,1516.99,Clay
Handloom & Textiles,Traditional Garment,656.88,8,Thanjavur,Tamil Nadu,0.681,0.0107,Festival,3009.86,Silk
Metal Crafts,Decorative Item,1098.38,9,Kolkata,West Bengal,0.527,0.1028,Wedding,4883.18,Brass
"Bamboo, Cane & Natural Fibre",Mat,153.38,3,Madhubani,Bihar,0.377,0.0024,Summer,953.59,Coir
Ceramics,Ceramic Jewellery,358.73,4,Kashmir,Jammu and Kashmir,0.694,-0.1501,Normal,2638.2,Porcelain
Metal Crafts,Metal Sculpture,1269.22,12,Saharanpur,Uttar Pradesh,0.84,0.0026,Wedding,7476.15,Copper
"Bamboo, Cane & Natural Fibre",Storage Box,163.98,2,Jaipur,Rajasthan,0.644,0.0688,Festival,1614.07,Palm Leaf
Natural / Eco-friendly Crafts,Palm-leaf Product,122.13,4,Etikoppaka,Andhra Pradesh,0.499,-0.0316,Festival,2005.35,Palm Leaf
Metal Crafts,Jewellery,1384.18,3,Channapatna,Karnataka,0.647,0.1509,Festival,6915.76,Brass
Handmade Jewellery,Necklace,68.45,7,Pochampally,Telangana,0.532,0.0984,Festival,2274.73,Beads
Embroidery & Needlecraft,Table Runner,386.0,11,Kashmir,Jammu and Kashmir,0.899,-0.0167,Festival,3353.24,Cotton
Handloom & Textiles,Rug,170.69,5,Bastar,Chhattisgarh,0.729,-0.073,Festival,3450.76,Cotton
Paintings & Art,Handmade Wall Art,516.77,8,Moradabad,Uttar Pradesh,0.42,0.0522,Normal,2205.49,Wood
Leather & Traditional Craft,Decorative Leather Product,769.39,6,Srinagar,Jammu and Kashmir,0.781,0.185,Normal,3493.98,Leather
Embroidery & Needlecraft,Patchwork Product,348.96,3,Thanjavur,Tamil Nadu,0.89,0.0644,Summer,2820.41,Linen
Handmade Toys,Traditional Toy,283.09,1,Srikalahasti,Andhra Pradesh,0.681,0.0507,Wedding,1582.31,Cloth
Ceramics,Plate,270.83,3,Srinagar,Jammu and Kashmir,0.809,-0.0651,Festival,2901.12,Stoneware
Woodcraft,Box,737.0,10,Kashmir,Jammu and Kashmir,0.431,-0.0105,Normal,3813.29,Wood
Natural / Eco-friendly Crafts,Eco-friendly Packaging,214.49,1,Jaipur,Rajasthan,0.667,0.0935,Monsoon,1913.2,Palm Leaf
Leather & Traditional Craft,Leather Bag,832.87,4,Saharanpur,Uttar Pradesh,0.472,0.1481,Normal,4390.49,Leather
Handmade Toys,Cloth Doll,38.42,3,Assam,Assam,0.611,0.1208,Normal,1474.51,Cotton
Embroidery & Needlecraft,Cushion Cover,503.72,7,Channapatna,Karnataka,0.48,-0.1084,Normal,2724.49,Cotton
Handmade Home Décor,Lamp,112.3,2,Kutch,Gujarat,0.574,0.0443,Normal,984.18,Bamboo
Handloom & Textiles,Shawl,470.9,8,Thanjavur,Tamil Nadu,0.741,-0.0954,Normal,3392.88,Linen
Embroidery & Needlecraft,Embroidered Bag,197.59,2,Etikoppaka,Andhra Pradesh,0.578,0.1651,Summer,2918.22,Cotton
Paintings & Art,Tanjore Painting,202.41,4,Channapatna,Karnataka,0.467,-0.0009,Festival,1897.88,Acrylic
Natural / Eco-friendly Crafts,Coir Product,152.46,3,Kashmir,Jammu and Kashmir,0.549,0.1371,Normal,917.89,Coir
"Bamboo, Cane & Natural Fibre",Storage Box,218.15,2,Saharanpur,Uttar Pradesh,0.528,-0.0638,Festival,2108.13,Cane
Woodcraft,Furniture,442.71,8,Pochampally,Telangana,0.599,0.1671,Normal,2272.49,Mango Wood
Metal Crafts,Utensil,1259.08,5,Khurja,Uttar Pradesh,0.919,0.1102,Festival,6189.92,Copper
Natural / Eco-friendly Crafts,Eco-friendly Packaging,108.92,2,Kutch,Gujarat,0.582,-0.0031,Winter,1881.77,Palm Leaf
Handloom & Textiles,Handwoven Bag,242.56,8,Kondapalli,Andhra Pradesh,0.489,0.2028,Monsoon,2132.63,Linen
Handmade Bags & Accessories,Accessories,485.18,2,Jaipur,Rajasthan,0.528,0.233,Festival,2028.14,Leather
Handmade Bags & Accessories,Wallet,196.24,5,Madhubani,Bihar,0.545,0.0738,Festival,1899.87,Cotton
Natural / Eco-friendly Crafts,Coir Product,165.46,2,Kashmir,Jammu and Kashmir,0.664,0.2143,Festival,2455.8,Coir
Handmade Toys,Puppet,263.4,2,Channapatna,Karnataka,0.685,0.1141,Normal,2041.05,Leather
Leather & Traditional Craft,Decorative Leather Product,562.68,6,Bastar,Chhattisgarh,0.775,0.085,Festival,4157.95,Leather
Paintings & Art,Sketch,400.5,9,Madhubani,Bihar,0.542,0.0201,Summer,2797.8,Ink
Metal Crafts,Copperware,1182.35,6,Narsapur,Andhra Pradesh,0.753,0.1578,Normal,4204.23,Copper
Handloom & Textiles,Towel,248.48,7,Raghurajpur,Odisha,0.842,0.1368,Normal,1943.85,Cotton
Ceramics,Home Décor,339.93,2,Narsapur,Andhra Pradesh,0.738,-0.0022,Festival,2586.88,Porcelain
Natural / Eco-friendly Crafts,Handmade Paper Product,115.02,2,Madhubani,Bihar,0.611,-0.0092,Winter,1116.84,Handmade Paper
Handmade Home Décor,Wall Hanging,219.12,5,Moradabad,Uttar Pradesh,0.472,-0.0651,Festival,1607.23,Cotton
Handmade Jewellery,Bracelet,769.28,4,Kashmir,Jammu and Kashmir,0.42,0.0758,Normal,2349.01,Brass
Leather & Traditional Craft,Decorative Leather Product,747.41,4,Kutch,Gujarat,0.628,0.1288,Winter,2511.75,Leather
Ceramics,Vase,162.17,2,Khurja,Uttar Pradesh,0.603,0.0282,Normal,2322.59,Ceramic
Woodcraft,Wooden Toy,503.31,3,Srikalahasti,Andhra Pradesh,0.539,0.0242,Monsoon,3118.26,Wood
Leather & Traditional Craft,Leather Bag,972.15,5,Bastar,Chhattisgarh,0.737,0.212,Summer,5091.99,Leather
Ceramics,Decorative Piece,213.26,3,Kolkata,West Bengal,0.863,-0.0291,Normal,2009.36,Stoneware
Woodcraft,Box,397.17,9,Moradabad,Uttar Pradesh,0.458,0.2788,Normal,3209.14,Wood
"Bamboo, Cane & Natural Fibre",Mat,182.73,3,Saharanpur,Uttar Pradesh,0.551,0.0289,Normal,1446.21,Jute
Woodcraft,Figurine,881.46,6,Khurja,Uttar Pradesh,0.815,0.0262,Festival,4287.19,Wood
Handloom & Textiles,Durrie,549.24,10,Kondapalli,Andhra Pradesh,0.408,0.0268,Festival,2522.41,Wool
Handmade Bags & Accessories,Handmade Belt,167.86,4,Kolkata,West Bengal,0.481,0.26,Normal,1199.24,Jute
Paintings & Art,Folk Painting,221.59,9,Kondapalli,Andhra Pradesh,0.581,0.1367,Monsoon,2423.19,Acrylic
Handmade Bags & Accessories,Handmade Belt,361.56,3,Channapatna,Karnataka,0.853,-0.0609,Summer,2600.01,Leather
Handmade Home Décor,Decorative Box,324.86,5,Channapatna,Karnataka,0.58,0.1372,Normal,2578.9,Wood
Handmade Jewellery,Lac Jewellery,347.57,1,Srinagar,Jammu and Kashmir,0.454,0.0509,Normal,2051.74,Lac
Pottery & Terracotta,Planter,91.28,2,Kondapalli,Andhra Pradesh,0.701,0.0004,Summer,1538.52,Terracotta
Handmade Jewellery,Handmade Earrings,733.2,5,Bastar,Chhattisgarh,0.479,-0.0057,Normal,3784.55,Beads
Natural / Eco-friendly Crafts,Eco-friendly Packaging,108.59,5,Kondapalli,Andhra Pradesh,0.627,-0.0765,Festival,2057.53,Jute
Pottery & Terracotta,Clay Lamp,100.02,2,Srinagar,Jammu and Kashmir,0.506,0.0754,Normal,788.78,Clay
Handmade Bags & Accessories,Tote Bag,360.07,4,Bastar,Chhattisgarh,0.737,0.0934,Summer,1957.84,Canvas
Handloom & Textiles,Dupatta,399.8,10,Channapatna,Karnataka,0.667,0.0704,Normal,2405.95,Wool
Leather & Traditional Craft,Wallet,725.25,2,Khurja,Uttar Pradesh,0.751,-0.0184,Normal,3140.61,Leather
Paintings & Art,Phad Painting,302.88,4,Kondapalli,Andhra Pradesh,0.587,-0.1456,Festival,2403.55,Watercolour
Handmade Toys,Stuffed Toy,291.81,2,Channapatna,Karnataka,0.347,0.0601,Wedding,1885.75,Wool
Metal Crafts,Decorative Item,905.27,9,Raghurajpur,Odisha,0.55,-0.0984,Festival,4639.55,Brass
Pottery & Terracotta,Terracotta Figurine,30.0,2,Channapatna,Karnataka,0.621,-0.0663,Wedding,1148.59,Clay
Pottery & Terracotta,Decorative Pot,107.52,3,Raghurajpur,Odisha,0.784,0.0409,Monsoon,1215.13,Clay
Handmade Toys,Wooden Toy,220.07,3,Srikalahasti,Andhra Pradesh,0.428,-0.0819,Wedding,1160.17,Wood
Natural / Eco-friendly Crafts,Jute Product,194.36,5,Kutch,Gujarat,0.59,0.0139,Normal,1428.34,Jute
Paintings & Art,Sketch,251.04,9,Channapatna,Karnataka,0.939,-0.0102,Normal,2634.09,Charcoal
Metal Crafts,Bell-metal Product,1081.23,11,Bastar,Chhattisgarh,0.794,0.1667,Normal,5406.14,Bell Metal
Handmade Toys,Traditional Toy,77.93,3,Madhubani,Bihar,0.55,0.0551,Normal,846.14,Clay
Metal Crafts,Metal Sculpture,1046.32,4,Kashmir,Jammu and Kashmir,0.265,0.2038,Winter,4118.51,Bell Metal
Handloom & Textiles,Traditional Garment,288.01,7,Khurja,Uttar Pradesh,0.597,0.0434,Normal,1705.34,Linen
Natural / Eco-friendly Crafts,Natural-fibre Basket,146.25,3,Kashmir,Jammu and Kashmir,0.707,0.2278,Monsoon,1281.46,Jute
Pottery & Terracotta,Diya,161.14,3,Moradabad,Uttar Pradesh,0.507,-0.0488,Normal,1049.43,Clay
Metal Crafts,Bell-metal Product,1730.36,6,Srikalahasti,Andhra Pradesh,0.619,0.1819,Winter,9779.85,Bell Metal
Woodcraft,Decorative Panel,628.6,7,Madhubani,Bihar,0.647,0.0647,Normal,3829.54,Wood
Ceramics,Mug,139.76,2,Srikalahasti,Andhra Pradesh,0.509,-0.0013,Winter,1660.1,Ceramic
Embroidery & Needlecraft,Embroidered Clothing,796.75,3,Bastar,Chhattisgarh,0.561,-0.1415,Winter,2854.97,Silk
Metal Crafts,Lamp,1248.72,4,Khurja,Uttar Pradesh,0.662,0.1065,Summer,5984.96,Brass
Handmade Bags & Accessories,Wallet,201.51,3,Etikoppaka,Andhra Pradesh,0.62,0.0188,Festival,1624.28,Cotton
Handmade Toys,Puppet,162.8,1,Thanjavur,Tamil Nadu,0.36,0.0389,Winter,1893.43,Cotton
"Bamboo, Cane & Natural Fibre",Tray,131.41,1,Moradabad,Uttar Pradesh,0.846,0.0975,Festival,2364.65,Palm Leaf
Handmade Jewellery,Necklace,968.65,3,Khurja,Uttar Pradesh,0.727,0.0354,Wedding,2522.17,Brass
Handloom & Textiles,Dupatta,455.86,11,Srinagar,Jammu and Kashmir,0.86,0.1004,Normal,3918.89,Cotton
Pottery & Terracotta,Planter,211.73,1,Narsapur,Andhra Pradesh,0.73,-0.0447,Monsoon,1442.49,Clay
Pottery & Terracotta,Kitchenware,66.56,2,Thanjavur,Tamil Nadu,0.234,0.1499,Festival,547.34,Terracotta
Leather & Traditional Craft,Leather Bag,655.37,3,Narsapur,Andhra Pradesh,0.53,0.0828,Normal,5112.44,Leather
Ceramics,Tableware,196.1,2,Raghurajpur,Odisha,0.71,-0.1511,Wedding,1857.23,Ceramic
Handloom & Textiles,Shawl,30.0,6,Srinagar,Jammu and Kashmir,0.668,-0.0389,Normal,1881.66,Cotton
Metal Crafts,Bell-metal Product,971.95,6,Madhubani,Bihar,0.802,0.1029,Monsoon,4169.71,Bell Metal
"Bamboo, Cane & Natural Fibre",Bag,137.97,5,Pochampally,Telangana,0.641,0.1226,Festival,2383.73,Cane
Handloom & Textiles,Stole,598.13,8,Kondapalli,Andhra Pradesh,0.58,0.1354,Festival,2773.15,Linen
Paintings & Art,Madhubani Painting,431.26,1,Khurja,Uttar Pradesh,0.687,0.0957,Normal,3190.94,Acrylic
Woodcraft,Sculpture,520.96,3,Jaipur,Rajasthan,0.963,0.1253,Normal,1854.62,Wood
"Bamboo, Cane & Natural Fibre",Bottle/Container,308.7,5,Narsapur,Andhra Pradesh,0.806,0.2272,Normal,2105.23,Bamboo
Handloom & Textiles,Handwoven Bag,276.13,12,Moradabad,Uttar Pradesh,0.538,0.1034,Normal,2174.85,Jute
Pottery & Terracotta,Planter,167.82,4,Thanjavur,Tamil Nadu,0.646,0.1946,Winter,2337.63,Terracotta
Leather & Traditional Craft,Traditional Leather Craft,979.3,10,Narsapur,Andhra Pradesh,0.792,0.012,Normal,4582.44,Leather
Handloom & Textiles,Towel,647.16,8,Bhubaneswar,Odisha,0.548,0.168,Summer,3156.87,Cotton
Handmade Bags & Accessories,Backpack,326.71,2,Jaipur,Rajasthan,0.54,0.0547,Normal,1480.07,Cotton
Ceramics,Bowl,160.35,2,Narsapur,Andhra Pradesh,0.54,-0.1641,Winter,1659.75,Ceramic
Ceramics,Vase,211.88,2,Kondapalli,Andhra Pradesh,0.789,0.0055,Monsoon,1800.72,Stoneware
Handloom & Textiles,Rug,386.25,3,Kolkata,West Bengal,0.638,0.1269,Winter,2189.64,Wool
Paintings & Art,Handmade Wall Art,226.19,2,Thanjavur,Tamil Nadu,0.778,0.0701,Normal,2501.28,Wood
Ceramics,Ceramic Jewellery,224.22,2,Saharanpur,Uttar Pradesh,0.815,0.0783,Normal,1879.99,Ceramic
Woodcraft,Wooden Jewellery,482.82,9,Kondapalli,Andhra Pradesh,0.864,-0.1671,Festival,2580.37,Wood
Handmade Jewellery,Metal Jewellery,442.25,5,Srikalahasti,Andhra Pradesh,0.567,-0.1368,Normal,3546.07,Copper
Natural / Eco-friendly Crafts,Coir Product,87.11,3,Etikoppaka,Andhra Pradesh,0.7,0.171,Normal,1870.56,Coir
Paintings & Art,Folk Painting,52.91,3,Madhubani,Bihar,0.63,0.0489,Normal,1839.36,Natural Pigment
Natural / Eco-friendly Crafts,Palm-leaf Product,170.8,2,Srikalahasti,Andhra Pradesh,0.254,-0.076,Normal,1025.4,Palm Leaf
Leather & Traditional Craft,Belt,731.98,3,Thanjavur,Tamil Nadu,0.824,-0.0436,Wedding,4686.39,Leather
Metal Crafts,Metal Sculpture,639.44,7,Etikoppaka,Andhra Pradesh,0.609,0.044,Festival,5001.06,Copper
Handmade Toys,Wooden Toy,384.64,2,Jaipur,Rajasthan,0.677,-0.2,Normal,1929.3,Wood
Handmade Jewellery,Wooden Jewellery,307.07,4,Srikalahasti,Andhra Pradesh,0.575,0.0078,Normal,2027.56,Wood
Embroidery & Needlecraft,Embroidered Clothing,758.01,4,Channapatna,Karnataka,0.653,-0.1069,Winter,3296.9,Silk
Natural / Eco-friendly Crafts,Jute Product,174.98,1,Saharanpur,Uttar Pradesh,0.832,0.1009,Winter,2056.81,Jute
Handmade Jewellery,Beaded Jewellery,396.05,3,Moradabad,Uttar Pradesh,0.249,-0.0042,Monsoon,2831.86,Glass Beads
Natural / Eco-friendly Crafts,Natural-fibre Basket,78.61,2,Bastar,Chhattisgarh,0.396,0.0201,Normal,833.55,Palm Leaf
Handmade Toys,Stuffed Toy,229.68,2,Narsapur,Andhra Pradesh,0.718,-0.0314,Normal,1339.19,Wool
Handmade Toys,Traditional Toy,149.96,1,Channapatna,Karnataka,0.581,0.0234,Festival,2278.49,Clay
Paintings & Art,Tanjore Painting,598.77,4,Kolkata,West Bengal,0.447,-0.1563,Winter,3495.51,Gold Leaf
Pottery & Terracotta,Clay Pot,171.53,1,Raghurajpur,Odisha,0.492,0.098,Normal,1172.44,Clay
Handmade Bags & Accessories,Accessories,389.3,1,Narsapur,Andhra Pradesh,0.693,-0.0379,Normal,2253.65,Cotton
Ceramics,Plate,147.35,3,Assam,Assam,0.602,0.0855,Normal,1259.07,Ceramic
Metal Crafts,Copperware,784.81,8,Kondapalli,Andhra Pradesh,0.909,0.0185,Normal,4612.99,Copper
Pottery & Terracotta,Clay Pot,30.0,2,Kolkata,West Bengal,0.755,0.0137,Winter,1333.28,Terracotta
Handmade Bags & Accessories,Wallet,159.3,4,Bastar,Chhattisgarh,0.511,0.0451,Normal,2039.95,Cotton
Handmade Jewellery,Terracotta Jewellery,402.5,6,Srinagar,Jammu and Kashmir,0.584,0.1687,Normal,3935.51,Terracotta
Handloom & Textiles,Towel,392.19,8,Bastar,Chhattisgarh,0.92,0.0959,Normal,3246.77,Linen
Leather & Traditional Craft,Footwear,849.04,3,Kashmir,Jammu and Kashmir,0.351,-0.0159,Wedding,2810.96,Leather
Paintings & Art,Tanjore Painting,293.45,5,Saharanpur,Uttar Pradesh,0.886,0.2379,Wedding,2610.06,Natural Pigment
Woodcraft,Kitchenware,472.46,1,Saharanpur,Uttar Pradesh,0.551,0.0326,Wedding,2856.36,Wood
Handloom & Textiles,Handwoven Bag,533.3,7,Etikoppaka,Andhra Pradesh,0.71,0.0905,Wedding,4176.14,Linen
Handmade Home Décor,Dreamcatcher,258.26,4,Kashmir,Jammu and Kashmir,0.414,0.2093,Wedding,2229.66,Jute
"Bamboo, Cane & Natural Fibre",Furniture,241.08,3,Kashmir,Jammu and Kashmir,0.651,-0.1817,Festival,1607.94,Cane
Embroidery & Needlecraft,Table Runner,778.36,7,Saharanpur,Uttar Pradesh,0.846,-0.1337,Normal,3412.94,Silk
Paintings & Art,Tanjore Painting,210.61,6,Thanjavur,Tamil Nadu,0.384,0.1722,Monsoon,1459.74,Natural Pigment
"Bamboo, Cane & Natural Fibre",Bottle/Container,128.02,7,Assam,Assam,0.363,0.1554,Normal,2148.58,Cane
Leather & Traditional Craft,Wallet,589.18,5,Bhubaneswar,Odisha,0.704,-0.156,Monsoon,2160.55,Leather
Handmade Jewellery,Lac Jewellery,563.47,5,Kashmir,Jammu and Kashmir,0.506,0.0642,Normal,3823.5,Lac
Handmade Jewellery,Handmade Earrings,365.01,6,Srikalahasti,Andhra Pradesh,0.836,0.129,Normal,2250.12,Terracotta
Metal Crafts,Brassware,1397.63,5,Bastar,Chhattisgarh,0.51,-0.0192,Monsoon,6022.45,Brass
Leather & Traditional Craft,Traditional Leather Craft,932.27,7,Raghurajpur,Odisha,0.513,0.0778,Normal,5934.46,Leather
Embroidery & Needlecraft,Patchwork Product,494.7,3,Channapatna,Karnataka,0.654,0.043,Wedding,2999.12,Linen
Handmade Home Décor,Showpiece,218.44,1,Assam,Assam,0.651,0.1228,Normal,2696.74,Clay
Metal Crafts,Lamp,1060.59,6,Channapatna,Karnataka,0.964,0.118,Winter,4033.08,Brass
Paintings & Art,Kalamkari,212.51,7,Pochampally,Telangana,0.798,-0.0711,Normal,2656.07,Natural Dye
Embroidery & Needlecraft,Patchwork Product,396.46,2,Bhubaneswar,Odisha,0.73,-0.0256,Summer,2311.57,Linen
Leather & Traditional Craft,Traditional Leather Craft,716.94,8,Moradabad,Uttar Pradesh,0.516,-0.0258,Festival,3612.03,Leather
Pottery & Terracotta,Decorative Pot,92.68,3,Narsapur,Andhra Pradesh,0.762,0.0674,Festival,2074.38,Clay
Handmade Jewellery,Necklace,585.73,4,Narsapur,Andhra Pradesh,0.438,-0.0049,Festival,3600.71,Brass
Handmade Jewellery,Tribal Jewellery,1049.34,3,Srikalahasti,Andhra Pradesh,0.561,0.0764,Monsoon,2803.95,Silver
Embroidery & Needlecraft,Wall Hanging,387.55,3,Srinagar,Jammu and Kashmir,0.872,0.0078,Normal,3895.44,Wool
Metal Crafts,Metal Sculpture,1219.61,3,Kolkata,West Bengal,0.588,0.1589,Normal,6470.67,Brass
Embroidery & Needlecraft,Cushion Cover,201.98,2,Thanjavur,Tamil Nadu,0.594,0.1004,Normal,3052.43,Cotton
Handloom & Textiles,Handwoven Bag,250.64,4,Kashmir,Jammu and Kashmir,0.704,0.2441,Normal,3299.19,Cotton
Leather & Traditional Craft,Wallet,896.63,1,Srinagar,Jammu and Kashmir,0.683,0.0579,Normal,2290.37,Leather
Natural / Eco-friendly Crafts,Banana-fibre Product,176.79,4,Srinagar,Jammu and Kashmir,0.542,0.002,Festival,1743.77,Banana Fibre
Handmade Home Décor,Showpiece,258.66,4,Jaipur,Rajasthan,0.386,0.0912,Normal,2861.08,Metal
Ceramics,Decorative Piece,301.42,4,Etikoppaka,Andhra Pradesh,0.6,0.0985,Winter,2085.08,Ceramic
Natural / Eco-friendly Crafts,Banana-fibre Product,30.0,2,Bastar,Chhattisgarh,0.592,0.0017,Normal,1796.22,Banana Fibre
Handmade Bags & Accessories,Wallet,544.68,3,Thanjavur,Tamil Nadu,0.469,0.0054,Normal,3020.65,Leather
Pottery & Terracotta,Sculpture,61.7,2,Moradabad,Uttar Pradesh,0.883,-0.1088,Wedding,1927.24,Clay
Woodcraft,Decorative Panel,161.14,9,Narsapur,Andhra Pradesh,0.808,-0.1376,Normal,3935.43,Wood
Handmade Jewellery,Necklace,488.06,5,Jaipur,Rajasthan,0.599,0.0578,Summer,3362.02,Beads
Handmade Jewellery,Wooden Jewellery,480.68,4,Srikalahasti,Andhra Pradesh,0.58,-0.0759,Normal,2619.22,Wood
Handmade Jewellery,Handmade Earrings,509.98,3,Srinagar,Jammu and Kashmir,0.619,-0.0566,Normal,3392.68,Lac
Pottery & Terracotta,Diya,30.0,2,Assam,Assam,0.722,0.0313,Normal,1251.2,Terracotta
Embroidery & Needlecraft,Wall Hanging,639.18,8,Pochampally,Telangana,0.535,0.144,Normal,2473.6,Wool
Ceramics,Home Décor,419.37,3,Etikoppaka,Andhra Pradesh,0.712,-0.0104,Summer,1794.09,Porcelain
Handmade Home Décor,Handmade Clock,358.63,6,Kolkata,West Bengal,0.818,0.0984,Wedding,4465.24,Wood
Natural / Eco-friendly Crafts,Natural-fibre Basket,41.65,2,Narsapur,Andhra Pradesh,0.613,0.111,Normal,2147.67,Palm Leaf
Handloom & Textiles,Fabric,125.53,4,Assam,Assam,0.442,0.2222,Wedding,2235.53,Jute
Paintings & Art,Folk Painting,550.0,6,Srikalahasti,Andhra Pradesh,0.505,0.0629,Normal,2957.47,Watercolour
Handmade Toys,Handmade Game,190.74,5,Moradabad,Uttar Pradesh,0.79,0.2328,Normal,1436.83,Wood
Woodcraft,Wall Décor,829.18,6,Jaipur,Rajasthan,0.648,0.0938,Normal,3790.31,Wood
Woodcraft,Box,452.75,7,Etikoppaka,Andhra Pradesh,0.11,0.3,Winter,2420.2,Wood
Handmade Toys,Stuffed Toy,85.96,5,Thanjavur,Tamil Nadu,0.467,-0.0759,Normal,968.21,Jute
Handmade Home Décor,Table Décor,299.42,4,Etikoppaka,Andhra Pradesh,0.65,0.0269,Normal,1596.35,Ceramic
Handmade Bags & Accessories,Backpack,301.31,3,Bastar,Chhattisgarh,0.476,-0.0184,Normal,1319.14,Canvas
Leather & Traditional Craft,Traditional Leather Craft,645.33,5,Kondapalli,Andhra Pradesh,0.323,0.0629,Normal,2644.73,Leather
Handloom & Textiles,Handwoven Bag,300.92,7,Bhubaneswar,Odisha,0.729,0.0885,Normal,2220.52,Cotton
Paintings & Art,Warli Painting,337.27,4,Srikalahasti,Andhra Pradesh,0.467,0.2087,Festival,2820.66,Watercolour
Natural / Eco-friendly Crafts,Handmade Paper Product,98.82,2,Narsapur,Andhra Pradesh,0.436,-0.0447,Normal,1654.9,Handmade Paper
Metal Crafts,Utensil,1059.89,9,Kondapalli,Andhra Pradesh,0.818,0.0227,Wedding,6797.71,Copper
Paintings & Art,Madhubani Painting,244.44,6,Moradabad,Uttar Pradesh,0.738,0.1635,Festival,2461.67,Natural Pigment
Handloom & Textiles,Rug,195.62,2,Madhubani,Bihar,0.605,0.1533,Summer,1958.88,Cotton
Paintings & Art,Sketch,225.55,5,Channapatna,Karnataka,0.716,-0.0619,Monsoon,2388.84,Charcoal
Handmade Toys,Cloth Doll,247.43,1,Khurja,Uttar Pradesh,0.803,0.0053,Festival,1691.74,Wool
Woodcraft,Wooden Toy,536.73,6,Bastar,Chhattisgarh,0.588,0.0689,Normal,2086.38,Wood
Handmade Bags & Accessories,Pouch,197.99,6,Kutch,Gujarat,0.692,-0.1472,Normal,2127.49,Cotton
Leather & Traditional Craft,Traditional Leather Craft,1018.28,1,Pochampally,Telangana,0.56,-0.0031,Winter,4352.63,Leather
Leather & Traditional Craft,Leather Bag,679.03,10,Kashmir,Jammu and Kashmir,0.532,0.1358,Wedding,5870.5,Leather
Natural / Eco-friendly Crafts,Natural-fibre Basket,189.58,3,Etikoppaka,Andhra Pradesh,0.894,-0.0985,Winter,2023.4,Coir
Natural / Eco-friendly Crafts,Handmade Paper Product,183.82,3,Khurja,Uttar Pradesh,0.296,-0.13,Normal,896.66,Handmade Paper
Leather & Traditional Craft,Leather Bag,830.26,6,Kutch,Gujarat,0.427,0.1355,Summer,4105.1,Leather
Natural / Eco-friendly Crafts,Coir Product,187.18,2,Channapatna,Karnataka,0.807,0.092,Festival,2090.28,Coir
Handmade Home Décor,Dreamcatcher,412.53,6,Bhubaneswar,Odisha,0.485,-0.0134,Normal,3582.31,Cotton
Pottery & Terracotta,Clay Pot,123.56,2,Jaipur,Rajasthan,0.603,-0.0064,Wedding,1803.57,Terracotta
Handmade Toys,Stuffed Toy,215.06,4,Bhubaneswar,Odisha,0.75,-0.0126,Festival,1537.95,Wool
Handmade Jewellery,Lac Jewellery,299.26,1,Khurja,Uttar Pradesh,0.77,0.1531,Wedding,4202.06,Lac
Pottery & Terracotta,Vase,121.71,3,Srikalahasti,Andhra Pradesh,0.823,-0.0945,Normal,1286.31,Clay
Metal Crafts,Brassware,1080.23,5,Kondapalli,Andhra Pradesh,0.6,0.1072,Winter,5198.71,Brass
"Bamboo, Cane & Natural Fibre",Decorative Item,54.53,3,Thanjavur,Tamil Nadu,0.495,-0.0152,Festival,1785.84,Palm Leaf
Leather & Traditional Craft,Belt,964.07,8,Srinagar,Jammu and Kashmir,0.597,0.049,Normal,4597.46,Leather
Paintings & Art,Madhubani Painting,321.74,9,Channapatna,Karnataka,0.927,0.0249,Monsoon,1819.24,Acrylic
Pottery & Terracotta,Decorative Pot,30.0,1,Raghurajpur,Odisha,0.822,0.0228,Normal,1419.26,Terracotta
Handloom & Textiles,Towel,271.3,10,Assam,Assam,0.823,0.1068,Winter,2945.24,Cotton
Ceramics,Home Décor,133.56,2,Kutch,Gujarat,0.789,0.0982,Normal,1739.16,Ceramic
Pottery & Terracotta,Kitchenware,118.53,1,Assam,Assam,0.743,0.0166,Normal,1909.56,Clay
Paintings & Art,Pattachitra,231.45,8,Assam,Assam,0.573,0.0216,Normal,2895.14,Natural Pigment
Paintings & Art,Phad Painting,133.51,5,Bastar,Chhattisgarh,0.416,0.0857,Wedding,3122.05,Watercolour
Ceramics,Ceramic Jewellery,181.91,3,Pochampally,Telangana,0.766,0.0128,Normal,1413.19,Porcelain
Paintings & Art,Handmade Wall Art,407.53,6,Khurja,Uttar Pradesh,0.368,0.2432,Normal,2253.19,Wood
"Bamboo, Cane & Natural Fibre",Lampshade,149.52,3,Srinagar,Jammu and Kashmir,0.546,-0.0023,Normal,1422.37,Cane
Leather & Traditional Craft,Footwear,927.58,4,Khurja,Uttar Pradesh,0.479,0.147,Monsoon,4179.76,Leather
Ceramics,Home Décor,91.44,3,Kashmir,Jammu and Kashmir,0.717,0.0559,Festival,1872.86,Ceramic
Handmade Bags & Accessories,Backpack,149.95,1,Pochampally,Telangana,0.608,-0.0159,Monsoon,2172.41,Canvas
"Bamboo, Cane & Natural Fibre",Decorative Item,171.22,2,Khurja,Uttar Pradesh,0.552,0.0342,Festival,1133.1,Palm Leaf
Pottery & Terracotta,Diya,47.04,1,Kashmir,Jammu and Kashmir,0.744,0.1812,Normal,1571.09,Terracotta
Handmade Toys,Stuffed Toy,162.9,4,Kashmir,Jammu and Kashmir,0.313,0.1343,Normal,1075.24,Cotton
Handloom & Textiles,Traditional Garment,410.04,10,Kutch,Gujarat,0.488,0.2476,Winter,3924.84,Wool
Woodcraft,Kitchenware,511.51,5,Jaipur,Rajasthan,0.872,-0.0044,Wedding,2708.23,Wood
Handmade Home Décor,Decorative Box,274.77,5,Kashmir,Jammu and Kashmir,0.767,0.0187,Festival,2925.98,Cane
Leather & Traditional Craft,Traditional Leather Craft,752.59,5,Khurja,Uttar Pradesh,0.454,-0.026,Normal,3914.59,Leather
Pottery & Terracotta,Terracotta Figurine,144.35,4,Narsapur,Andhra Pradesh,0.413,0.1943,Festival,1886.52,Terracotta
Ceramics,Mug,56.11,2,Saharanpur,Uttar Pradesh,0.513,0.0123,Wedding,1383.27,Ceramic
Natural / Eco-friendly Crafts,Coir Product,43.53,2,Narsapur,Andhra Pradesh,0.889,0.041,Normal,1671.3,Coir
Woodcraft,Wooden Jewellery,541.83,3,Narsapur,Andhra Pradesh,0.473,0.0401,Festival,2943.74,Wood
Leather & Traditional Craft,Wallet,931.51,5,Bhubaneswar,Odisha,0.663,-0.065,Monsoon,5651.16,Leather
Handmade Jewellery,Handmade Earrings,300.83,6,Kondapalli,Andhra Pradesh,0.638,0.0362,Normal,2345.94,Terracotta
Handmade Bags & Accessories,Basket,163.73,1,Narsapur,Andhra Pradesh,0.412,-0.0181,Winter,1894.84,Jute
Handmade Home Décor,Showpiece,480.83,4,Jaipur,Rajasthan,0.837,-0.0099,Festival,3963.29,Metal
Natural / Eco-friendly Crafts,Jute Product,79.62,3,Srikalahasti,Andhra Pradesh,0.528,0.0418,Normal,925.91,Jute
Handmade Home Décor,Dreamcatcher,185.46,3,Madhubani,Bihar,0.512,0.1565,Normal,1193.16,Jute
Handloom & Textiles,Durrie,303.62,11,Srikalahasti,Andhra Pradesh,0.984,0.0121,Winter,3631.0,Cotton
Handloom & Textiles,Carpet,155.86,4,Jaipur,Rajasthan,0.448,-0.0072,Festival,3208.53,Cotton
Handmade Bags & Accessories,Wallet,224.38,4,Kutch,Gujarat,0.798,0.1237,Wedding,2844.83,Jute
Woodcraft,Kitchenware,459.69,9,Thanjavur,Tamil Nadu,0.283,0.0181,Normal,2827.61,Wood
Handmade Home Décor,Decorative Box,434.14,4,Kondapalli,Andhra Pradesh,0.694,0.0054,Normal,3485.97,Bamboo
Metal Crafts,Copperware,1179.71,1,Etikoppaka,Andhra Pradesh,0.483,-0.0622,Normal,5883.83,Copper
Handmade Toys,Wooden Toy,215.77,4,Narsapur,Andhra Pradesh,0.944,0.0117,Normal,2248.78,Wood
Embroidery & Needlecraft,Cushion Cover,581.57,8,Bastar,Chhattisgarh,0.867,0.0587,Festival,4541.68,Linen
Leather & Traditional Craft,Wallet,861.12,6,Bhubaneswar,Odisha,0.281,0.1723,Normal,5012.36,Leather
Metal Crafts,Decorative Item,1263.17,5,Moradabad,Uttar Pradesh,0.649,0.1032,Normal,3963.51,Brass
Embroidery & Needlecraft,Embroidered Clothing,589.0,9,Channapatna,Karnataka,0.431,0.1921,Winter,2364.62,Silk
Handmade Home Décor,Wall Hanging,299.59,3,Bastar,Chhattisgarh,0.484,0.1017,Normal,2429.84,Wood
"Bamboo, Cane & Natural Fibre",Lampshade,206.76,6,Thanjavur,Tamil Nadu,0.543,0.1519,Monsoon,2347.52,Cane
Handmade Toys,Handmade Game,172.14,3,Etikoppaka,Andhra Pradesh,0.512,0.1276,Normal,1485.95,Paper
Pottery & Terracotta,Clay Pot,136.03,4,Saharanpur,Uttar Pradesh,0.563,0.0244,Festival,1004.26,Clay
Woodcraft,Tray,474.35,5,Kutch,Gujarat,0.646,0.1185,Normal,2424.66,Wood
"Bamboo, Cane & Natural Fibre",Tray,208.11,6,Bhubaneswar,Odisha,0.483,0.0631,Normal,2163.69,Cane
Handmade Bags & Accessories,Accessories,428.27,4,Kashmir,Jammu and Kashmir,0.623,-0.0906,Festival,2861.8,Cotton
Handloom & Textiles,Bedsheet,345.0,14,Madhubani,Bihar,0.451,0.029,Summer,3437.06,Cotton
Embroidery & Needlecraft,Table Runner,784.85,3,Jaipur,Rajasthan,0.735,-0.0999,Festival,3487.52,Silk
Handmade Home Décor,Handmade Clock,251.59,1,Jaipur,Rajasthan,0.984,-0.0702,Normal,3280.4,Wood
Natural / Eco-friendly Crafts,Palm-leaf Product,68.73,4,Bastar,Chhattisgarh,0.662,-0.0208,Wedding,2300.58,Palm Leaf
Handmade Toys,Stuffed Toy,159.84,2,Madhubani,Bihar,0.6,-0.0446,Festival,1367.29,Wool
Woodcraft,Wooden Jewellery,323.76,4,Etikoppaka,Andhra Pradesh,0.713,0.0854,Summer,3907.85,Wood
Handmade Bags & Accessories,Handbag,184.05,3,Thanjavur,Tamil Nadu,0.552,0.1191,Normal,1082.17,Jute
Woodcraft,Wooden Toy,1037.55,6,Srinagar,Jammu and Kashmir,0.253,0.0639,Festival,3438.41,Wood
Ceramics,Plate,240.42,2,Kutch,Gujarat,0.833,0.1759,Normal,1643.16,Stoneware
Metal Crafts,Decorative Item,1309.42,5,Srikalahasti,Andhra Pradesh,0.688,0.2094,Winter,6175.77,Brass
Handmade Toys,Educational Toy,140.89,2,Thanjavur,Tamil Nadu,0.763,-0.068,Festival,1572.67,Cotton
Natural / Eco-friendly Crafts,Coir Product,113.62,2,Kolkata,West Bengal,0.667,0.1368,Normal,1695.93,Coir
"Bamboo, Cane & Natural Fibre",Household Product,305.04,2,Jaipur,Rajasthan,0.826,-0.0822,Festival,2931.17,Cane
Handmade Toys,Traditional Toy,54.83,3,Madhubani,Bihar,0.794,-0.0061,Summer,1238.51,Clay
Embroidery & Needlecraft,Patchwork Product,436.18,7,Madhubani,Bihar,0.698,0.053,Monsoon,2755.09,Cotton
Ceramics,Plate,224.8,3,Bastar,Chhattisgarh,0.301,0.1317,Festival,1857.88,Stoneware
Metal Crafts,Copperware,1530.21,4,Kolkata,West Bengal,0.586,-0.072,Normal,6435.01,Copper
Ceramics,Cup,366.58,2,Bastar,Chhattisgarh,0.525,0.1719,Summer,1740.69,Stoneware
Embroidery & Needlecraft,Table Runner,297.15,4,Pochampally,Telangana,0.448,-0.0477,Normal,1671.44,Cotton
Handmade Toys,Wooden Toy,328.54,5,Kashmir,Jammu and Kashmir,0.556,-0.0307,Festival,2486.92,Wood
"Bamboo, Cane & Natural Fibre",Bottle/Container,334.42,2,Kondapalli,Andhra Pradesh,0.425,-0.026,Monsoon,1071.86,Cane
Handmade Home Décor,Table Décor,384.08,7,Bhubaneswar,Odisha,0.262,0.1609,Monsoon,2817.97,Wood
Handmade Toys,Cloth Doll,268.75,3,Khurja,Uttar Pradesh,0.71,0.0641,Normal,2042.91,Cotton
Handmade Jewellery,Tribal Jewellery,893.37,4,Bhubaneswar,Odisha,0.799,0.0125,Summer,3541.83,Silver
Paintings & Art,Sketch,225.23,4,Narsapur,Andhra Pradesh,0.506,-0.0301,Wedding,2704.0,Graphite
Leather & Traditional Craft,Leather Bag,1032.63,4,Saharanpur,Uttar Pradesh,0.65,0.0693,Winter,4472.09,Leather
Ceramics,Vase,293.06,3,Thanjavur,Tamil Nadu,0.597,-0.1013,Winter,1665.89,Stoneware
Leather & Traditional Craft,Decorative Leather Product,820.68,4,Channapatna,Karnataka,0.578,0.122,Monsoon,3516.37,Leather
Handmade Bags & Accessories,Basket,310.62,4,Channapatna,Karnataka,0.785,-0.1269,Wedding,2900.11,Cane
Pottery & Terracotta,Planter,128.34,3,Kolkata,West Bengal,0.691,0.1936,Normal,1298.55,Clay
Handmade Bags & Accessories,Handmade Belt,681.64,4,Assam,Assam,0.9,-0.011,Monsoon,2945.92,Leather
Metal Crafts,Utensil,1229.44,6,Madhubani,Bihar,0.645,-0.0516,Winter,7648.94,Brass
Metal Crafts,Brassware,1211.45,6,Moradabad,Uttar Pradesh,0.33,0.0329,Normal,5833.39,Brass
Leather & Traditional Craft,Leather Bag,983.39,5,Srikalahasti,Andhra Pradesh,0.576,0.1599,Normal,4327.98,Leather
Woodcraft,Box,489.32,10,Khurja,Uttar Pradesh,0.281,-0.0935,Monsoon,3145.62,Wood
Paintings & Art,Miniature Painting,66.16,4,Bastar,Chhattisgarh,0.522,-0.0007,Normal,1854.97,Watercolour
Natural / Eco-friendly Crafts,Handmade Paper Product,199.68,4,Kondapalli,Andhra Pradesh,0.772,-0.0126,Festival,1705.51,Handmade Paper
Handloom & Textiles,Saree,520.74,4,Thanjavur,Tamil Nadu,0.666,-0.0188,Wedding,3853.58,Linen
"Bamboo, Cane & Natural Fibre",Furniture,30.0,3,Bastar,Chhattisgarh,0.508,0.0369,Normal,1410.29,Bamboo
Metal Crafts,Metal Sculpture,1401.8,6,Kolkata,West Bengal,0.449,0.0815,Festival,8451.29,Bell Metal
Handloom & Textiles,Dress Material,124.04,6,Kashmir,Jammu and Kashmir,0.515,0.0656,Winter,1632.2,Cotton
Handmade Toys,Puppet,211.62,1,Pochampally,Telangana,0.842,-0.0154,Winter,1561.59,Cotton
Handmade Toys,Handmade Game,138.29,3,Kolkata,West Bengal,0.59,0.0905,Festival,2421.2,Cloth
Ceramics,Bowl,237.41,2,Etikoppaka,Andhra Pradesh,0.764,0.078,Normal,1434.93,Ceramic
Paintings & Art,Gond Art,654.64,6,Etikoppaka,Andhra Pradesh,0.556,0.0928,Wedding,3781.59,Acrylic
"Bamboo, Cane & Natural Fibre",Bag,282.62,3,Moradabad,Uttar Pradesh,0.406,0.1257,Normal,1366.38,Bamboo
Metal Crafts,Brassware,1302.6,7,Thanjavur,Tamil Nadu,0.59,0.0314,Winter,8731.43,Brass
Paintings & Art,Miniature Painting,153.17,5,Madhubani,Bihar,0.67,0.0825,Normal,2890.82,Watercolour
Metal Crafts,Lamp,1376.31,4,Jaipur,Rajasthan,0.534,-0.0456,Wedding,4854.73,Brass
Handmade Bags & Accessories,Handbag,338.98,5,Srinagar,Jammu and Kashmir,0.503,0.092,Winter,2875.07,Jute
Paintings & Art,Handmade Wall Art,328.52,7,Bhubaneswar,Odisha,0.695,-0.0782,Normal,3069.7,Canvas
Woodcraft,Kitchenware,627.58,5,Srinagar,Jammu and Kashmir,0.238,0.0793,Normal,3425.04,Wood
Pottery & Terracotta,Sculpture,68.44,4,Thanjavur,Tamil Nadu,0.757,0.0955,Monsoon,1839.53,Clay
Handmade Home Décor,Dreamcatcher,176.27,3,Kondapalli,Andhra Pradesh,0.911,-0.0054,Normal,1587.51,Jute
Natural / Eco-friendly Crafts,Banana-fibre Product,252.06,2,Bhubaneswar,Odisha,0.279,0.0196,Festival,1785.4,Banana Fibre
Embroidery & Needlecraft,Embroidered Clothing,554.17,6,Raghurajpur,Odisha,0.845,-0.0772,Normal,3744.8,Silk
Natural / Eco-friendly Crafts,Banana-fibre Product,195.78,3,Bastar,Chhattisgarh,0.61,0.0251,Monsoon,1114.34,Banana Fibre
Handloom & Textiles,Traditional Garment,492.0,5,Khurja,Uttar Pradesh,0.705,-0.022,Monsoon,1692.7,Cotton
Woodcraft,Kitchenware,481.47,5,Assam,Assam,0.785,0.1753,Summer,4555.05,Wood
Paintings & Art,Gond Art,30.0,7,Bastar,Chhattisgarh,0.838,0.1798,Wedding,1946.18,Natural Pigment
Pottery & Terracotta,Clay Lamp,104.72,3,Kondapalli,Andhra Pradesh,0.505,0.1866,Normal,1428.69,Terracotta
Pottery & Terracotta,Decorative Pot,143.85,1,Kutch,Gujarat,0.909,0.143,Winter,1554.17,Clay
Natural / Eco-friendly Crafts,Coir Product,190.57,4,Saharanpur,Uttar Pradesh,0.779,0.0339,Normal,1402.49,Coir
Handmade Home Décor,Handmade Clock,469.71,3,Thanjavur,Tamil Nadu,0.675,0.041,Monsoon,2367.18,Bamboo
Woodcraft,Tray,595.76,7,Narsapur,Andhra Pradesh,0.535,0.0467,Summer,3581.26,Wood
Paintings & Art,Miniature Painting,209.93,6,Assam,Assam,0.603,-0.1014,Normal,2584.9,Watercolour
Natural / Eco-friendly Crafts,Coir Product,132.75,3,Khurja,Uttar Pradesh,0.913,0.2127,Wedding,2298.31,Coir
Handloom & Textiles,Saree,459.82,11,Bastar,Chhattisgarh,0.756,0.1397,Monsoon,4213.07,Cotton
Handmade Toys,Educational Toy,149.68,2,Madhubani,Bihar,0.547,-0.111,Festival,1214.69,Cotton
Woodcraft,Decorative Panel,515.61,6,Thanjavur,Tamil Nadu,0.77,0.0528,Festival,5225.94,Wood
"Bamboo, Cane & Natural Fibre",Tray,186.81,6,Kondapalli,Andhra Pradesh,0.846,-0.0332,Normal,2010.7,Cane
Handmade Jewellery,Beaded Jewellery,262.93,5,Bastar,Chhattisgarh,0.697,0.0961,Festival,1525.61,Seed Beads
Leather & Traditional Craft,Belt,792.18,4,Etikoppaka,Andhra Pradesh,0.362,-0.0325,Winter,2306.13,Leather
Metal Crafts,Brassware,1566.85,7,Pochampally,Telangana,0.425,-0.0891,Winter,4017.18,Brass
"Bamboo, Cane & Natural Fibre",Tray,183.48,5,Narsapur,Andhra Pradesh,0.707,0.0987,Monsoon,2337.68,Cane
Leather & Traditional Craft,Wallet,762.35,2,Saharanpur,Uttar Pradesh,0.786,0.0913,Normal,3329.83,Leather
Pottery & Terracotta,Clay Pot,30.0,2,Assam,Assam,0.786,-0.0928,Normal,1802.61,Clay
Handloom & Textiles,Carpet,227.02,2,Jaipur,Rajasthan,0.828,0.1298,Normal,1794.83,Jute
Handmade Jewellery,Tribal Jewellery,190.92,1,Madhubani,Bihar,0.368,0.0853,Summer,1404.42,Beads
Woodcraft,Wooden Toy,456.69,10,Narsapur,Andhra Pradesh,0.243,0.0349,Normal,2925.12,Wood
Handmade Toys,Cloth Doll,296.11,4,Jaipur,Rajasthan,0.651,-0.0183,Festival,2673.7,Wool
Natural / Eco-friendly Crafts,Natural-fibre Basket,30.0,4,Channapatna,Karnataka,0.68,0.0282,Monsoon,1749.12,Jute
Embroidery & Needlecraft,Quilt,242.59,6,Kashmir,Jammu and Kashmir,0.451,-0.129,Festival,2966.45,Cotton
Pottery & Terracotta,Clay Lamp,110.33,2,Etikoppaka,Andhra Pradesh,0.386,-0.0653,Normal,966.65,Terracotta
Handmade Toys,Cloth Doll,187.0,2,Kondapalli,Andhra Pradesh,0.574,0.0261,Normal,1207.24,Cotton
Ceramics,Plate,301.47,2,Kashmir,Jammu and Kashmir,0.641,0.1945,Normal,2000.92,Stoneware
"Bamboo, Cane & Natural Fibre",Mat,160.72,6,Srinagar,Jammu and Kashmir,0.692,0.0628,Normal,2323.96,Cane
Handmade Bags & Accessories,Handbag,304.92,6,Kondapalli,Andhra Pradesh,0.582,-0.035,Winter,2402.61,Leather
Handmade Toys,Puppet,373.83,1,Raghurajpur,Odisha,0.6,-0.0492,Normal,2056.24,Leather
"Bamboo, Cane & Natural Fibre",Bottle/Container,109.96,5,Srikalahasti,Andhra Pradesh,0.791,0.1332,Normal,2256.81,Cane
"Bamboo, Cane & Natural Fibre",Furniture,261.47,2,Kondapalli,Andhra Pradesh,0.535,0.0108,Normal,1375.64,Cane
Metal Crafts,Bell-metal Product,1211.22,7,Bastar,Chhattisgarh,0.752,0.1603,Wedding,7574.11,Bell Metal
Handmade Jewellery,Handmade Earrings,640.74,3,Thanjavur,Tamil Nadu,0.321,0.0329,Wedding,2422.02,Lac
Handmade Home Décor,Dreamcatcher,331.5,5,Bastar,Chhattisgarh,0.598,-0.0636,Normal,3273.41,Jute
Handmade Bags & Accessories,Backpack,110.91,4,Kutch,Gujarat,0.662,0.2064,Summer,2504.7,Cotton
Handmade Bags & Accessories,Handbag,162.9,3,Srikalahasti,Andhra Pradesh,0.366,-0.0144,Wedding,2217.39,Jute
"Bamboo, Cane & Natural Fibre",Tray,447.74,5,Kashmir,Jammu and Kashmir,0.653,0.0607,Wedding,2094.44,Cane
Handmade Toys,Wooden Toy,343.21,4,Srinagar,Jammu and Kashmir,0.764,-0.0303,Normal,1775.33,Wood
Natural / Eco-friendly Crafts,Natural-fibre Basket,136.83,3,Khurja,Uttar Pradesh,0.625,-0.0118,Summer,1392.56,Jute
Embroidery & Needlecraft,Table Runner,302.25,8,Jaipur,Rajasthan,0.688,0.1127,Normal,1683.76,Cotton
Handmade Jewellery,Terracotta Jewellery,378.7,4,Etikoppaka,Andhra Pradesh,0.733,-0.0442,Wedding,4316.33,Terracotta
Handloom & Textiles,Fabric,695.23,11,Kondapalli,Andhra Pradesh,0.714,0.1618,Normal,3085.72,Linen
Leather & Traditional Craft,Belt,534.51,4,Srikalahasti,Andhra Pradesh,0.581,0.0999,Normal,3819.21,Leather
"Bamboo, Cane & Natural Fibre",Bag,164.6,5,Saharanpur,Uttar Pradesh,0.247,0.0482,Normal,1406.94,Jute
Handmade Home Décor,Showpiece,131.46,3,Channapatna,Karnataka,0.541,-0.0544,Normal,2553.55,Metal
Handmade Toys,Educational Toy,185.38,6,Saharanpur,Uttar Pradesh,0.721,-0.1384,Festival,1729.32,Cotton
Handloom & Textiles,Durrie,360.78,9,Srinagar,Jammu and Kashmir,0.806,0.0476,Summer,4530.18,Cotton
Handloom & Textiles,Dress Material,714.77,7,Assam,Assam,0.894,-0.0416,Winter,4649.28,Silk
Handmade Home Décor,Showpiece,309.75,4,Etikoppaka,Andhra Pradesh,0.492,-0.0308,Festival,2792.71,Metal
Paintings & Art,Warli Painting,303.69,10,Narsapur,Andhra Pradesh,0.663,0.0437,Summer,3709.24,Watercolour
Woodcraft,Furniture,716.78,5,Narsapur,Andhra Pradesh,0.694,0.0152,Summer,4241.68,Mango Wood
Metal Crafts,Jewellery,711.52,6,Saharanpur,Uttar Pradesh,0.828,0.174,Normal,5580.56,Brass
Natural / Eco-friendly Crafts,Jute Product,32.41,3,Khurja,Uttar Pradesh,0.461,-0.0412,Summer,1631.17,Jute
Ceramics,Cup,221.03,2,Bastar,Chhattisgarh,0.358,0.0767,Summer,1780.48,Ceramic
Handmade Home Décor,Handmade Clock,622.67,4,Etikoppaka,Andhra Pradesh,0.779,-0.1231,Normal,4510.56,Wood
Handmade Bags & Accessories,Backpack,453.21,3,Bhubaneswar,Odisha,0.692,0.1802,Festival,3089.25,Leather
Leather & Traditional Craft,Wallet,1014.98,8,Pochampally,Telangana,0.637,0.0012,Normal,4615.03,Leather
Ceramics,Vase,119.2,3,Srikalahasti,Andhra Pradesh,0.524,0.0448,Wedding,1218.91,Stoneware
Ceramics,Vase,200.57,5,Channapatna,Karnataka,0.646,0.0769,Normal,1668.64,Ceramic
Handmade Jewellery,Terracotta Jewellery,99.81,4,Srinagar,Jammu and Kashmir,0.661,0.0382,Normal,2027.96,Terracotta
Handmade Home Décor,Lamp,165.41,3,Pochampally,Telangana,0.493,0.0766,Monsoon,2448.76,Wood
"Bamboo, Cane & Natural Fibre",Basket,277.36,5,Assam,Assam,0.314,0.0579,Festival,2903.77,Cane
Pottery & Terracotta,Terracotta Jewellery,59.35,3,Srikalahasti,Andhra Pradesh,0.861,0.1128,Festival,1958.0,Terracotta
Pottery & Terracotta,Terracotta Jewellery,62.54,2,Kutch,Gujarat,0.551,0.1112,Normal,1407.28,Terracotta
Handmade Bags & Accessories,Backpack,310.4,4,Srikalahasti,Andhra Pradesh,0.895,0.0285,Monsoon,2480.84,Canvas
Handmade Bags & Accessories,Wallet,340.75,4,Madhubani,Bihar,0.703,0.0728,Wedding,2739.27,Leather
Natural / Eco-friendly Crafts,Natural-fibre Basket,169.0,2,Kondapalli,Andhra Pradesh,0.812,0.0308,Summer,1974.49,Jute
Handmade Home Décor,Sculpture,118.54,5,Kolkata,West Bengal,0.559,0.0274,Normal,897.46,Clay
Natural / Eco-friendly Crafts,Jute Product,189.99,4,Kutch,Gujarat,0.615,-0.1338,Normal,1397.23,Jute
Pottery & Terracotta,Planter,76.53,2,Jaipur,Rajasthan,0.469,0.149,Wedding,1316.76,Clay
Paintings & Art,Kalamkari,291.93,11,Saharanpur,Uttar Pradesh,0.654,0.094,Winter,1936.24,Cotton
Handloom & Textiles,Rug,585.41,10,Saharanpur,Uttar Pradesh,0.477,0.1419,Summer,2851.94,Wool
Ceramics,Home Décor,121.15,3,Assam,Assam,0.601,-0.0707,Monsoon,1730.8,Ceramic
Natural / Eco-friendly Crafts,Natural-fibre Basket,135.34,4,Kutch,Gujarat,0.291,0.205,Normal,1334.58,Jute
Pottery & Terracotta,Sculpture,30.0,2,Srinagar,Jammu and Kashmir,0.576,0.1164,Summer,1241.57,Clay
Handmade Bags & Accessories,Pouch,515.28,6,Saharanpur,Uttar Pradesh,0.814,-0.12,Normal,2074.52,Leather
Pottery & Terracotta,Sculpture,57.44,3,Assam,Assam,0.85,-0.1149,Normal,964.75,Terracotta
Handmade Bags & Accessories,Basket,239.69,1,Kolkata,West Bengal,0.586,0.1325,Normal,1185.33,Bamboo
Woodcraft,Box,719.29,7,Kashmir,Jammu and Kashmir,0.673,0.0815,Normal,3241.38,Wood
Leather & Traditional Craft,Wallet,697.35,5,Khurja,Uttar Pradesh,0.784,-0.0156,Summer,5238.31,Leather
Ceramics,Ceramic Jewellery,343.84,2,Thanjavur,Tamil Nadu,0.467,-0.0655,Festival,2401.02,Porcelain
Metal Crafts,Utensil,798.11,4,Pochampally,Telangana,0.6,0.1501,Normal,6785.9,Brass
Woodcraft,Furniture,670.06,6,Channapatna,Karnataka,0.654,0.1377,Summer,4497.34,Sheesham Wood
"Bamboo, Cane & Natural Fibre",Mat,222.42,4,Srikalahasti,Andhra Pradesh,0.692,0.1851,Wedding,1963.54,Bamboo
Woodcraft,Wooden Jewellery,571.22,8,Pochampally,Telangana,0.387,0.0744,Normal,4219.93,Wood
Handmade Home Décor,Mirror,321.58,6,Pochampally,Telangana,0.678,-0.0325,Wedding,2496.2,Bamboo
Handmade Home Décor,Candle,124.76,5,Bastar,Chhattisgarh,0.55,-0.0351,Winter,1954.38,Soy Wax
Embroidery & Needlecraft,Cushion Cover,505.65,8,Kutch,Gujarat,0.888,0.167,Festival,4217.96,Silk
Leather & Traditional Craft,Belt,734.67,8,Moradabad,Uttar Pradesh,0.403,0.0776,Normal,4013.04,Leather
Natural / Eco-friendly Crafts,Banana-fibre Product,143.25,2,Bastar,Chhattisgarh,0.507,-0.0514,Wedding,2120.48,Banana Fibre
Embroidery & Needlecraft,Table Runner,661.67,6,Etikoppaka,Andhra Pradesh,0.352,0.0489,Festival,3153.11,Silk
Ceramics,Home Décor,269.29,1,Kutch,Gujarat,0.551,-0.07,Winter,1209.18,Porcelain
Ceramics,Plate,175.88,2,Kutch,Gujarat,0.391,0.0611,Normal,1720.85,Stoneware
Handmade Jewellery,Handmade Earrings,343.62,4,Thanjavur,Tamil Nadu,0.688,0.0942,Normal,2070.41,Lac
Leather & Traditional Craft,Footwear,954.62,4,Etikoppaka,Andhra Pradesh,0.876,0.04,Winter,4762.75,Leather
Handmade Home Décor,Decorative Box,608.18,3,Khurja,Uttar Pradesh,0.577,0.0582,Normal,2880.65,Wood
Pottery & Terracotta,Clay Lamp,66.11,3,Kutch,Gujarat,0.682,-0.1089,Normal,1053.98,Terracotta
Handloom & Textiles,Dress Material,508.65,6,Kutch,Gujarat,0.759,-0.0459,Monsoon,2899.96,Silk
Metal Crafts,Bell-metal Product,1226.68,3,Channapatna,Karnataka,0.716,0.0748,Winter,3228.15,Bell Metal
Pottery & Terracotta,Vase,141.68,2,Moradabad,Uttar Pradesh,0.776,0.0667,Festival,1718.91,Terracotta
Ceramics,Home Décor,332.9,2,Srikalahasti,Andhra Pradesh,0.389,-0.0176,Festival,1814.51,Porcelain
Paintings & Art,Folk Painting,395.65,2,Thanjavur,Tamil Nadu,0.884,0.0032,Wedding,2650.8,Watercolour
Handmade Toys,Puppet,118.64,4,Channapatna,Karnataka,0.752,0.0271,Normal,1930.97,Cotton
Pottery & Terracotta,Kitchenware,112.87,3,Madhubani,Bihar,0.917,0.1269,Festival,2610.21,Clay
Embroidery & Needlecraft,Cushion Cover,582.53,4,Narsapur,Andhra Pradesh,0.766,0.0875,Festival,4173.79,Silk
Leather & Traditional Craft,Leather Bag,1073.85,3,Saharanpur,Uttar Pradesh,0.71,0.1122,Festival,4086.46,Leather
Embroidery & Needlecraft,Embroidered Clothing,779.29,3,Saharanpur,Uttar Pradesh,0.566,-0.1131,Winter,3414.94,Silk
Leather & Traditional Craft,Leather Bag,742.69,6,Kondapalli,Andhra Pradesh,0.49,0.1001,Normal,4023.84,Leather
Ceramics,Vase,226.99,3,Saharanpur,Uttar Pradesh,0.481,-0.0899,Normal,1581.34,Stoneware
"Bamboo, Cane & Natural Fibre",Furniture,187.39,4,Kondapalli,Andhra Pradesh,0.457,0.1061,Normal,1843.0,Cane
Natural / Eco-friendly Crafts,Palm-leaf Product,30.0,3,Etikoppaka,Andhra Pradesh,0.592,0.0925,Monsoon,1986.6,Palm Leaf
Handmade Toys,Educational Toy,400.43,2,Etikoppaka,Andhra Pradesh,0.638,0.0824,Normal,1526.39,Wood
Leather & Traditional Craft,Footwear,880.75,6,Jaipur,Rajasthan,0.446,0.0068,Summer,5250.19,Leather
Paintings & Art,Pattachitra,391.14,4,Kolkata,West Bengal,0.682,-0.1009,Summer,1706.47,Natural Pigment
Handmade Bags & Accessories,Backpack,456.98,4,Bastar,Chhattisgarh,0.817,0.0267,Wedding,3892.59,Leather
Paintings & Art,Warli Painting,201.75,4,Pochampally,Telangana,0.686,0.2075,Normal,2846.49,Watercolour
Leather & Traditional Craft,Traditional Leather Craft,852.01,8,Raghurajpur,Odisha,0.775,0.1598,Winter,4350.35,Leather
Woodcraft,Wooden Jewellery,192.34,9,Kashmir,Jammu and Kashmir,0.683,-0.0437,Winter,4352.52,Wood
Ceramics,Mug,203.87,3,Kondapalli,Andhra Pradesh,0.793,0.0683,Normal,1638.28,Ceramic
Handmade Toys,Handmade Game,162.03,2,Narsapur,Andhra Pradesh,0.856,0.0419,Summer,2104.42,Wood
Paintings & Art,Pattachitra,166.55,7,Madhubani,Bihar,0.507,-0.0229,Normal,1896.17,Handmade Paper
Handmade Home Décor,Wall Hanging,230.59,2,Kutch,Gujarat,0.789,0.0431,Summer,2211.55,Jute
Ceramics,Vase,208.8,4,Kashmir,Jammu and Kashmir,0.676,0.1736,Normal,2043.19,Stoneware
Handmade Jewellery,Terracotta Jewellery,57.91,5,Bastar,Chhattisgarh,0.847,0.1483,Normal,1499.36,Terracotta
Handloom & Textiles,Stole,751.73,10,Bhubaneswar,Odisha,0.816,-0.0541,Festival,3034.75,Silk
Handmade Home Décor,Mirror,294.73,4,Channapatna,Karnataka,0.974,-0.085,Normal,2662.84,Bamboo
Handmade Jewellery,Terracotta Jewellery,289.02,1,Kolkata,West Bengal,0.745,-0.1011,Monsoon,2542.83,Terracotta
Handmade Home Décor,Candle,200.22,6,Moradabad,Uttar Pradesh,0.437,0.0999,Normal,2181.32,Soy Wax
Handmade Home Décor,Showpiece,121.38,2,Etikoppaka,Andhra Pradesh,0.691,0.1841,Monsoon,2811.45,Clay
Natural / Eco-friendly Crafts,Jute Product,112.46,2,Kutch,Gujarat,0.832,-0.0689,Normal,1764.36,Jute
Pottery & Terracotta,Terracotta Jewellery,86.26,2,Moradabad,Uttar Pradesh,0.69,0.1104,Monsoon,1966.02,Terracotta
Pottery & Terracotta,Terracotta Figurine,45.93,3,Kolkata,West Bengal,0.469,0.1057,Normal,1167.64,Clay
Handmade Toys,Educational Toy,124.76,4,Kashmir,Jammu and Kashmir,0.871,0.0617,Normal,1623.43,Cotton
Paintings & Art,Miniature Painting,64.36,9,Kutch,Gujarat,0.6,-0.0727,Normal,1121.95,Natural Pigment
Paintings & Art,Folk Painting,385.22,7,Saharanpur,Uttar Pradesh,0.79,0.0046,Normal,2364.16,Acrylic
Handloom & Textiles,Shawl,332.86,7,Etikoppaka,Andhra Pradesh,0.475,0.0066,Festival,3628.36,Cotton
Pottery & Terracotta,Vase,140.3,1,Srinagar,Jammu and Kashmir,0.545,0.1172,Festival,1197.32,Clay
Ceramics,Vase,216.07,3,Kondapalli,Andhra Pradesh,0.528,0.1713,Normal,2290.19,Ceramic
Ceramics,Vase,166.13,2,Narsapur,Andhra Pradesh,0.857,0.1169,Normal,1654.56,Stoneware
Embroidery & Needlecraft,Patchwork Product,628.13,6,Pochampally,Telangana,0.596,-0.0701,Monsoon,2752.98,Linen
Handloom & Textiles,Handwoven Bag,487.3,10,Bhubaneswar,Odisha,0.833,0.1725,Winter,4891.56,Jute
Handmade Toys,Stuffed Toy,301.59,3,Jaipur,Rajasthan,0.511,0.1344,Summer,1626.42,Cotton
Handmade Toys,Puppet,295.89,2,Kutch,Gujarat,0.726,0.0766,Normal,1789.7,Leather
Handmade Toys,Traditional Toy,225.45,4,Bhubaneswar,Odisha,0.672,-0.0406,Normal,1938.87,Wood
Handmade Home Décor,Wall Hanging,458.03,5,Bastar,Chhattisgarh,0.549,0.0482,Festival,3032.47,Wood
Embroidery & Needlecraft,Patchwork Product,436.8,7,Channapatna,Karnataka,0.438,-0.0369,Normal,2138.23,Linen
Pottery & Terracotta,Planter,75.76,1,Khurja,Uttar Pradesh,0.394,-0.0064,Normal,1118.29,Clay
Leather & Traditional Craft,Traditional Leather Craft,749.92,3,Srikalahasti,Andhra Pradesh,0.632,-0.0348,Normal,4159.24,Leather
Embroidery & Needlecraft,Table Runner,645.69,7,Khurja,Uttar Pradesh,0.372,0.0723,Normal,3199.48,Silk
Woodcraft,Kitchenware,629.95,5,Jaipur,Rajasthan,0.606,0.0472,Wedding,3499.2,Wood
Ceramics,Tableware,163.53,2,Moradabad,Uttar Pradesh,0.685,0.1232,Normal,1958.92,Stoneware
Handmade Home Décor,Showpiece,228.28,1,Bastar,Chhattisgarh,0.808,0.094,Festival,2857.44,Metal
Pottery & Terracotta,Vase,57.61,3,Raghurajpur,Odisha,0.617,0.113,Monsoon,1455.57,Terracotta
Woodcraft,Kitchenware,359.61,1,Channapatna,Karnataka,0.503,-0.0099,Normal,2458.97,Wood
Handmade Toys,Educational Toy,119.88,4,Saharanpur,Uttar Pradesh,0.763,-0.0423,Normal,1209.12,Cotton
Pottery & Terracotta,Terracotta Figurine,66.46,1,Moradabad,Uttar Pradesh,0.777,0.0343,Normal,1600.88,Terracotta
"Bamboo, Cane & Natural Fibre",Bag,155.88,1,Madhubani,Bihar,0.564,-0.057,Winter,952.19,Bamboo
Embroidery & Needlecraft,Patchwork Product,447.76,3,Kolkata,West Bengal,0.647,-0.016,Festival,2680.12,Cotton
Handmade Home Décor,Wall Hanging,421.9,3,Channapatna,Karnataka,0.737,0.0572,Normal,2196.79,Jute
Embroidery & Needlecraft,Embroidered Bag,204.18,10,Kolkata,West Bengal,0.901,0.0276,Normal,2673.66,Cotton
Handloom & Textiles,Saree,462.17,10,Kutch,Gujarat,0.457,0.108,Normal,1916.63,Wool
Natural / Eco-friendly Crafts,Coir Product,70.0,5,Narsapur,Andhra Pradesh,0.782,0.0706,Normal,1905.58,Coir
Handmade Toys,Traditional Toy,268.82,2,Assam,Assam,0.816,0.0243,Normal,2060.12,Wood
Handmade Toys,Stuffed Toy,139.99,1,Thanjavur,Tamil Nadu,0.705,0.0631,Monsoon,2350.94,Cotton
Handmade Toys,Educational Toy,210.47,2,Madhubani,Bihar,0.804,0.1604,Normal,1303.95,Wood
Handmade Bags & Accessories,Wallet,30.0,1,Srikalahasti,Andhra Pradesh,0.377,0.2062,Festival,2001.71,Jute
Leather & Traditional Craft,Traditional Leather Craft,547.03,1,Thanjavur,Tamil Nadu,0.882,0.1199,Monsoon,3755.85,Leather
Handmade Home Décor,Dreamcatcher,348.16,3,Thanjavur,Tamil Nadu,0.759,-0.1165,Summer,1986.39,Jute
Embroidery & Needlecraft,Cushion Cover,438.52,9,Channapatna,Karnataka,0.74,0.1077,Normal,2009.14,Linen
Handmade Home Décor,Candle,175.81,8,Channapatna,Karnataka,0.421,0.2023,Festival,3666.08,Soy Wax
Pottery & Terracotta,Kitchenware,30.0,3,Srikalahasti,Andhra Pradesh,0.583,0.0693,Festival,1250.25,Terracotta
"Bamboo, Cane & Natural Fibre",Furniture,432.96,4,Bhubaneswar,Odisha,0.745,0.1883,Normal,1990.09,Cane
Embroidery & Needlecraft,Wall Hanging,344.55,7,Saharanpur,Uttar Pradesh,0.417,-0.0031,Winter,1492.12,Cotton
Metal Crafts,Metal Sculpture,1412.19,5,Madhubani,Bihar,0.772,-0.0298,Normal,4293.23,Brass
Handmade Home Décor,Table Décor,208.02,4,Jaipur,Rajasthan,0.582,0.1303,Summer,2464.34,Ceramic
Embroidery & Needlecraft,Embroidered Clothing,378.8,4,Bastar,Chhattisgarh,0.892,0.1341,Winter,2438.24,Cotton
Woodcraft,Sculpture,654.85,10,Saharanpur,Uttar Pradesh,0.795,0.0137,Festival,3443.63,Wood
Handmade Toys,Handmade Game,152.58,1,Bastar,Chhattisgarh,0.659,0.0715,Winter,2026.09,Cloth
Pottery & Terracotta,Diya,114.5,2,Assam,Assam,0.42,-0.0594,Normal,1332.01,Terracotta
Metal Crafts,Decorative Item,1505.38,6,Kashmir,Jammu and Kashmir,0.821,-0.0809,Normal,6698.92,Copper
Leather & Traditional Craft,Leather Bag,636.26,6,Thanjavur,Tamil Nadu,0.701,-0.0289,Normal,4933.66,Leather
Embroidery & Needlecraft,Embroidered Clothing,398.83,4,Bhubaneswar,Odisha,0.7,0.0271,Normal,3324.09,Linen
Handmade Toys,Traditional Toy,243.17,5,Raghurajpur,Odisha,0.315,0.1596,Normal,1021.59,Wood
Metal Crafts,Jewellery,1380.43,5,Saharanpur,Uttar Pradesh,0.66,0.051,Normal,4392.77,Brass
Pottery & Terracotta,Clay Lamp,146.88,2,Thanjavur,Tamil Nadu,0.864,-0.0379,Normal,1339.42,Terracotta
Ceramics,Plate,116.86,2,Kashmir,Jammu and Kashmir,0.725,-0.1823,Summer,1716.3,Ceramic
Embroidery & Needlecraft,Wall Hanging,325.5,3,Kondapalli,Andhra Pradesh,0.532,-0.0492,Normal,2766.62,Jute
Embroidery & Needlecraft,Embroidered Clothing,334.13,2,Etikoppaka,Andhra Pradesh,0.598,0.0377,Normal,1794.31,Cotton
Natural / Eco-friendly Crafts,Handmade Paper Product,141.22,4,Khurja,Uttar Pradesh,0.445,0.0504,Wedding,1484.97,Handmade Paper
Handmade Toys,Handmade Game,147.84,3,Pochampally,Telangana,0.824,0.1563,Normal,2071.42,Paper
Ceramics,Ceramic Jewellery,237.05,4,Srikalahasti,Andhra Pradesh,0.867,0.1022,Normal,2146.08,Ceramic
Leather & Traditional Craft,Footwear,1100.72,7,Kutch,Gujarat,0.867,0.0972,Normal,4342.67,Leather
Ceramics,Ceramic Jewellery,343.92,1,Bastar,Chhattisgarh,0.549,0.182,Festival,2649.29,Porcelain
Metal Crafts,Metal Sculpture,1192.63,5,Srikalahasti,Andhra Pradesh,0.658,0.1782,Normal,6996.61,Copper
Natural / Eco-friendly Crafts,Jute Product,131.68,4,Kolkata,West Bengal,0.721,-0.2,Wedding,2392.86,Jute
Ceramics,Cup,263.12,2,Khurja,Uttar Pradesh,0.759,0.0571,Festival,2220.87,Stoneware
Woodcraft,Wooden Toy,554.39,4,Bastar,Chhattisgarh,0.349,0.1267,Normal,2851.72,Wood
"Bamboo, Cane & Natural Fibre",Mat,193.02,4,Srikalahasti,Andhra Pradesh,0.765,-0.0695,Normal,1149.76,Bamboo
Natural / Eco-friendly Crafts,Jute Product,114.35,1,Saharanpur,Uttar Pradesh,0.342,0.0205,Normal,1654.76,Jute
Woodcraft,Box,653.6,4,Bastar,Chhattisgarh,0.439,0.0613,Normal,2472.39,Wood
Paintings & Art,Gond Art,196.05,7,Raghurajpur,Odisha,0.884,0.0918,Festival,2766.98,Acrylic
Ceramics,Ceramic Jewellery,209.5,2,Jaipur,Rajasthan,0.362,0.1303,Normal,1847.2,Ceramic
Handmade Toys,Traditional Toy,239.43,3,Channapatna,Karnataka,0.63,0.1156,Normal,1451.72,Clay
Handloom & Textiles,Dress Material,409.09,5,Moradabad,Uttar Pradesh,0.792,0.2258,Winter,3046.84,Linen
Handmade Toys,Educational Toy,147.99,2,Saharanpur,Uttar Pradesh,0.426,-0.0403,Wedding,1988.17,Cotton
Paintings & Art,Madhubani Painting,208.0,3,Kashmir,Jammu and Kashmir,0.725,0.0462,Festival,2113.17,Acrylic
Handmade Jewellery,Bangles,605.9,6,Kutch,Gujarat,0.742,0.1157,Normal,2460.01,Brass
Handloom & Textiles,Scarf,234.82,6,Srinagar,Jammu and Kashmir,0.879,0.1037,Winter,2832.04,Cotton
Handmade Jewellery,Handmade Earrings,351.88,2,Bastar,Chhattisgarh,0.661,0.0174,Monsoon,4318.54,Lac
Metal Crafts,Decorative Item,1031.41,8,Etikoppaka,Andhra Pradesh,0.779,0.0572,Summer,3043.72,Brass
Handmade Jewellery,Bracelet,394.5,5,Bastar,Chhattisgarh,0.776,-0.0015,Normal,1465.74,Beads
Ceramics,Mug,79.96,3,Narsapur,Andhra Pradesh,0.472,0.1441,Normal,1617.28,Ceramic
Embroidery & Needlecraft,Quilt,353.86,8,Etikoppaka,Andhra Pradesh,0.465,0.0301,Festival,3168.09,Cotton
Metal Crafts,Jewellery,2322.47,5,Kutch,Gujarat,0.64,-0.0685,Monsoon,6663.86,Silver
Woodcraft,Kitchenware,613.27,10,Kolkata,West Bengal,0.707,0.0078,Festival,5359.29,Wood
Natural / Eco-friendly Crafts,Natural-fibre Basket,168.83,2,Srikalahasti,Andhra Pradesh,0.419,0.0091,Winter,952.86,Jute
Handloom & Textiles,Handwoven Bag,371.29,4,Channapatna,Karnataka,0.386,0.1759,Festival,1349.52,Cotton
Leather & Traditional Craft,Traditional Leather Craft,1027.55,9,Raghurajpur,Odisha,0.618,0.1004,Festival,5378.98,Leather
Natural / Eco-friendly Crafts,Banana-fibre Product,37.77,1,Saharanpur,Uttar Pradesh,0.596,0.1725,Summer,1409.35,Banana Fibre
Pottery & Terracotta,Clay Pot,151.81,2,Srinagar,Jammu and Kashmir,0.794,-0.1113,Normal,1279.19,Terracotta
Handmade Jewellery,Metal Jewellery,512.05,3,Thanjavur,Tamil Nadu,0.454,-0.1011,Winter,1706.32,Copper
Woodcraft,Box,521.35,4,Pochampally,Telangana,0.611,0.0262,Normal,3111.17,Wood
Embroidery & Needlecraft,Embroidered Bag,587.81,7,Etikoppaka,Andhra Pradesh,0.892,0.11,Summer,3909.45,Silk
Embroidery & Needlecraft,Wall Hanging,534.55,2,Saharanpur,Uttar Pradesh,0.618,-0.0491,Festival,4070.89,Wool
Embroidery & Needlecraft,Cushion Cover,506.44,4,Kolkata,West Bengal,0.6,0.0736,Winter,2159.73,Linen
Embroidery & Needlecraft,Embroidered Clothing,398.52,4,Jaipur,Rajasthan,0.499,0.1913,Festival,3345.61,Silk
Handmade Toys,Puppet,147.61,2,Moradabad,Uttar Pradesh,0.832,0.0179,Normal,1822.08,Cotton
Handmade Jewellery,Necklace,722.12,4,Thanjavur,Tamil Nadu,0.77,0.1313,Normal,4439.54,Brass
Leather & Traditional Craft,Wallet,1071.57,7,Raghurajpur,Odisha,0.869,-0.0471,Wedding,3912.97,Leather
Handmade Bags & Accessories,Scarf,174.73,3,Bhubaneswar,Odisha,0.49,0.0554,Normal,1810.16,Cotton
Pottery & Terracotta,Clay Pot,92.83,3,Thanjavur,Tamil Nadu,0.867,0.2617,Normal,1444.23,Clay
Embroidery & Needlecraft,Table Runner,744.06,7,Raghurajpur,Odisha,0.427,0.2207,Wedding,2982.78,Linen
Woodcraft,Wooden Toy,293.96,3,Bhubaneswar,Odisha,0.341,0.1418,Normal,1086.97,Wood
Natural / Eco-friendly Crafts,Banana-fibre Product,232.29,2,Kutch,Gujarat,0.873,0.0763,Normal,1631.55,Banana Fibre
Embroidery & Needlecraft,Quilt,375.04,6,Narsapur,Andhra Pradesh,0.797,-0.0368,Wedding,1959.79,Cotton
Leather & Traditional Craft,Leather Bag,940.78,1,Kolkata,West Bengal,0.689,-0.0692,Normal,2921.27,Leather
"Bamboo, Cane & Natural Fibre",Furniture,190.42,2,Etikoppaka,Andhra Pradesh,0.709,-0.0989,Normal,1600.02,Bamboo
Natural / Eco-friendly Crafts,Jute Product,50.86,3,Thanjavur,Tamil Nadu,0.738,-0.0975,Wedding,2605.2,Jute
Woodcraft,Figurine,102.96,8,Srikalahasti,Andhra Pradesh,0.534,0.066,Normal,4185.37,Wood
Embroidery & Needlecraft,Table Runner,384.15,6,Jaipur,Rajasthan,0.714,0.0542,Summer,2443.98,Cotton
Handmade Home Décor,Wall Hanging,236.6,1,Thanjavur,Tamil Nadu,0.703,0.1447,Normal,2440.62,Wood
Handmade Toys,Cloth Doll,249.51,4,Bastar,Chhattisgarh,0.754,0.0785,Normal,2478.48,Wool
Handmade Jewellery,Wooden Jewellery,498.43,1,Khurja,Uttar Pradesh,0.754,0.0939,Festival,3625.66,Wood
Handmade Toys,Educational Toy,126.45,2,Etikoppaka,Andhra Pradesh,0.701,-0.0389,Festival,1741.33,Cotton
Natural / Eco-friendly Crafts,Banana-fibre Product,91.62,3,Assam,Assam,0.681,0.181,Festival,1898.45,Banana Fibre
Handmade Home Décor,Candle,341.0,3,Kashmir,Jammu and Kashmir,0.605,0.1072,Summer,2545.64,Beeswax
Handmade Toys,Handmade Game,252.86,4,Moradabad,Uttar Pradesh,0.616,0.0628,Festival,2392.86,Cloth
Handmade Home Décor,Handmade Clock,290.86,2,Kondapalli,Andhra Pradesh,0.492,0.1143,Festival,2366.01,Wood
Ceramics,Plate,166.18,3,Bhubaneswar,Odisha,0.702,0.0388,Festival,1802.04,Stoneware
Leather & Traditional Craft,Footwear,502.23,8,Raghurajpur,Odisha,0.772,0.0387,Normal,3872.66,Leather
Handmade Toys,Educational Toy,244.98,4,Kolkata,West Bengal,0.272,-0.0689,Festival,965.32,Cotton
Handmade Home Décor,Wall Hanging,316.09,1,Thanjavur,Tamil Nadu,0.574,0.0369,Normal,3145.84,Wood
Handmade Home Décor,Lamp,404.78,1,Srikalahasti,Andhra Pradesh,0.827,0.1969,Festival,3860.71,Wood
Handmade Bags & Accessories,Tote Bag,277.13,4,Bhubaneswar,Odisha,0.441,-0.0767,Monsoon,2252.04,Canvas
Paintings & Art,Kalamkari,472.59,8,Bhubaneswar,Odisha,0.474,-0.1441,Normal,1598.45,Natural Dye
Leather & Traditional Craft,Wallet,702.29,4,Bastar,Chhattisgarh,0.285,0.1659,Normal,3017.71,Leather
Handmade Bags & Accessories,Tote Bag,216.95,4,Assam,Assam,0.242,-0.0215,Normal,836.53,Jute
Paintings & Art,Madhubani Painting,293.63,10,Madhubani,Bihar,0.706,-0.2,Festival,1864.81,Natural Pigment
Paintings & Art,Gond Art,352.99,11,Kashmir,Jammu and Kashmir,0.716,0.0047,Summer,2373.42,Watercolour
Woodcraft,Figurine,369.16,15,Raghurajpur,Odisha,0.664,-0.0832,Normal,2932.61,Wood
Leather & Traditional Craft,Leather Bag,836.18,6,Moradabad,Uttar Pradesh,0.943,0.1333,Normal,2617.42,Leather
Leather & Traditional Craft,Decorative Leather Product,717.21,6,Kondapalli,Andhra Pradesh,0.545,-0.0279,Normal,3140.46,Leather
Handmade Toys,Wooden Toy,272.19,4,Bastar,Chhattisgarh,0.853,0.1607,Monsoon,1712.53,Wood
Embroidery & Needlecraft,Quilt,311.03,3,Madhubani,Bihar,0.517,0.0552,Normal,1562.41,Cotton
Handloom & Textiles,Dress Material,520.76,4,Thanjavur,Tamil Nadu,0.733,0.0478,Normal,3041.12,Cotton
Handmade Bags & Accessories,Clutch,292.49,5,Moradabad,Uttar Pradesh,0.419,-0.0078,Summer,2744.29,Lac
Handmade Home Décor,Decorative Box,338.84,5,Srikalahasti,Andhra Pradesh,0.604,0.1269,Normal,2896.63,Wood
Handmade Bags & Accessories,Pouch,481.28,3,Moradabad,Uttar Pradesh,0.607,-0.0286,Normal,2634.07,Jute
Ceramics,Bowl,141.44,5,Srinagar,Jammu and Kashmir,0.295,0.083,Normal,946.75,Stoneware
Natural / Eco-friendly Crafts,Jute Product,142.61,2,Pochampally,Telangana,0.867,-0.0119,Normal,1955.3,Jute
Leather & Traditional Craft,Wallet,649.42,5,Etikoppaka,Andhra Pradesh,0.363,0.1501,Normal,3214.72,Leather
Handmade Bags & Accessories,Backpack,287.36,2,Srikalahasti,Andhra Pradesh,0.833,-0.0505,Normal,2516.76,Cotton
Ceramics,Vase,186.31,1,Srikalahasti,Andhra Pradesh,0.298,0.0588,Normal,1513.98,Ceramic
Natural / Eco-friendly Crafts,Palm-leaf Product,142.3,4,Kondapalli,Andhra Pradesh,0.73,-0.0474,Normal,1475.06,Palm Leaf
"Bamboo, Cane & Natural Fibre",Lampshade,86.43,4,Saharanpur,Uttar Pradesh,0.785,0.1228,Normal,1239.77,Bamboo
Handmade Bags & Accessories,Handmade Belt,474.82,1,Saharanpur,Uttar Pradesh,0.599,0.3,Festival,3508.26,Leather
Embroidery & Needlecraft,Embroidered Bag,295.43,5,Raghurajpur,Odisha,0.772,-0.03,Summer,3919.9,Jute
Handmade Jewellery,Handmade Earrings,424.39,3,Moradabad,Uttar Pradesh,0.864,0.1241,Winter,2416.92,Lac
Handloom & Textiles,Dress Material,237.03,8,Bastar,Chhattisgarh,0.809,0.0938,Monsoon,3677.51,Cotton
Leather & Traditional Craft,Footwear,424.33,5,Jaipur,Rajasthan,0.383,0.115,Normal,2513.46,Leather
Handloom & Textiles,Rug,477.33,7,Kashmir,Jammu and Kashmir,0.812,-0.0367,Normal,3362.85,Wool
Embroidery & Needlecraft,Embroidered Bag,798.21,6,Srinagar,Jammu and Kashmir,0.651,-0.0906,Normal,3226.32,Silk
Pottery & Terracotta,Diya,58.39,2,Kolkata,West Bengal,0.855,0.0945,Festival,2277.73,Clay
Handmade Bags & Accessories,Basket,170.79,4,Pochampally,Telangana,0.705,0.0909,Summer,1592.02,Jute
Leather & Traditional Craft,Belt,893.59,9,Kolkata,West Bengal,0.651,0.1582,Normal,5630.98,Leather
Handmade Home Décor,Wall Hanging,136.44,3,Etikoppaka,Andhra Pradesh,0.599,0.1658,Normal,2420.07,Jute
Metal Crafts,Utensil,1182.98,6,Srikalahasti,Andhra Pradesh,0.288,-0.0902,Winter,5679.05,Bell Metal
Natural / Eco-friendly Crafts,Palm-leaf Product,113.26,2,Kutch,Gujarat,0.418,0.1269,Winter,1517.52,Palm Leaf
Handmade Home Décor,Table Décor,214.62,5,Bastar,Chhattisgarh,0.799,0.0883,Normal,3071.44,Clay
Embroidery & Needlecraft,Quilt,609.47,7,Bastar,Chhattisgarh,0.779,-0.0705,Normal,3436.34,Wool
Handmade Toys,Cloth Doll,203.92,4,Srikalahasti,Andhra Pradesh,0.559,0.132,Summer,1423.09,Cotton
Handmade Home Décor,Dreamcatcher,196.91,4,Kashmir,Jammu and Kashmir,0.557,-0.0757,Normal,1635.9,Cotton
Pottery & Terracotta,Terracotta Figurine,117.87,4,Bhubaneswar,Odisha,0.597,0.0898,Summer,979.55,Terracotta
Handmade Jewellery,Bracelet,545.26,3,Khurja,Uttar Pradesh,0.58,0.0311,Festival,3783.9,Brass
Ceramics,Bowl,236.03,3,Assam,Assam,0.639,-0.0133,Summer,1601.84,Ceramic
Pottery & Terracotta,Kitchenware,142.87,3,Kolkata,West Bengal,0.669,0.2184,Summer,1827.4,Terracotta
Leather & Traditional Craft,Leather Bag,1075.36,2,Madhubani,Bihar,0.905,0.2199,Normal,3409.65,Leather
Leather & Traditional Craft,Decorative Leather Product,578.48,5,Kolkata,West Bengal,0.736,0.0487,Normal,4015.36,Leather
Handloom & Textiles,Towel,524.43,11,Kashmir,Jammu and Kashmir,0.678,-0.0257,Normal,3413.83,Linen
Handmade Toys,Traditional Toy,170.81,4,Channapatna,Karnataka,0.8,0.0182,Festival,1862.75,Wood
"Bamboo, Cane & Natural Fibre",Household Product,53.51,3,Raghurajpur,Odisha,0.526,0.0166,Summer,1803.29,Jute
Handmade Home Décor,Lamp,323.7,7,Jaipur,Rajasthan,0.773,0.1255,Wedding,3163.07,Metal
Metal Crafts,Decorative Item,1043.61,10,Khurja,Uttar Pradesh,0.79,-0.0028,Normal,6123.6,Brass
Handmade Home Décor,Handmade Clock,366.8,4,Narsapur,Andhra Pradesh,0.309,0.0707,Normal,2943.31,Wood
Leather & Traditional Craft,Wallet,535.47,5,Jaipur,Rajasthan,0.462,-0.0157,Festival,3379.3,Leather
Metal Crafts,Brassware,1821.65,9,Madhubani,Bihar,0.684,-0.0016,Winter,5665.77,Brass
Handloom & Textiles,Fabric,788.31,10,Srikalahasti,Andhra Pradesh,0.866,0.0497,Wedding,4476.4,Silk
Leather & Traditional Craft,Footwear,669.65,6,Moradabad,Uttar Pradesh,0.547,0.1356,Normal,3948.93,Leather
Handmade Home Décor,Lamp,404.56,7,Assam,Assam,0.789,0.0618,Normal,1730.95,Metal
Metal Crafts,Utensil,1396.19,5,Moradabad,Uttar Pradesh,0.625,0.0714,Monsoon,7303.2,Bell Metal
"Bamboo, Cane & Natural Fibre",Decorative Item,176.58,2,Etikoppaka,Andhra Pradesh,0.693,0.0276,Normal,1291.07,Palm Leaf
Paintings & Art,Tanjore Painting,695.61,5,Kutch,Gujarat,0.461,-0.0372,Normal,2082.15,Gold Leaf
"Bamboo, Cane & Natural Fibre",Household Product,170.32,2,Assam,Assam,0.403,-0.0341,Normal,1645.13,Bamboo
Natural / Eco-friendly Crafts,Palm-leaf Product,165.94,3,Moradabad,Uttar Pradesh,0.611,0.097,Winter,1705.42,Palm Leaf
Leather & Traditional Craft,Footwear,962.53,7,Madhubani,Bihar,0.874,0.0864,Monsoon,3025.21,Leather
Metal Crafts,Metal Sculpture,1162.2,8,Bastar,Chhattisgarh,0.698,0.082,Festival,8088.92,Copper
Metal Crafts,Jewellery,1039.98,7,Kutch,Gujarat,0.557,-0.0071,Normal,4170.57,Copper
Handmade Home Décor,Handmade Clock,384.18,3,Srikalahasti,Andhra Pradesh,0.741,0.049,Monsoon,2076.66,Wood
Metal Crafts,Metal Sculpture,849.58,1,Madhubani,Bihar,0.909,0.1328,Winter,5039.39,Brass
Leather & Traditional Craft,Belt,858.9,4,Narsapur,Andhra Pradesh,0.564,0.1745,Normal,3988.58,Leather
Handmade Jewellery,Beaded Jewellery,216.88,3,Kondapalli,Andhra Pradesh,0.669,0.0455,Normal,3573.64,Wood
Natural / Eco-friendly Crafts,Eco-friendly Packaging,81.73,4,Srinagar,Jammu and Kashmir,0.529,0.0408,Normal,1012.7,Jute
Handmade Toys,Educational Toy,230.31,1,Channapatna,Karnataka,0.661,0.0741,Normal,1484.79,Wood
Handmade Jewellery,Handmade Earrings,503.83,3,Madhubani,Bihar,0.415,0.0652,Normal,2986.43,Brass
Leather & Traditional Craft,Wallet,541.37,6,Kutch,Gujarat,0.636,-0.0119,Normal,3327.79,Leather
"Bamboo, Cane & Natural Fibre",Mat,180.74,3,Pochampally,Telangana,0.667,0.0482,Normal,2200.17,Bamboo
Handmade Bags & Accessories,Basket,369.76,3,Narsapur,Andhra Pradesh,0.591,0.0575,Normal,2830.52,Bamboo
"Bamboo, Cane & Natural Fibre",Furniture,166.31,5,Kutch,Gujarat,0.609,0.1252,Wedding,1933.77,Bamboo
"Bamboo, Cane & Natural Fibre",Lampshade,300.72,5,Kolkata,West Bengal,0.546,-0.0038,Monsoon,1970.2,Cane
Natural / Eco-friendly Crafts,Natural-fibre Basket,69.02,2,Moradabad,Uttar Pradesh,0.841,0.0257,Normal,1817.61,Jute
Handmade Jewellery,Necklace,495.51,3,Channapatna,Karnataka,0.427,0.0343,Festival,2000.98,Lac
Handmade Jewellery,Handmade Earrings,182.61,6,Kashmir,Jammu and Kashmir,0.549,-0.0221,Normal,1913.74,Beads
Pottery & Terracotta,Decorative Pot,89.9,2,Bhubaneswar,Odisha,0.721,0.1469,Normal,1287.61,Terracotta
Paintings & Art,Folk Painting,177.61,3,Srinagar,Jammu and Kashmir,0.72,0.0699,Normal,1958.82,Acrylic
Handmade Jewellery,Handmade Earrings,281.16,4,Jaipur,Rajasthan,0.593,0.1561,Festival,2636.92,Terracotta
Leather & Traditional Craft,Traditional Leather Craft,894.97,7,Kolkata,West Bengal,0.487,0.0371,Normal,4128.4,Leather
Leather & Traditional Craft,Leather Bag,841.98,3,Kolkata,West Bengal,0.705,-0.0404,Monsoon,3477.06,Leather
Ceramics,Bowl,157.33,4,Kashmir,Jammu and Kashmir,0.833,0.1167,Normal,2125.23,Ceramic
Natural / Eco-friendly Crafts,Coir Product,195.2,2,Kondapalli,Andhra Pradesh,0.694,0.1245,Monsoon,1447.89,Coir
Ceramics,Cup,312.55,3,Bhubaneswar,Odisha,0.816,-0.0568,Winter,2471.89,Stoneware
Handmade Home Décor,Mirror,514.93,6,Kondapalli,Andhra Pradesh,0.467,0.1742,Monsoon,2446.54,Wood
Handmade Jewellery,Bracelet,191.82,3,Narsapur,Andhra Pradesh,0.65,0.0341,Normal,2487.86,Beads
Ceramics,Home Décor,117.34,3,Bastar,Chhattisgarh,0.848,0.2204,Normal,2400.41,Ceramic
Leather & Traditional Craft,Wallet,872.33,3,Bhubaneswar,Odisha,0.582,-0.0039,Normal,4199.25,Leather
Handmade Toys,Puppet,212.69,3,Channapatna,Karnataka,0.498,0.0748,Normal,1466.77,Cotton
Metal Crafts,Copperware,1224.75,8,Saharanpur,Uttar Pradesh,0.645,0.0804,Normal,6613.66,Copper
Pottery & Terracotta,Kitchenware,70.24,3,Jaipur,Rajasthan,0.706,-0.0055,Winter,1471.63,Terracotta
Handmade Toys,Wooden Toy,196.61,2,Kolkata,West Bengal,0.439,-0.0444,Normal,2029.75,Wood
Woodcraft,Sculpture,522.25,3,Etikoppaka,Andhra Pradesh,0.668,-0.0029,Festival,3701.75,Wood
Handmade Home Décor,Decorative Box,159.45,5,Assam,Assam,0.554,0.1918,Normal,3309.32,Cane
"Bamboo, Cane & Natural Fibre",Mat,148.55,4,Bastar,Chhattisgarh,0.72,0.0652,Wedding,2656.32,Bamboo
Handloom & Textiles,Stole,335.65,3,Khurja,Uttar Pradesh,0.915,0.0033,Normal,2193.11,Silk
Embroidery & Needlecraft,Embroidered Clothing,478.86,2,Etikoppaka,Andhra Pradesh,0.522,0.0399,Normal,1850.31,Linen
Leather & Traditional Craft,Belt,672.9,6,Kashmir,Jammu and Kashmir,0.273,-0.1864,Winter,3807.79,Leather
Metal Crafts,Lamp,1058.59,6,Etikoppaka,Andhra Pradesh,0.43,0.1976,Normal,7394.03,Copper
Embroidery & Needlecraft,Wall Hanging,418.73,7,Kashmir,Jammu and Kashmir,0.785,-0.0301,Normal,2327.07,Cotton
Pottery & Terracotta,Terracotta Figurine,61.75,1,Thanjavur,Tamil Nadu,0.603,0.1382,Normal,1352.03,Terracotta
Natural / Eco-friendly Crafts,Eco-friendly Packaging,45.38,3,Madhubani,Bihar,0.434,0.0422,Winter,1555.1,Banana Fibre
Handmade Home Décor,Wall Hanging,497.08,1,Srikalahasti,Andhra Pradesh,0.633,0.0412,Winter,1646.22,Cotton
Woodcraft,Kitchenware,539.51,7,Srikalahasti,Andhra Pradesh,0.726,0.2357,Festival,2886.6,Wood
Woodcraft,Figurine,389.09,15,Kashmir,Jammu and Kashmir,0.623,0.0503,Normal,3525.38,Wood
Embroidery & Needlecraft,Embroidered Bag,673.98,5,Bhubaneswar,Odisha,0.467,-0.0675,Normal,3031.76,Silk
Handloom & Textiles,Bedsheet,131.21,9,Kashmir,Jammu and Kashmir,0.477,-0.0083,Festival,2354.97,Jute
Ceramics,Home Décor,271.12,3,Srinagar,Jammu and Kashmir,0.588,0.0427,Winter,1431.73,Porcelain
Handmade Home Décor,Table Décor,318.02,7,Kashmir,Jammu and Kashmir,0.519,0.2182,Wedding,3517.89,Ceramic
Pottery & Terracotta,Kitchenware,143.24,1,Bastar,Chhattisgarh,0.371,0.0049,Festival,986.06,Clay
Handloom & Textiles,Scarf,305.06,6,Bastar,Chhattisgarh,0.463,0.0523,Wedding,2726.79,Linen
Embroidery & Needlecraft,Wall Hanging,467.59,7,Madhubani,Bihar,0.474,0.1049,Normal,4011.89,Wool
Pottery & Terracotta,Sculpture,63.43,2,Raghurajpur,Odisha,0.637,0.0895,Normal,1241.77,Clay
Ceramics,Home Décor,167.74,2,Moradabad,Uttar Pradesh,0.818,0.2416,Summer,2111.56,Porcelain
Metal Crafts,Copperware,1270.38,7,Saharanpur,Uttar Pradesh,0.901,0.0049,Festival,4487.76,Copper
Pottery & Terracotta,Sculpture,30.0,5,Saharanpur,Uttar Pradesh,0.735,0.1215,Summer,1120.51,Clay
"Bamboo, Cane & Natural Fibre",Mat,308.46,3,Srikalahasti,Andhra Pradesh,0.835,-0.0651,Festival,2800.34,Jute
Leather & Traditional Craft,Decorative Leather Product,835.14,3,Kondapalli,Andhra Pradesh,0.791,0.2417,Festival,4946.29,Leather
Natural / Eco-friendly Crafts,Palm-leaf Product,82.41,3,Narsapur,Andhra Pradesh,0.554,0.0351,Normal,1569.38,Palm Leaf
"Bamboo, Cane & Natural Fibre",Tray,176.9,4,Kondapalli,Andhra Pradesh,0.635,0.0749,Summer,2582.38,Cane
Pottery & Terracotta,Terracotta Jewellery,279.85,2,Channapatna,Karnataka,0.598,0.1329,Normal,1793.77,Clay
Leather & Traditional Craft,Wallet,625.19,6,Saharanpur,Uttar Pradesh,0.461,-0.0202,Normal,2917.91,Leather
Natural / Eco-friendly Crafts,Jute Product,30.0,3,Thanjavur,Tamil Nadu,0.863,-0.0698,Summer,1873.13,Jute
Leather & Traditional Craft,Leather Bag,656.58,4,Raghurajpur,Odisha,0.751,0.0463,Winter,2473.39,Leather
Handmade Toys,Cloth Doll,244.88,3,Narsapur,Andhra Pradesh,0.622,0.0897,Monsoon,2423.96,Cotton
Pottery & Terracotta,Clay Pot,77.11,2,Srinagar,Jammu and Kashmir,0.697,0.0641,Summer,1238.75,Clay
Handmade Bags & Accessories,Pouch,275.67,4,Kashmir,Jammu and Kashmir,0.423,0.3,Winter,2676.33,Cotton
Handmade Home Décor,Mirror,548.5,4,Bastar,Chhattisgarh,0.433,-0.1059,Summer,1855.07,Wood
Paintings & Art,Kalamkari,163.7,4,Thanjavur,Tamil Nadu,0.381,0.0722,Normal,1774.64,Natural Dye
Handloom & Textiles,Stole,630.49,5,Assam,Assam,0.398,0.1448,Festival,4156.2,Linen
"Bamboo, Cane & Natural Fibre",Furniture,251.1,3,Khurja,Uttar Pradesh,0.571,-0.0284,Normal,2262.67,Bamboo
"Bamboo, Cane & Natural Fibre",Bottle/Container,192.61,2,Srikalahasti,Andhra Pradesh,0.42,-0.0146,Normal,863.29,Bamboo
Handmade Toys,Wooden Toy,343.23,6,Bhubaneswar,Odisha,0.53,-0.0783,Festival,2654.71,Wood
Ceramics,Plate,159.34,3,Saharanpur,Uttar Pradesh,0.844,0.0389,Festival,1849.7,Stoneware
Leather & Traditional Craft,Footwear,632.69,5,Jaipur,Rajasthan,0.742,0.0995,Normal,4150.86,Leather
Handmade Toys,Educational Toy,85.1,4,Kashmir,Jammu and Kashmir,0.721,0.1686,Normal,1737.99,Cotton
Handmade Jewellery,Terracotta Jewellery,275.62,5,Bhubaneswar,Odisha,0.742,0.0729,Normal,3453.29,Terracotta
Ceramics,Cup,117.99,2,Srinagar,Jammu and Kashmir,0.313,0.2772,Summer,1617.08,Stoneware
"Bamboo, Cane & Natural Fibre",Storage Box,157.98,3,Moradabad,Uttar Pradesh,0.669,0.0817,Winter,1421.67,Cane
Metal Crafts,Lamp,1318.18,6,Srinagar,Jammu and Kashmir,0.358,0.2484,Normal,4740.45,Copper
Handmade Jewellery,Metal Jewellery,865.93,4,Kondapalli,Andhra Pradesh,0.18,0.1441,Festival,5284.97,Brass
Natural / Eco-friendly Crafts,Coir Product,59.08,4,Bastar,Chhattisgarh,0.522,0.1884,Summer,1038.32,Coir
Metal Crafts,Bell-metal Product,1119.84,6,Moradabad,Uttar Pradesh,0.753,-0.0199,Monsoon,3442.06,Bell Metal
Natural / Eco-friendly Crafts,Banana-fibre Product,235.68,2,Bastar,Chhattisgarh,0.488,-0.026,Summer,2499.34,Banana Fibre
Handmade Bags & Accessories,Handmade Belt,368.92,2,Pochampally,Telangana,0.666,0.0114,Monsoon,2276.74,Leather
Ceramics,Bowl,245.29,1,Bastar,Chhattisgarh,0.463,0.0912,Summer,1553.91,Ceramic
Handmade Toys,Stuffed Toy,262.62,3,Bhubaneswar,Odisha,0.63,0.1644,Normal,2048.31,Cotton
Woodcraft,Tray,638.26,7,Srikalahasti,Andhra Pradesh,0.486,0.0102,Normal,2207.66,Wood
Paintings & Art,Pattachitra,141.77,7,Thanjavur,Tamil Nadu,0.704,0.1311,Wedding,1976.2,Handmade Paper
"Bamboo, Cane & Natural Fibre",Lampshade,177.63,5,Pochampally,Telangana,0.772,0.1841,Winter,2006.77,Cane
Metal Crafts,Decorative Item,1244.48,6,Khurja,Uttar Pradesh,0.704,-0.17,Normal,5150.69,Brass
Woodcraft,Wooden Toy,342.51,8,Srinagar,Jammu and Kashmir,0.579,-0.097,Wedding,5001.51,Wood
Metal Crafts,Jewellery,1093.9,7,Kutch,Gujarat,0.828,-0.0294,Winter,3653.47,Brass
Embroidery & Needlecraft,Cushion Cover,275.18,2,Srikalahasti,Andhra Pradesh,0.703,0.1479,Monsoon,2790.45,Linen
Pottery & Terracotta,Clay Lamp,129.31,2,Moradabad,Uttar Pradesh,0.793,0.0774,Normal,1602.55,Terracotta
Ceramics,Mug,188.9,2,Khurja,Uttar Pradesh,0.694,0.1298,Winter,2277.41,Ceramic
Leather & Traditional Craft,Belt,1016.44,5,Madhubani,Bihar,0.536,0.0101,Winter,5226.03,Leather
Handloom & Textiles,Stole,781.34,2,Bhubaneswar,Odisha,0.747,0.0148,Normal,4097.7,Silk
Metal Crafts,Brassware,1403.22,8,Jaipur,Rajasthan,0.735,0.0774,Festival,8696.0,Brass
Handloom & Textiles,Durrie,718.88,6,Pochampally,Telangana,0.65,0.0157,Monsoon,2844.3,Wool
Ceramics,Home Décor,355.61,2,Madhubani,Bihar,0.637,0.1195,Normal,1957.24,Porcelain
Leather & Traditional Craft,Footwear,848.41,1,Srikalahasti,Andhra Pradesh,0.665,0.1913,Festival,4304.32,Leather
Handloom & Textiles,Blanket,585.03,11,Srikalahasti,Andhra Pradesh,0.213,0.0391,Normal,2801.99,Wool
Handmade Jewellery,Tribal Jewellery,33.63,5,Kashmir,Jammu and Kashmir,0.571,-0.004,Winter,1032.26,Beads
"Bamboo, Cane & Natural Fibre",Decorative Item,259.83,2,Raghurajpur,Odisha,0.829,0.0507,Normal,1904.17,Bamboo
Handloom & Textiles,Blanket,626.2,5,Kondapalli,Andhra Pradesh,0.483,0.1409,Monsoon,3441.2,Cotton
Handmade Jewellery,Necklace,423.04,1,Jaipur,Rajasthan,0.654,0.0676,Festival,2845.85,Lac
Handmade Bags & Accessories,Handmade Belt,336.57,4,Madhubani,Bihar,0.626,0.0063,Normal,2002.5,Cotton
Natural / Eco-friendly Crafts,Jute Product,184.06,5,Srikalahasti,Andhra Pradesh,0.638,0.0321,Festival,1692.37,Jute
Pottery & Terracotta,Kitchenware,30.0,2,Etikoppaka,Andhra Pradesh,0.789,0.1317,Normal,1034.39,Clay
Handloom & Textiles,Towel,413.73,6,Channapatna,Karnataka,0.535,0.0141,Normal,2668.17,Linen
Leather & Traditional Craft,Decorative Leather Product,851.62,4,Saharanpur,Uttar Pradesh,0.786,0.0182,Normal,3087.02,Leather
Metal Crafts,Lamp,759.31,5,Etikoppaka,Andhra Pradesh,0.627,0.1474,Wedding,3506.97,Copper
Embroidery & Needlecraft,Embroidered Clothing,949.21,7,Madhubani,Bihar,0.623,0.0615,Festival,5116.78,Silk
Embroidery & Needlecraft,Wall Hanging,174.37,5,Jaipur,Rajasthan,0.541,0.0594,Normal,2192.01,Cotton
Handmade Bags & Accessories,Accessories,224.29,4,Bastar,Chhattisgarh,0.556,0.0536,Festival,2186.21,Beads
"Bamboo, Cane & Natural Fibre",Mat,237.57,3,Madhubani,Bihar,0.718,0.1056,Normal,1643.59,Jute
Ceramics,Vase,224.76,2,Kondapalli,Andhra Pradesh,0.467,0.0798,Festival,1939.31,Ceramic
Embroidery & Needlecraft,Cushion Cover,568.42,2,Pochampally,Telangana,0.715,0.1771,Normal,3628.66,Linen
Handmade Jewellery,Lac Jewellery,529.71,3,Channapatna,Karnataka,0.777,0.0612,Normal,4147.94,Lac
Natural / Eco-friendly Crafts,Palm-leaf Product,104.46,1,Kolkata,West Bengal,0.549,0.1249,Normal,1643.4,Palm Leaf
Handmade Bags & Accessories,Handbag,217.85,3,Channapatna,Karnataka,0.827,-0.1488,Winter,2234.31,Leather
Metal Crafts,Bell-metal Product,1082.25,4,Bastar,Chhattisgarh,0.643,-0.1358,Normal,6193.81,Bell Metal
Embroidery & Needlecraft,Wall Hanging,260.89,7,Kondapalli,Andhra Pradesh,0.591,0.0116,Normal,2699.02,Cotton
Handmade Home Décor,Lamp,570.77,5,Khurja,Uttar Pradesh,0.806,-0.0396,Winter,2956.94,Bamboo
Handmade Toys,Puppet,181.25,4,Pochampally,Telangana,0.763,0.2329,Summer,1709.3,Cotton
Embroidery & Needlecraft,Embroidered Bag,87.63,5,Srikalahasti,Andhra Pradesh,0.539,-0.1652,Monsoon,2158.54,Jute
Pottery & Terracotta,Terracotta Jewellery,120.18,4,Jaipur,Rajasthan,0.443,0.1398,Normal,1218.71,Clay
Ceramics,Mug,121.97,4,Assam,Assam,0.814,-0.0145,Winter,2288.46,Ceramic
Embroidery & Needlecraft,Cushion Cover,656.51,5,Pochampally,Telangana,0.814,0.0195,Normal,2349.76,Silk
Embroidery & Needlecraft,Cushion Cover,170.24,8,Kutch,Gujarat,0.861,0.1702,Normal,1856.17,Cotton
Paintings & Art,Tanjore Painting,723.7,3,Jaipur,Rajasthan,0.754,0.0831,Normal,3329.28,Gold Leaf
Natural / Eco-friendly Crafts,Jute Product,179.48,4,Kutch,Gujarat,0.871,0.1462,Wedding,2611.86,Jute
Handmade Jewellery,Handmade Earrings,262.19,4,Narsapur,Andhra Pradesh,0.324,-0.0343,Normal,2707.57,Beads
Pottery & Terracotta,Sculpture,30.0,2,Narsapur,Andhra Pradesh,0.637,-0.0001,Winter,1323.06,Clay
Handmade Home Décor,Sculpture,337.64,3,Srikalahasti,Andhra Pradesh,0.747,0.0526,Monsoon,3483.53,Metal
Pottery & Terracotta,Decorative Pot,115.95,3,Srinagar,Jammu and Kashmir,0.892,0.1307,Winter,2216.22,Clay
"Bamboo, Cane & Natural Fibre",Mat,178.07,4,Jaipur,Rajasthan,0.587,-0.0088,Normal,1282.04,Bamboo
Leather & Traditional Craft,Wallet,798.67,8,Kutch,Gujarat,0.462,-0.0371,Summer,4548.45,Leather
Ceramics,Ceramic Jewellery,218.28,1,Kondapalli,Andhra Pradesh,0.789,-0.0596,Normal,1594.26,Ceramic
Pottery & Terracotta,Vase,123.39,5,Kashmir,Jammu and Kashmir,0.335,0.1754,Normal,1211.97,Clay
Pottery & Terracotta,Kitchenware,114.88,4,Pochampally,Telangana,0.573,0.1181,Wedding,1325.42,Terracotta
Handmade Toys,Stuffed Toy,272.15,4,Khurja,Uttar Pradesh,0.727,0.0348,Normal,1503.12,Cotton
Handmade Jewellery,Bangles,444.16,3,Kutch,Gujarat,0.375,0.0916,Festival,2507.89,Brass
Handmade Bags & Accessories,Backpack,228.48,2,Saharanpur,Uttar Pradesh,0.892,0.0991,Normal,1967.97,Canvas
Handmade Toys,Stuffed Toy,172.69,4,Channapatna,Karnataka,0.233,-0.0074,Monsoon,1212.63,Cotton
Handmade Home Décor,Table Décor,392.78,3,Saharanpur,Uttar Pradesh,0.396,0.1077,Normal,2100.95,Ceramic
Handmade Home Décor,Decorative Box,123.72,1,Kutch,Gujarat,0.708,0.0894,Summer,2772.29,Cane
Paintings & Art,Pattachitra,341.11,4,Madhubani,Bihar,0.9,0.056,Wedding,3103.52,Handmade Paper
Natural / Eco-friendly Crafts,Coir Product,66.91,2,Moradabad,Uttar Pradesh,0.701,-0.0537,Wedding,1621.83,Coir
Leather & Traditional Craft,Footwear,505.99,2,Channapatna,Karnataka,0.596,0.0718,Normal,3501.24,Leather
Embroidery & Needlecraft,Wall Hanging,545.96,2,Srinagar,Jammu and Kashmir,0.607,0.0868,Normal,1735.27,Wool
Leather & Traditional Craft,Decorative Leather Product,1133.37,5,Kolkata,West Bengal,0.623,-0.1063,Normal,3544.3,Leather
Handmade Jewellery,Necklace,213.16,6,Assam,Assam,0.293,-0.0783,Normal,1445.25,Beads
Handloom & Textiles,Dupatta,569.9,13,Saharanpur,Uttar Pradesh,0.935,0.211,Normal,2869.38,Silk
Handloom & Textiles,Handwoven Bag,479.44,13,Srikalahasti,Andhra Pradesh,0.727,0.1472,Monsoon,4864.33,Jute
Ceramics,Bowl,197.18,2,Madhubani,Bihar,0.655,-0.0139,Winter,1201.81,Ceramic
Handmade Jewellery,Metal Jewellery,383.61,2,Kutch,Gujarat,0.565,0.0156,Wedding,3634.19,Copper
Paintings & Art,Folk Painting,219.41,6,Kondapalli,Andhra Pradesh,0.686,0.2213,Festival,2296.51,Watercolour
Paintings & Art,Madhubani Painting,300.77,3,Etikoppaka,Andhra Pradesh,0.924,0.1588,Normal,3239.5,Watercolour
Handmade Bags & Accessories,Tote Bag,354.31,3,Assam,Assam,0.604,0.1039,Winter,1832.51,Cotton
Natural / Eco-friendly Crafts,Banana-fibre Product,241.98,1,Srinagar,Jammu and Kashmir,0.688,-0.0655,Festival,1502.27,Banana Fibre
Leather & Traditional Craft,Decorative Leather Product,713.69,6,Khurja,Uttar Pradesh,0.292,0.0721,Normal,3664.46,Leather
Ceramics,Home Décor,127.71,4,Saharanpur,Uttar Pradesh,0.84,0.1629,Normal,1304.37,Ceramic
Embroidery & Needlecraft,Table Runner,99.19,7,Kolkata,West Bengal,0.743,0.1023,Summer,3034.16,Cotton
Paintings & Art,Pattachitra,312.76,3,Kutch,Gujarat,0.611,0.0517,Summer,2345.44,Cloth
Natural / Eco-friendly Crafts,Jute Product,218.29,2,Jaipur,Rajasthan,0.545,0.0742,Normal,1919.08,Jute
Handmade Bags & Accessories,Basket,406.6,2,Etikoppaka,Andhra Pradesh,0.669,0.0908,Normal,3011.23,Jute
Leather & Traditional Craft,Belt,462.74,5,Srikalahasti,Andhra Pradesh,0.69,0.0139,Normal,3187.19,Leather
Handloom & Textiles,Towel,231.29,14,Kolkata,West Bengal,0.187,0.0005,Festival,3331.01,Cotton
Handloom & Textiles,Towel,740.82,12,Narsapur,Andhra Pradesh,0.675,0.0832,Wedding,3623.11,Linen
"Bamboo, Cane & Natural Fibre",Bag,428.26,4,Saharanpur,Uttar Pradesh,0.742,0.0192,Winter,2250.79,Cane
Ceramics,Home Décor,155.9,4,Etikoppaka,Andhra Pradesh,0.603,0.0901,Normal,1660.52,Porcelain
Ceramics,Cup,304.42,3,Bhubaneswar,Odisha,0.672,-0.0304,Summer,1465.48,Ceramic
Leather & Traditional Craft,Footwear,700.72,8,Thanjavur,Tamil Nadu,0.52,0.0029,Normal,2480.64,Leather
Handmade Toys,Puppet,261.3,3,Bhubaneswar,Odisha,0.638,-0.1163,Normal,2538.08,Leather
Handmade Toys,Puppet,30.0,3,Pochampally,Telangana,0.714,0.0768,Festival,2234.9,Cotton
Paintings & Art,Pattachitra,206.26,4,Moradabad,Uttar Pradesh,0.247,0.0074,Normal,1948.06,Handmade Paper
Handmade Jewellery,Bangles,63.1,4,Assam,Assam,0.67,-0.0333,Wedding,3778.32,Glass
Handmade Toys,Wooden Toy,144.43,6,Bhubaneswar,Odisha,0.899,-0.0088,Festival,1640.24,Wood
Pottery & Terracotta,Kitchenware,43.29,3,Madhubani,Bihar,0.804,0.0718,Normal,1356.06,Clay
Leather & Traditional Craft,Leather Bag,691.27,3,Kondapalli,Andhra Pradesh,0.529,-0.1118,Wedding,2364.57,Leather
Leather & Traditional Craft,Belt,879.66,5,Kolkata,West Bengal,0.715,0.0059,Winter,2909.72,Leather
Handmade Home Décor,Decorative Box,495.29,3,Kondapalli,Andhra Pradesh,0.55,-0.0089,Monsoon,2990.2,Cane
Natural / Eco-friendly Crafts,Coir Product,30.0,3,Etikoppaka,Andhra Pradesh,0.436,0.0229,Normal,971.34,Coir
Ceramics,Mug,177.88,1,Khurja,Uttar Pradesh,0.27,-0.0077,Monsoon,1065.81,Ceramic
Metal Crafts,Decorative Item,1230.19,1,Narsapur,Andhra Pradesh,0.7,0.1074,Wedding,7984.13,Copper
Handmade Toys,Educational Toy,201.06,3,Jaipur,Rajasthan,0.859,0.0524,Summer,2239.28,Cotton
Natural / Eco-friendly Crafts,Coir Product,123.68,3,Channapatna,Karnataka,0.577,0.1928,Summer,1427.24,Coir
Handmade Toys,Stuffed Toy,289.14,1,Assam,Assam,0.832,-0.0,Summer,2006.04,Wool
Handmade Toys,Traditional Toy,79.38,2,Jaipur,Rajasthan,0.575,-0.0894,Monsoon,739.36,Clay
Metal Crafts,Decorative Item,1495.21,1,Madhubani,Bihar,0.743,0.0444,Summer,4186.68,Brass
Ceramics,Cup,116.23,2,Moradabad,Uttar Pradesh,0.454,0.0685,Normal,1230.86,Stoneware
Metal Crafts,Utensil,1318.68,6,Kolkata,West Bengal,0.563,0.058,Normal,7443.75,Bell Metal
Paintings & Art,Gond Art,88.21,1,Madhubani,Bihar,0.595,0.0697,Winter,859.52,Watercolour
Handloom & Textiles,Towel,264.37,13,Channapatna,Karnataka,0.786,0.0214,Normal,2679.48,Linen
Leather & Traditional Craft,Decorative Leather Product,231.4,3,Narsapur,Andhra Pradesh,0.526,-0.0289,Winter,3178.59,Leather
"Bamboo, Cane & Natural Fibre",Storage Box,202.01,4,Bhubaneswar,Odisha,0.757,-0.05,Winter,1847.35,Cane
Woodcraft,Furniture,509.77,5,Raghurajpur,Odisha,0.741,0.131,Wedding,3728.8,Mango Wood
Handmade Jewellery,Bracelet,674.35,5,Raghurajpur,Odisha,0.241,-0.0262,Normal,2474.84,Brass
Embroidery & Needlecraft,Embroidered Bag,219.43,12,Narsapur,Andhra Pradesh,0.532,0.1452,Winter,3296.94,Jute
Paintings & Art,Handmade Wall Art,56.42,8,Kolkata,West Bengal,0.687,-0.0025,Normal,2224.84,Canvas
Ceramics,Bowl,227.88,2,Khurja,Uttar Pradesh,0.614,0.1553,Festival,2538.88,Ceramic
Handmade Home Décor,Mirror,403.77,3,Pochampally,Telangana,0.294,0.2033,Normal,1432.06,Metal
Embroidery & Needlecraft,Embroidered Clothing,538.15,9,Kutch,Gujarat,0.628,0.0149,Normal,3885.72,Linen
"Bamboo, Cane & Natural Fibre",Storage Box,111.07,1,Srikalahasti,Andhra Pradesh,0.728,-0.0328,Normal,965.85,Cane
Woodcraft,Kitchenware,663.81,3,Kashmir,Jammu and Kashmir,0.645,0.1202,Festival,4876.61,Wood
Leather & Traditional Craft,Leather Bag,684.78,6,Etikoppaka,Andhra Pradesh,0.906,0.0592,Normal,2670.82,Leather
Metal Crafts,Utensil,1609.29,8,Madhubani,Bihar,0.235,-0.0594,Wedding,4506.8,Copper
Handmade Jewellery,Lac Jewellery,471.46,5,Khurja,Uttar Pradesh,0.801,-0.0609,Summer,3857.4,Lac
Embroidery & Needlecraft,Embroidered Bag,503.43,10,Kondapalli,Andhra Pradesh,0.756,0.0134,Normal,3288.25,Cotton
Metal Crafts,Jewellery,944.17,2,Kolkata,West Bengal,0.646,-0.0555,Festival,5003.34,Copper
Woodcraft,Decorative Panel,683.74,11,Narsapur,Andhra Pradesh,0.887,0.2908,Summer,2598.34,Wood
Ceramics,Cup,184.31,3,Raghurajpur,Odisha,0.443,0.1718,Normal,1303.5,Ceramic
Natural / Eco-friendly Crafts,Jute Product,292.34,3,Kashmir,Jammu and Kashmir,0.763,-0.0232,Normal,2582.57,Jute
Handmade Toys,Puppet,242.03,4,Channapatna,Karnataka,0.704,0.0685,Normal,1819.9,Wood
Paintings & Art,Folk Painting,375.2,2,Etikoppaka,Andhra Pradesh,0.633,0.1832,Festival,2854.33,Acrylic
"Bamboo, Cane & Natural Fibre",Furniture,241.82,4,Moradabad,Uttar Pradesh,0.396,0.1361,Normal,1137.32,Cane
Embroidery & Needlecraft,Cushion Cover,821.7,9,Madhubani,Bihar,0.517,0.1939,Normal,2891.57,Silk
Metal Crafts,Metal Sculpture,1336.93,3,Pochampally,Telangana,0.717,-0.022,Normal,5445.19,Bell Metal
Handmade Toys,Educational Toy,145.67,4,Narsapur,Andhra Pradesh,0.56,-0.1724,Festival,1525.58,Cotton
Handmade Home Décor,Handmade Clock,263.36,5,Khurja,Uttar Pradesh,0.672,0.0924,Festival,3915.88,Bamboo
Leather & Traditional Craft,Footwear,816.67,3,Saharanpur,Uttar Pradesh,0.73,0.1808,Normal,5309.85,Leather
Embroidery & Needlecraft,Quilt,295.97,3,Raghurajpur,Odisha,0.538,0.173,Summer,2569.65,Cotton
Natural / Eco-friendly Crafts,Eco-friendly Packaging,119.5,1,Jaipur,Rajasthan,0.72,0.0836,Normal,1739.84,Jute
Handmade Jewellery,Handmade Earrings,208.74,2,Narsapur,Andhra Pradesh,0.636,0.1241,Winter,2690.87,Terracotta
Natural / Eco-friendly Crafts,Palm-leaf Product,167.89,4,Kutch,Gujarat,0.579,0.1656,Normal,2146.28,Palm Leaf
Leather & Traditional Craft,Footwear,762.0,6,Srinagar,Jammu and Kashmir,0.627,-0.1103,Festival,5150.77,Leather
Handmade Toys,Stuffed Toy,142.99,3,Kolkata,West Bengal,0.702,0.1612,Normal,1897.24,Cotton
Ceramics,Bowl,235.91,5,Kondapalli,Andhra Pradesh,0.737,0.1839,Wedding,2765.05,Ceramic
Ceramics,Plate,39.33,3,Bastar,Chhattisgarh,0.372,-0.1115,Summer,670.04,Stoneware
Embroidery & Needlecraft,Patchwork Product,476.58,7,Jaipur,Rajasthan,0.836,0.0763,Winter,3350.65,Linen
Leather & Traditional Craft,Leather Bag,627.97,3,Kutch,Gujarat,0.876,0.1309,Festival,4514.83,Leather
Handmade Toys,Handmade Game,120.78,1,Moradabad,Uttar Pradesh,0.76,0.0928,Normal,1757.23,Cloth
Handmade Bags & Accessories,Handbag,202.45,3,Bastar,Chhattisgarh,0.473,0.1574,Normal,1630.56,Jute
Metal Crafts,Jewellery,1287.93,7,Saharanpur,Uttar Pradesh,0.433,0.1689,Normal,7846.13,Brass
Natural / Eco-friendly Crafts,Jute Product,336.29,5,Channapatna,Karnataka,0.647,0.0655,Wedding,2065.19,Jute
Handmade Jewellery,Bangles,368.9,3,Kashmir,Jammu and Kashmir,0.959,-0.0088,Summer,2200.37,Glass
Ceramics,Bowl,54.19,2,Madhubani,Bihar,0.631,0.1813,Normal,1011.92,Ceramic
Woodcraft,Decorative Panel,393.61,7,Etikoppaka,Andhra Pradesh,0.498,0.2645,Festival,3284.65,Wood
Pottery & Terracotta,Clay Pot,65.88,3,Assam,Assam,0.782,0.0446,Normal,1487.37,Clay
Woodcraft,Wooden Jewellery,437.86,11,Bhubaneswar,Odisha,0.695,0.1938,Festival,2730.33,Wood
Handloom & Textiles,Shawl,354.07,11,Channapatna,Karnataka,0.446,-0.0396,Festival,3821.12,Linen
Handloom & Textiles,Durrie,278.21,12,Kutch,Gujarat,0.401,0.077,Normal,1972.44,Wool
Paintings & Art,Pattachitra,166.62,8,Channapatna,Karnataka,0.876,0.0293,Monsoon,1765.23,Cloth
Paintings & Art,Madhubani Painting,162.55,7,Bastar,Chhattisgarh,0.557,-0.0127,Festival,3384.86,Watercolour
Ceramics,Ceramic Jewellery,300.22,1,Jaipur,Rajasthan,0.852,0.0674,Summer,2019.44,Porcelain
Paintings & Art,Handmade Wall Art,212.94,9,Srikalahasti,Andhra Pradesh,0.627,0.0396,Monsoon,1729.32,Canvas
"Bamboo, Cane & Natural Fibre",Bottle/Container,176.33,5,Bhubaneswar,Odisha,0.649,0.1156,Normal,1676.45,Cane
Metal Crafts,Brassware,1595.48,4,Raghurajpur,Odisha,0.248,0.004,Normal,4408.14,Brass
Handloom & Textiles,Towel,667.24,9,Jaipur,Rajasthan,0.69,-0.0868,Normal,4057.6,Linen
Leather & Traditional Craft,Decorative Leather Product,1068.62,3,Srinagar,Jammu and Kashmir,0.933,0.0889,Normal,4847.56,Leather
Handmade Home Décor,Dreamcatcher,396.56,4,Assam,Assam,0.841,-0.1018,Normal,1722.49,Bamboo
Handmade Bags & Accessories,Basket,171.64,1,Madhubani,Bihar,0.494,0.202,Normal,2528.75,Jute
Woodcraft,Figurine,706.81,6,Khurja,Uttar Pradesh,0.671,0.0267,Normal,2525.85,Wood
Metal Crafts,Decorative Item,1187.89,8,Madhubani,Bihar,0.556,0.1922,Normal,3877.42,Copper
Handmade Bags & Accessories,Clutch,393.68,3,Khurja,Uttar Pradesh,0.693,0.1041,Normal,1896.96,Lac
Pottery & Terracotta,Terracotta Figurine,80.17,2,Pochampally,Telangana,0.438,0.0605,Wedding,1421.34,Terracotta
Metal Crafts,Copperware,1502.83,4,Madhubani,Bihar,0.574,0.0545,Festival,7721.29,Copper
Handmade Jewellery,Handmade Earrings,197.06,4,Kolkata,West Bengal,0.428,0.1259,Winter,2097.02,Lac
Embroidery & Needlecraft,Table Runner,698.82,4,Srinagar,Jammu and Kashmir,0.504,0.0536,Monsoon,3299.84,Linen
Paintings & Art,Phad Painting,361.77,3,Saharanpur,Uttar Pradesh,0.515,0.0642,Winter,3191.62,Natural Pigment
Handmade Toys,Traditional Toy,117.06,3,Saharanpur,Uttar Pradesh,0.415,0.0801,Winter,1868.62,Wood
Handmade Jewellery,Beaded Jewellery,603.97,2,Srikalahasti,Andhra Pradesh,0.735,-0.0074,Festival,4551.11,Glass Beads
Metal Crafts,Brassware,1228.4,10,Madhubani,Bihar,0.47,0.0694,Normal,4932.62,Brass
Paintings & Art,Folk Painting,339.66,6,Thanjavur,Tamil Nadu,0.827,-0.0046,Festival,3763.82,Acrylic
Woodcraft,Figurine,561.92,6,Etikoppaka,Andhra Pradesh,0.635,-0.0836,Normal,2009.63,Wood
Metal Crafts,Copperware,595.73,7,Etikoppaka,Andhra Pradesh,0.399,0.031,Wedding,2584.44,Copper
Paintings & Art,Madhubani Painting,405.01,3,Channapatna,Karnataka,0.725,0.1461,Normal,2604.2,Watercolour
Natural / Eco-friendly Crafts,Eco-friendly Packaging,224.14,4,Saharanpur,Uttar Pradesh,0.37,-0.0068,Normal,1860.16,Jute
Handmade Home Décor,Mirror,547.17,3,Khurja,Uttar Pradesh,0.375,0.0003,Festival,1888.22,Bamboo
Handmade Jewellery,Tribal Jewellery,1089.99,1,Madhubani,Bihar,0.455,0.1705,Festival,4746.31,Silver
Handmade Home Décor,Handmade Clock,295.55,3,Madhubani,Bihar,0.48,0.0868,Normal,3323.56,Bamboo
Handmade Jewellery,Handmade Earrings,360.91,5,Madhubani,Bihar,0.887,0.0727,Normal,4423.23,Beads
Handmade Home Décor,Candle,209.68,2,Channapatna,Karnataka,0.758,0.0416,Normal,2246.52,Beeswax
Natural / Eco-friendly Crafts,Natural-fibre Basket,173.69,4,Kondapalli,Andhra Pradesh,0.718,-0.0898,Festival,2091.45,Coir
Handmade Home Décor,Wall Hanging,198.05,1,Kondapalli,Andhra Pradesh,0.606,0.1122,Monsoon,1211.89,Jute
"Bamboo, Cane & Natural Fibre",Lampshade,227.82,4,Assam,Assam,0.464,0.0886,Normal,2619.58,Bamboo
Ceramics,Vase,194.94,4,Thanjavur,Tamil Nadu,0.253,0.0348,Normal,1289.1,Stoneware
Woodcraft,Figurine,539.45,5,Bhubaneswar,Odisha,0.853,-0.0202,Summer,2434.73,Wood
Embroidery & Needlecraft,Cushion Cover,478.16,11,Thanjavur,Tamil Nadu,0.327,0.0574,Festival,2651.68,Linen
Pottery & Terracotta,Sculpture,30.0,3,Madhubani,Bihar,0.608,-0.0319,Summer,859.3,Terracotta
Pottery & Terracotta,Decorative Pot,211.74,2,Kashmir,Jammu and Kashmir,0.58,0.0605,Winter,1503.2,Clay
Ceramics,Decorative Piece,188.49,2,Etikoppaka,Andhra Pradesh,0.607,0.0556,Winter,1276.67,Ceramic
Handmade Jewellery,Tribal Jewellery,1251.52,3,Khurja,Uttar Pradesh,0.746,0.2901,Normal,4163.82,Silver
Handmade Toys,Puppet,320.21,2,Bastar,Chhattisgarh,0.309,0.0896,Normal,1568.56,Leather
Pottery & Terracotta,Vase,123.24,2,Pochampally,Telangana,0.528,0.1157,Wedding,1794.8,Clay
Paintings & Art,Sketch,323.17,8,Moradabad,Uttar Pradesh,0.501,0.1341,Monsoon,2164.49,Ink
Pottery & Terracotta,Planter,145.54,3,Saharanpur,Uttar Pradesh,0.719,0.131,Normal,1603.21,Terracotta
Metal Crafts,Copperware,1012.79,1,Khurja,Uttar Pradesh,0.659,-0.0021,Festival,6403.38,Copper
Handmade Bags & Accessories,Tote Bag,327.58,4,Bastar,Chhattisgarh,0.871,0.1278,Winter,3075.32,Canvas
Handmade Toys,Wooden Toy,212.37,1,Kolkata,West Bengal,0.604,0.1937,Festival,2593.21,Wood
Handloom & Textiles,Dupatta,628.59,9,Kutch,Gujarat,0.777,0.0415,Normal,3834.45,Linen
Paintings & Art,Kalamkari,722.35,6,Moradabad,Uttar Pradesh,0.4,0.0602,Normal,1704.5,Silk
Ceramics,Plate,238.19,1,Channapatna,Karnataka,0.576,0.0725,Winter,1969.12,Ceramic
Ceramics,Ceramic Jewellery,320.26,1,Khurja,Uttar Pradesh,0.667,0.1077,Monsoon,2014.83,Porcelain
Natural / Eco-friendly Crafts,Eco-friendly Packaging,71.69,3,Kutch,Gujarat,0.751,0.1628,Winter,1839.59,Banana Fibre
Ceramics,Vase,366.94,3,Channapatna,Karnataka,0.538,-0.006,Wedding,1831.5,Stoneware
Handmade Jewellery,Terracotta Jewellery,229.61,3,Kondapalli,Andhra Pradesh,0.679,-0.0593,Winter,1432.71,Terracotta
"Bamboo, Cane & Natural Fibre",Bag,131.14,3,Pochampally,Telangana,0.556,0.0331,Winter,1728.47,Jute
Woodcraft,Furniture,921.0,15,Kutch,Gujarat,0.583,0.115,Winter,5276.01,Teak Wood
Natural / Eco-friendly Crafts,Coir Product,226.22,2,Etikoppaka,Andhra Pradesh,0.532,0.028,Summer,1990.81,Coir
Handmade Jewellery,Terracotta Jewellery,309.13,4,Kutch,Gujarat,0.766,0.008,Normal,2236.63,Terracotta
Natural / Eco-friendly Crafts,Coir Product,117.82,3,Saharanpur,Uttar Pradesh,0.642,0.0812,Monsoon,1841.81,Coir
Embroidery & Needlecraft,Embroidered Clothing,331.36,9,Assam,Assam,0.626,0.1067,Normal,2829.87,Cotton
"Bamboo, Cane & Natural Fibre",Storage Box,228.16,4,Kutch,Gujarat,0.793,0.2097,Normal,1637.54,Cane
"Bamboo, Cane & Natural Fibre",Basket,225.39,3,Etikoppaka,Andhra Pradesh,0.753,0.1847,Festival,2379.72,Cane
Leather & Traditional Craft,Traditional Leather Craft,810.42,8,Bastar,Chhattisgarh,0.517,0.0515,Wedding,4413.87,Leather
Handmade Home Décor,Mirror,345.72,3,Saharanpur,Uttar Pradesh,0.612,0.1623,Normal,2429.18,Wood
Leather & Traditional Craft,Footwear,813.4,8,Etikoppaka,Andhra Pradesh,0.446,0.1198,Festival,3047.57,Leather
Metal Crafts,Jewellery,1802.46,6,Kondapalli,Andhra Pradesh,0.541,-0.0558,Festival,4715.41,Silver
Embroidery & Needlecraft,Embroidered Clothing,379.15,5,Jaipur,Rajasthan,0.29,0.0514,Normal,2230.02,Cotton
Leather & Traditional Craft,Leather Bag,833.42,4,Channapatna,Karnataka,0.938,0.1186,Festival,4381.18,Leather
Paintings & Art,Warli Painting,484.25,7,Pochampally,Telangana,0.624,0.0176,Normal,2968.28,Acrylic
Paintings & Art,Miniature Painting,219.16,2,Channapatna,Karnataka,0.498,0.0033,Normal,2135.37,Handmade Paper
Handmade Toys,Puppet,302.61,3,Raghurajpur,Odisha,0.765,0.0465,Normal,1537.15,Leather
Paintings & Art,Handmade Wall Art,313.23,10,Etikoppaka,Andhra Pradesh,0.68,0.0577,Normal,1869.41,Canvas
Paintings & Art,Madhubani Painting,174.97,2,Kashmir,Jammu and Kashmir,0.827,-0.0077,Festival,2958.35,Acrylic
Natural / Eco-friendly Crafts,Banana-fibre Product,104.42,1,Kolkata,West Bengal,0.759,-0.0119,Normal,1366.58,Banana Fibre
Pottery & Terracotta,Decorative Pot,58.59,2,Srikalahasti,Andhra Pradesh,0.821,-0.1239,Festival,1782.49,Clay
Embroidery & Needlecraft,Embroidered Clothing,547.4,5,Khurja,Uttar Pradesh,0.535,0.0097,Winter,3554.23,Linen
Woodcraft,Furniture,673.41,6,Srinagar,Jammu and Kashmir,0.48,0.0094,Normal,3982.53,Sheesham Wood
Paintings & Art,Madhubani Painting,231.37,4,Saharanpur,Uttar Pradesh,0.72,-0.0213,Normal,2231.48,Natural Pigment
Pottery & Terracotta,Terracotta Figurine,70.58,2,Narsapur,Andhra Pradesh,0.753,0.0675,Normal,1456.74,Clay
Metal Crafts,Jewellery,1086.49,6,Narsapur,Andhra Pradesh,0.635,0.0465,Normal,4790.61,Copper
Pottery & Terracotta,Diya,30.0,1,Assam,Assam,0.915,-0.0173,Wedding,1186.43,Clay
Metal Crafts,Jewellery,1860.54,5,Srinagar,Jammu and Kashmir,0.694,0.0564,Normal,7480.91,Silver
Paintings & Art,Gond Art,372.69,4,Raghurajpur,Odisha,0.497,0.2005,Winter,2499.34,Watercolour
Paintings & Art,Phad Painting,274.14,6,Madhubani,Bihar,0.362,-0.0332,Normal,1384.67,Cotton
Leather & Traditional Craft,Leather Bag,1058.51,5,Narsapur,Andhra Pradesh,0.417,-0.0315,Normal,4606.82,Leather
Woodcraft,Figurine,187.12,3,Kutch,Gujarat,0.412,0.17,Normal,2584.58,Wood
Leather & Traditional Craft,Traditional Leather Craft,541.35,6,Saharanpur,Uttar Pradesh,0.66,0.0419,Festival,4694.24,Leather
Paintings & Art,Sketch,360.62,5,Srikalahasti,Andhra Pradesh,0.514,0.0276,Monsoon,1975.93,Graphite
"Bamboo, Cane & Natural Fibre",Lampshade,139.14,3,Bastar,Chhattisgarh,0.851,0.0028,Normal,2225.57,Jute
Metal Crafts,Jewellery,1043.26,9,Saharanpur,Uttar Pradesh,0.461,-0.0351,Normal,5094.9,Copper
Leather & Traditional Craft,Belt,514.18,4,Moradabad,Uttar Pradesh,0.61,0.0582,Wedding,2187.49,Leather
Handmade Home Décor,Candle,642.27,2,Saharanpur,Uttar Pradesh,0.682,0.0737,Normal,3711.26,Beeswax
Paintings & Art,Warli Painting,189.49,10,Etikoppaka,Andhra Pradesh,0.722,0.1854,Winter,2258.48,Natural Pigment
Woodcraft,Wooden Jewellery,359.32,14,Thanjavur,Tamil Nadu,0.449,0.0828,Normal,1942.77,Wood
Pottery & Terracotta,Planter,94.14,2,Kondapalli,Andhra Pradesh,0.665,-0.0162,Winter,1437.25,Terracotta
Handmade Bags & Accessories,Basket,310.72,4,Kashmir,Jammu and Kashmir,0.881,-0.0271,Winter,2639.9,Cane
Handmade Toys,Handmade Game,199.94,4,Kashmir,Jammu and Kashmir,0.527,0.051,Normal,1313.87,Wood
Ceramics,Home Décor,254.97,3,Kondapalli,Andhra Pradesh,0.516,-0.015,Winter,1953.1,Porcelain
Handmade Jewellery,Tribal Jewellery,1111.6,3,Raghurajpur,Odisha,0.253,-0.1212,Monsoon,2808.7,Silver
Handloom & Textiles,Bedsheet,163.3,10,Kondapalli,Andhra Pradesh,0.53,-0.05,Normal,2569.34,Jute
Handmade Home Décor,Showpiece,497.2,3,Narsapur,Andhra Pradesh,0.89,-0.0362,Winter,2178.65,Ceramic
Handmade Bags & Accessories,Tote Bag,468.86,3,Srinagar,Jammu and Kashmir,0.803,0.0422,Festival,2305.74,Jute
"Bamboo, Cane & Natural Fibre",Decorative Item,190.48,4,Moradabad,Uttar Pradesh,0.583,0.1056,Monsoon,1986.31,Cane
Paintings & Art,Tanjore Painting,201.45,5,Bhubaneswar,Odisha,0.785,-0.1643,Normal,3046.54,Natural Pigment
Paintings & Art,Gond Art,348.64,5,Channapatna,Karnataka,0.585,-0.0244,Normal,2292.37,Acrylic
Handmade Jewellery,Necklace,629.49,4,Channapatna,Karnataka,0.586,0.1193,Summer,4461.8,Beads
Handmade Home Décor,Handmade Clock,380.08,5,Etikoppaka,Andhra Pradesh,0.674,-0.0674,Winter,1596.9,Bamboo
Handmade Jewellery,Bracelet,348.84,4,Narsapur,Andhra Pradesh,0.526,0.046,Festival,2523.78,Lac
Pottery & Terracotta,Planter,106.07,3,Raghurajpur,Odisha,0.445,-0.0135,Normal,1710.53,Terracotta
Handmade Bags & Accessories,Pouch,284.01,2,Srikalahasti,Andhra Pradesh,0.49,0.1485,Festival,3620.51,Leather
Handmade Jewellery,Necklace,171.81,2,Kondapalli,Andhra Pradesh,0.672,0.0788,Summer,1929.28,Beads
Handmade Jewellery,Handmade Earrings,300.64,6,Raghurajpur,Odisha,0.667,0.2139,Winter,2241.91,Lac
Leather & Traditional Craft,Footwear,1014.44,9,Assam,Assam,0.727,0.2639,Normal,3289.71,Leather
Ceramics,Decorative Piece,30.0,3,Pochampally,Telangana,0.847,0.2121,Normal,2735.36,Stoneware
Woodcraft,Wall Décor,563.54,3,Raghurajpur,Odisha,0.797,0.0903,Festival,5537.36,Wood
Handloom & Textiles,Dupatta,450.62,7,Pochampally,Telangana,0.428,-0.0584,Festival,2762.92,Linen
"Bamboo, Cane & Natural Fibre",Bag,295.57,3,Kashmir,Jammu and Kashmir,0.774,0.2371,Festival,1813.49,Cane
Handloom & Textiles,Dupatta,458.06,3,Narsapur,Andhra Pradesh,0.55,0.144,Normal,2776.97,Wool
Leather & Traditional Craft,Footwear,1044.77,2,Jaipur,Rajasthan,0.497,0.1255,Normal,4066.49,Leather
"Bamboo, Cane & Natural Fibre",Tray,59.88,1,Pochampally,Telangana,0.783,0.0261,Winter,1532.12,Palm Leaf
Handloom & Textiles,Rug,220.86,5,Etikoppaka,Andhra Pradesh,0.651,0.0913,Winter,3170.28,Cotton
Pottery & Terracotta,Clay Pot,88.59,3,Kondapalli,Andhra Pradesh,0.486,0.1647,Festival,1843.15,Clay
Metal Crafts,Utensil,1224.8,3,Assam,Assam,0.418,-0.0559,Normal,3652.15,Brass
Ceramics,Vase,135.57,1,Narsapur,Andhra Pradesh,0.859,0.114,Normal,2088.57,Stoneware
Handmade Toys,Cloth Doll,194.65,2,Saharanpur,Uttar Pradesh,0.351,0.0803,Summer,2081.51,Cotton
Handmade Jewellery,Terracotta Jewellery,353.56,2,Etikoppaka,Andhra Pradesh,0.781,0.2514,Wedding,3157.74,Terracotta
"Bamboo, Cane & Natural Fibre",Household Product,163.7,1,Kolkata,West Bengal,0.414,-0.0498,Wedding,1403.68,Bamboo
Handmade Bags & Accessories,Basket,235.53,3,Madhubani,Bihar,0.781,0.0738,Festival,1963.89,Cane
Handmade Jewellery,Terracotta Jewellery,178.38,5,Assam,Assam,0.64,-0.04,Normal,2429.9,Terracotta
Handloom & Textiles,Durrie,284.03,5,Kolkata,West Bengal,0.58,0.0018,Wedding,1976.34,Cotton
Leather & Traditional Craft,Wallet,648.28,5,Kolkata,West Bengal,0.788,0.1436,Monsoon,3469.23,Leather
Natural / Eco-friendly Crafts,Handmade Paper Product,153.14,2,Jaipur,Rajasthan,0.626,0.1054,Normal,1736.23,Handmade Paper
Ceramics,Ceramic Jewellery,189.81,2,Channapatna,Karnataka,0.492,0.0038,Normal,910.13,Ceramic
Handmade Jewellery,Beaded Jewellery,286.42,3,Moradabad,Uttar Pradesh,0.634,0.0892,Normal,2722.66,Glass Beads
Leather & Traditional Craft,Leather Bag,887.84,3,Bhubaneswar,Odisha,0.537,-0.0554,Normal,2887.06,Leather
"Bamboo, Cane & Natural Fibre",Lampshade,172.35,4,Thanjavur,Tamil Nadu,0.61,0.0888,Normal,2511.89,Cane
Natural / Eco-friendly Crafts,Coir Product,115.68,4,Jaipur,Rajasthan,0.295,0.0645,Normal,828.02,Coir
Natural / Eco-friendly Crafts,Natural-fibre Basket,75.58,2,Jaipur,Rajasthan,0.494,0.1043,Normal,1800.95,Coir
"Bamboo, Cane & Natural Fibre",Furniture,81.04,4,Kutch,Gujarat,0.735,0.0516,Winter,1658.15,Cane
Handmade Home Décor,Candle,453.1,2,Khurja,Uttar Pradesh,0.521,-0.0427,Winter,4233.91,Beeswax
Handmade Toys,Stuffed Toy,230.45,5,Bhubaneswar,Odisha,0.579,-0.0531,Monsoon,1683.1,Wool
Handmade Jewellery,Bracelet,209.25,1,Kondapalli,Andhra Pradesh,0.517,-0.0341,Wedding,1445.46,Beads
Handmade Bags & Accessories,Basket,215.8,3,Khurja,Uttar Pradesh,0.581,-0.1123,Normal,1420.4,Bamboo
Leather & Traditional Craft,Belt,807.41,2,Pochampally,Telangana,0.789,0.0934,Wedding,3051.58,Leather
Pottery & Terracotta,Sculpture,76.0,3,Thanjavur,Tamil Nadu,0.798,-0.103,Summer,1644.78,Terracotta
Woodcraft,Decorative Panel,571.02,5,Kondapalli,Andhra Pradesh,0.468,0.1495,Festival,4181.41,Wood
Pottery & Terracotta,Clay Lamp,116.6,2,Madhubani,Bihar,0.571,0.0649,Festival,1900.69,Clay
Natural / Eco-friendly Crafts,Banana-fibre Product,92.99,4,Narsapur,Andhra Pradesh,0.674,-0.0403,Normal,1607.09,Banana Fibre
Handloom & Textiles,Scarf,321.59,2,Narsapur,Andhra Pradesh,0.701,0.0333,Monsoon,3119.84,Linen
"Bamboo, Cane & Natural Fibre",Storage Box,129.0,1,Srinagar,Jammu and Kashmir,0.733,0.1166,Festival,1859.64,Bamboo
Embroidery & Needlecraft,Embroidered Bag,349.55,7,Srikalahasti,Andhra Pradesh,0.365,-0.0558,Winter,1522.31,Cotton
Handloom & Textiles,Carpet,465.1,5,Channapatna,Karnataka,0.471,0.1211,Normal,2752.17,Wool
Metal Crafts,Utensil,1142.67,6,Thanjavur,Tamil Nadu,0.603,0.1807,Normal,3951.82,Copper
Woodcraft,Figurine,466.78,4,Moradabad,Uttar Pradesh,0.641,0.043,Winter,3120.58,Wood
Paintings & Art,Phad Painting,201.78,1,Bhubaneswar,Odisha,0.688,0.2239,Wedding,1866.62,Cotton
Handmade Jewellery,Handmade Earrings,144.17,2,Etikoppaka,Andhra Pradesh,0.623,-0.0757,Normal,2652.64,Terracotta
Handmade Jewellery,Beaded Jewellery,52.49,5,Srikalahasti,Andhra Pradesh,0.657,0.007,Summer,1587.69,Glass Beads
Metal Crafts,Lamp,545.82,10,Thanjavur,Tamil Nadu,0.447,-0.0256,Monsoon,4143.3,Copper
Leather & Traditional Craft,Wallet,872.47,2,Pochampally,Telangana,0.801,0.173,Normal,3209.29,Leather
Handloom & Textiles,Towel,289.96,4,Narsapur,Andhra Pradesh,0.735,0.041,Normal,1745.93,Cotton
Natural / Eco-friendly Crafts,Banana-fibre Product,66.51,2,Thanjavur,Tamil Nadu,0.655,0.1076,Festival,2075.88,Banana Fibre
Handmade Bags & Accessories,Backpack,368.25,4,Bastar,Chhattisgarh,0.517,0.1979,Normal,2650.65,Cotton
"Bamboo, Cane & Natural Fibre",Lampshade,217.98,3,Saharanpur,Uttar Pradesh,0.866,0.142,Normal,2580.19,Cane
Pottery & Terracotta,Terracotta Figurine,130.67,2,Bastar,Chhattisgarh,0.492,0.2203,Normal,1335.89,Terracotta
Ceramics,Ceramic Jewellery,326.56,2,Kolkata,West Bengal,0.756,-0.0321,Wedding,2096.54,Porcelain
Embroidery & Needlecraft,Wall Hanging,576.75,3,Assam,Assam,0.627,-0.0226,Normal,2066.84,Wool
Woodcraft,Box,400.73,9,Khurja,Uttar Pradesh,0.492,0.0909,Normal,3495.4,Wood
Metal Crafts,Utensil,1204.54,7,Bastar,Chhattisgarh,0.653,0.0747,Normal,4424.93,Copper
Woodcraft,Wooden Jewellery,434.21,3,Srinagar,Jammu and Kashmir,0.825,0.0697,Normal,2206.79,Wood
Handmade Home Décor,Sculpture,230.33,1,Pochampally,Telangana,0.671,-0.0239,Wedding,2933.14,Clay
Handmade Home Décor,Handmade Clock,337.8,4,Kashmir,Jammu and Kashmir,0.328,0.0433,Festival,3096.91,Bamboo
Metal Crafts,Brassware,954.85,5,Bhubaneswar,Odisha,0.594,0.2309,Normal,3078.61,Brass
Woodcraft,Sculpture,737.76,9,Khurja,Uttar Pradesh,0.574,0.0851,Winter,5730.95,Wood
Handmade Home Décor,Sculpture,322.76,2,Assam,Assam,0.71,0.0334,Wedding,1676.96,Clay
Handmade Home Décor,Wall Hanging,198.45,4,Kondapalli,Andhra Pradesh,0.64,0.046,Winter,2036.11,Bamboo
Handmade Bags & Accessories,Backpack,417.94,3,Jaipur,Rajasthan,0.748,0.149,Festival,3184.86,Leather
Leather & Traditional Craft,Wallet,484.95,4,Assam,Assam,0.45,0.0958,Normal,3312.08,Leather
Paintings & Art,Folk Painting,280.98,6,Kolkata,West Bengal,0.274,0.0258,Normal,1230.21,Watercolour
Metal Crafts,Brassware,1164.53,9,Srikalahasti,Andhra Pradesh,0.412,-0.0297,Normal,7444.65,Brass
Handloom & Textiles,Stole,349.12,7,Saharanpur,Uttar Pradesh,0.663,-0.0558,Normal,2143.13,Linen
Handmade Bags & Accessories,Wallet,500.97,5,Srikalahasti,Andhra Pradesh,0.521,0.0627,Normal,2293.58,Leather
"Bamboo, Cane & Natural Fibre",Lampshade,236.44,2,Kashmir,Jammu and Kashmir,0.787,0.0083,Monsoon,1311.93,Bamboo
Leather & Traditional Craft,Decorative Leather Product,418.33,8,Moradabad,Uttar Pradesh,0.725,0.1793,Summer,4810.89,Leather
Woodcraft,Kitchenware,308.99,8,Bastar,Chhattisgarh,0.633,0.0484,Festival,5025.8,Wood
"Bamboo, Cane & Natural Fibre",Bottle/Container,138.29,4,Madhubani,Bihar,0.699,0.0692,Festival,2111.18,Bamboo
Leather & Traditional Craft,Wallet,699.91,7,Srinagar,Jammu and Kashmir,0.33,0.0739,Normal,4736.32,Leather
Embroidery & Needlecraft,Table Runner,368.31,4,Srikalahasti,Andhra Pradesh,0.794,0.0068,Festival,4087.03,Cotton
Handmade Toys,Wooden Toy,273.8,4,Thanjavur,Tamil Nadu,0.509,0.0175,Wedding,1824.07,Wood
Handmade Jewellery,Metal Jewellery,556.65,3,Kolkata,West Bengal,0.859,0.0828,Summer,1912.89,Brass
Embroidery & Needlecraft,Embroidered Bag,695.58,2,Pochampally,Telangana,0.329,0.0447,Winter,4205.76,Silk
Metal Crafts,Jewellery,1230.16,1,Madhubani,Bihar,0.669,0.0438,Normal,3514.71,Copper
Leather & Traditional Craft,Wallet,555.68,3,Kashmir,Jammu and Kashmir,0.69,-0.0259,Festival,2786.14,Leather
Pottery & Terracotta,Clay Lamp,128.07,1,Thanjavur,Tamil Nadu,0.753,0.1045,Festival,1757.26,Clay
Woodcraft,Wall Décor,692.53,11,Pochampally,Telangana,0.412,0.0612,Monsoon,4013.12,Wood
Ceramics,Decorative Piece,92.34,5,Pochampally,Telangana,0.551,0.1246,Festival,2241.47,Stoneware
Ceramics,Decorative Piece,143.72,2,Moradabad,Uttar Pradesh,0.348,-0.1101,Summer,1685.72,Stoneware
Handmade Home Décor,Decorative Box,407.33,3,Srinagar,Jammu and Kashmir,0.535,0.0711,Normal,1492.63,Cane
Leather & Traditional Craft,Wallet,914.63,8,Kutch,Gujarat,0.896,0.0743,Normal,4376.14,Leather
Woodcraft,Sculpture,375.33,9,Thanjavur,Tamil Nadu,0.755,0.0131,Winter,2063.29,Wood
Natural / Eco-friendly Crafts,Handmade Paper Product,295.71,3,Bastar,Chhattisgarh,0.78,0.027,Normal,1491.56,Handmade Paper
Woodcraft,Figurine,772.32,6,Assam,Assam,0.883,0.0056,Festival,4112.99,Wood
Embroidery & Needlecraft,Cushion Cover,550.98,5,Moradabad,Uttar Pradesh,0.645,-0.1762,Normal,2791.15,Linen
Handmade Home Décor,Decorative Box,147.15,5,Thanjavur,Tamil Nadu,0.627,-0.0505,Summer,2606.2,Wood
Pottery & Terracotta,Diya,94.3,2,Channapatna,Karnataka,0.469,-0.0059,Festival,1500.15,Clay
Embroidery & Needlecraft,Quilt,298.99,7,Srikalahasti,Andhra Pradesh,0.235,0.1015,Wedding,3305.21,Cotton
Handmade Toys,Traditional Toy,31.68,4,Assam,Assam,0.868,0.121,Wedding,1432.35,Clay
Handmade Jewellery,Bracelet,421.39,1,Bastar,Chhattisgarh,0.622,0.1652,Festival,4261.04,Brass
"Bamboo, Cane & Natural Fibre",Decorative Item,486.52,2,Channapatna,Karnataka,0.671,0.0709,Winter,2302.63,Cane
Woodcraft,Tray,243.99,5,Jaipur,Rajasthan,0.575,0.0068,Normal,1655.18,Wood
Ceramics,Bowl,212.49,3,Jaipur,Rajasthan,0.958,0.0863,Festival,3268.75,Ceramic
Handmade Bags & Accessories,Basket,357.15,3,Assam,Assam,0.653,-0.103,Normal,3229.88,Jute
Handmade Home Décor,Dreamcatcher,352.88,6,Channapatna,Karnataka,0.293,-0.0386,Winter,2529.5,Cotton
Paintings & Art,Kalamkari,309.97,5,Channapatna,Karnataka,0.618,0.0386,Winter,2916.98,Cotton
Embroidery & Needlecraft,Patchwork Product,738.4,3,Srinagar,Jammu and Kashmir,0.655,-0.0635,Normal,2649.37,Wool
Metal Crafts,Decorative Item,1779.5,11,Channapatna,Karnataka,0.574,0.0658,Monsoon,7054.29,Brass
Embroidery & Needlecraft,Table Runner,295.48,10,Bastar,Chhattisgarh,0.648,0.1533,Wedding,3258.61,Cotton
"Bamboo, Cane & Natural Fibre",Mat,177.69,2,Pochampally,Telangana,0.313,-0.0508,Normal,1043.47,Cane
Handmade Home Décor,Wall Hanging,398.8,4,Saharanpur,Uttar Pradesh,0.77,-0.1022,Wedding,5252.56,Wood
Leather & Traditional Craft,Wallet,800.95,1,Srikalahasti,Andhra Pradesh,0.708,0.0707,Normal,4271.34,Leather
Handmade Toys,Stuffed Toy,31.48,5,Bastar,Chhattisgarh,0.441,0.0332,Normal,1220.48,Jute
Handmade Home Décor,Table Décor,113.75,3,Saharanpur,Uttar Pradesh,0.532,0.0532,Normal,928.42,Ceramic
Handmade Bags & Accessories,Pouch,410.0,3,Khurja,Uttar Pradesh,0.444,0.0327,Wedding,1796.49,Cotton
Embroidery & Needlecraft,Wall Hanging,280.83,6,Raghurajpur,Odisha,0.85,-0.0213,Festival,2841.79,Cotton
Handloom & Textiles,Blanket,724.43,8,Channapatna,Karnataka,0.435,0.0307,Summer,2214.35,Wool
Leather & Traditional Craft,Leather Bag,653.43,2,Raghurajpur,Odisha,0.568,-0.0285,Festival,2700.07,Leather
Leather & Traditional Craft,Footwear,768.35,5,Kolkata,West Bengal,0.746,0.1378,Summer,5692.06,Leather
Woodcraft,Kitchenware,602.11,11,Moradabad,Uttar Pradesh,0.839,0.0617,Wedding,4693.61,Wood
Leather & Traditional Craft,Traditional Leather Craft,635.1,4,Jaipur,Rajasthan,0.596,0.1087,Festival,4344.83,Leather
"Bamboo, Cane & Natural Fibre",Household Product,154.32,5,Pochampally,Telangana,0.871,0.0626,Normal,2926.81,Cane
Embroidery & Needlecraft,Embroidered Bag,183.29,4,Madhubani,Bihar,0.852,0.1426,Summer,1615.52,Jute
Embroidery & Needlecraft,Embroidered Bag,442.43,7,Moradabad,Uttar Pradesh,0.694,-0.0133,Summer,1799.42,Jute
Handloom & Textiles,Stole,338.86,10,Etikoppaka,Andhra Pradesh,0.794,0.0087,Normal,2027.92,Linen
Natural / Eco-friendly Crafts,Palm-leaf Product,173.49,3,Pochampally,Telangana,0.664,0.0646,Summer,1706.17,Palm Leaf
"Bamboo, Cane & Natural Fibre",Decorative Item,77.45,4,Etikoppaka,Andhra Pradesh,0.653,0.0901,Normal,1294.12,Bamboo
Ceramics,Cup,236.9,3,Madhubani,Bihar,0.554,-0.0078,Normal,1478.07,Stoneware
Leather & Traditional Craft,Leather Bag,1054.74,4,Bhubaneswar,Odisha,0.574,0.0561,Winter,5395.34,Leather
Ceramics,Vase,201.65,2,Khurja,Uttar Pradesh,0.632,0.0252,Wedding,1523.27,Ceramic
Natural / Eco-friendly Crafts,Jute Product,126.61,2,Pochampally,Telangana,0.625,0.1518,Normal,1731.95,Jute
Handloom & Textiles,Handwoven Bag,461.97,7,Madhubani,Bihar,0.796,0.0961,Festival,4541.76,Linen
Paintings & Art,Handmade Wall Art,324.13,2,Raghurajpur,Odisha,0.726,0.203,Winter,2271.01,Wood
Woodcraft,Sculpture,449.02,5,Assam,Assam,0.776,0.0456,Wedding,3277.22,Wood
Metal Crafts,Decorative Item,1113.87,5,Narsapur,Andhra Pradesh,0.421,0.1795,Normal,4954.65,Copper
Handmade Home Décor,Handmade Clock,410.17,4,Narsapur,Andhra Pradesh,0.567,-0.1925,Normal,1860.26,Bamboo
Metal Crafts,Decorative Item,1093.37,5,Madhubani,Bihar,0.808,0.0497,Festival,6736.53,Copper
Handloom & Textiles,Dupatta,207.68,12,Moradabad,Uttar Pradesh,0.722,-0.0361,Summer,1573.0,Cotton
Pottery & Terracotta,Clay Pot,127.99,3,Kutch,Gujarat,0.474,0.1589,Festival,1891.9,Terracotta
"Bamboo, Cane & Natural Fibre",Furniture,259.42,4,Kutch,Gujarat,0.636,0.1716,Summer,2694.37,Cane
Handmade Jewellery,Bracelet,157.12,5,Channapatna,Karnataka,0.85,0.1166,Winter,3881.68,Beads
Ceramics,Vase,176.36,1,Madhubani,Bihar,0.602,0.0289,Festival,1940.9,Ceramic
Natural / Eco-friendly Crafts,Banana-fibre Product,96.01,3,Kutch,Gujarat,0.799,-0.0295,Normal,2139.16,Banana Fibre
Ceramics,Cup,296.2,4,Bastar,Chhattisgarh,0.411,0.0877,Normal,1045.44,Ceramic
Paintings & Art,Madhubani Painting,49.05,4,Raghurajpur,Odisha,0.879,-0.1303,Normal,2102.87,Natural Pigment
Handmade Home Décor,Decorative Box,342.02,3,Raghurajpur,Odisha,0.296,0.0289,Normal,2296.4,Bamboo
Leather & Traditional Craft,Belt,806.97,5,Kashmir,Jammu and Kashmir,0.419,0.2996,Monsoon,3407.06,Leather
"Bamboo, Cane & Natural Fibre",Furniture,413.74,4,Narsapur,Andhra Pradesh,0.541,0.2311,Winter,1823.66,Bamboo
Metal Crafts,Bell-metal Product,1417.1,9,Thanjavur,Tamil Nadu,0.792,0.0769,Normal,5468.42,Bell Metal
Handloom & Textiles,Carpet,525.72,6,Kutch,Gujarat,0.769,0.0198,Festival,4800.88,Wool
Handmade Jewellery,Metal Jewellery,780.51,1,Kutch,Gujarat,0.682,0.0207,Summer,2569.28,Brass
Woodcraft,Decorative Panel,498.29,3,Kashmir,Jammu and Kashmir,0.783,-0.0799,Wedding,3964.28,Wood
Embroidery & Needlecraft,Wall Hanging,80.43,10,Pochampally,Telangana,0.676,0.0008,Normal,3021.14,Jute
Handmade Jewellery,Necklace,1081.95,3,Thanjavur,Tamil Nadu,0.52,0.1136,Winter,4221.11,Silver
Handmade Home Décor,Lamp,308.07,5,Bastar,Chhattisgarh,0.643,0.0773,Normal,3708.49,Metal
Handloom & Textiles,Towel,635.84,4,Kolkata,West Bengal,0.581,-0.0088,Festival,2316.45,Linen
Handmade Jewellery,Wooden Jewellery,370.61,6,Pochampally,Telangana,0.62,0.1049,Normal,1713.03,Wood
Handmade Bags & Accessories,Wallet,151.06,4,Jaipur,Rajasthan,0.765,0.0409,Festival,1489.35,Jute
Paintings & Art,Handmade Wall Art,175.72,9,Bhubaneswar,Odisha,0.514,0.1252,Monsoon,2370.97,Canvas
Handloom & Textiles,Handwoven Bag,470.32,5,Kondapalli,Andhra Pradesh,0.701,-0.0078,Festival,3115.45,Linen
Handloom & Textiles,Traditional Garment,401.73,7,Moradabad,Uttar Pradesh,0.646,0.0917,Normal,3103.59,Cotton
Embroidery & Needlecraft,Embroidered Clothing,614.73,5,Madhubani,Bihar,0.586,-0.0342,Normal,1720.05,Silk
Handmade Bags & Accessories,Handmade Belt,532.58,1,Bastar,Chhattisgarh,0.391,0.011,Festival,1828.51,Leather
Handmade Jewellery,Bangles,693.22,3,Jaipur,Rajasthan,0.403,0.0386,Normal,3219.24,Brass
Leather & Traditional Craft,Belt,948.68,5,Kutch,Gujarat,0.633,-0.0243,Summer,3071.57,Leather
Pottery & Terracotta,Kitchenware,115.14,1,Channapatna,Karnataka,0.502,-0.001,Winter,1112.93,Terracotta
Handmade Jewellery,Handmade Earrings,351.85,4,Narsapur,Andhra Pradesh,0.318,0.0152,Summer,2094.82,Terracotta
Embroidery & Needlecraft,Wall Hanging,175.47,6,Saharanpur,Uttar Pradesh,0.637,0.0113,Festival,2288.36,Jute
Embroidery & Needlecraft,Cushion Cover,913.13,5,Kondapalli,Andhra Pradesh,0.367,0.0732,Normal,4304.06,Silk
Leather & Traditional Craft,Traditional Leather Craft,707.17,5,Assam,Assam,0.365,-0.1173,Summer,2380.67,Leather
Metal Crafts,Brassware,1773.15,7,Kutch,Gujarat,0.606,0.1171,Festival,6199.44,Brass
Handmade Jewellery,Wooden Jewellery,499.33,5,Kashmir,Jammu and Kashmir,0.53,0.1139,Normal,4107.35,Wood
Handmade Jewellery,Bracelet,681.97,3,Thanjavur,Tamil Nadu,0.653,0.2904,Festival,2413.18,Beads
Handmade Bags & Accessories,Backpack,111.01,3,Saharanpur,Uttar Pradesh,0.378,0.0562,Normal,1891.24,Cotton
Handmade Home Décor,Decorative Box,305.76,6,Narsapur,Andhra Pradesh,0.573,-0.0805,Normal,3081.46,Cane
Handloom & Textiles,Scarf,399.87,10,Pochampally,Telangana,0.372,0.1174,Festival,4156.97,Linen
Woodcraft,Wall Décor,518.84,4,Kolkata,West Bengal,0.72,0.1677,Festival,3887.63,Wood
Leather & Traditional Craft,Belt,554.74,7,Moradabad,Uttar Pradesh,0.142,0.0856,Wedding,2648.29,Leather
"Bamboo, Cane & Natural Fibre",Bag,132.51,5,Kolkata,West Bengal,0.734,0.0391,Normal,1478.3,Bamboo
Handmade Home Décor,Handmade Clock,426.6,7,Bhubaneswar,Odisha,0.595,0.0963,Normal,2662.95,Wood
Metal Crafts,Metal Sculpture,960.93,8,Kutch,Gujarat,0.593,0.1046,Winter,6093.64,Bell Metal
Natural / Eco-friendly Crafts,Coir Product,50.45,1,Etikoppaka,Andhra Pradesh,0.803,0.1035,Festival,1376.71,Coir
Leather & Traditional Craft,Wallet,490.28,5,Madhubani,Bihar,0.532,0.2074,Winter,4072.65,Leather
Leather & Traditional Craft,Belt,717.88,4,Kutch,Gujarat,0.588,-0.0313,Monsoon,4371.06,Leather
"Bamboo, Cane & Natural Fibre",Decorative Item,171.7,1,Raghurajpur,Odisha,0.297,0.088,Normal,2078.4,Bamboo
Metal Crafts,Brassware,1187.12,4,Srikalahasti,Andhra Pradesh,0.409,-0.0321,Normal,4562.51,Brass
Ceramics,Plate,141.22,2,Raghurajpur,Odisha,0.869,0.0153,Festival,1297.89,Ceramic
Ceramics,Vase,205.51,2,Kutch,Gujarat,0.678,-0.0933,Winter,2163.14,Ceramic
Natural / Eco-friendly Crafts,Handmade Paper Product,215.98,4,Kolkata,West Bengal,0.799,0.0743,Festival,2050.02,Handmade Paper
Handmade Home Décor,Table Décor,590.99,4,Narsapur,Andhra Pradesh,0.396,0.1063,Winter,3216.04,Wood
Handmade Jewellery,Bracelet,222.02,3,Jaipur,Rajasthan,0.877,0.0353,Normal,1451.06,Beads
Handmade Jewellery,Handmade Earrings,750.6,5,Thanjavur,Tamil Nadu,0.629,-0.0253,Monsoon,2777.79,Brass
Ceramics,Cup,257.41,1,Kolkata,West Bengal,0.647,-0.1517,Normal,1631.85,Ceramic
Embroidery & Needlecraft,Embroidered Bag,467.1,8,Etikoppaka,Andhra Pradesh,0.298,0.141,Normal,2271.84,Cotton
Embroidery & Needlecraft,Patchwork Product,514.83,8,Srikalahasti,Andhra Pradesh,0.467,0.0817,Wedding,2707.22,Wool
Leather & Traditional Craft,Leather Bag,749.2,8,Moradabad,Uttar Pradesh,0.611,0.1597,Summer,4055.37,Leather
Natural / Eco-friendly Crafts,Natural-fibre Basket,234.99,3,Srikalahasti,Andhra Pradesh,0.516,0.0967,Normal,1760.89,Palm Leaf
Metal Crafts,Copperware,1339.62,4,Jaipur,Rajasthan,0.472,0.0326,Summer,2883.22,Copper
Embroidery & Needlecraft,Wall Hanging,542.93,7,Kondapalli,Andhra Pradesh,0.713,0.2389,Monsoon,4146.24,Wool
Pottery & Terracotta,Clay Lamp,72.13,1,Jaipur,Rajasthan,0.45,-0.1598,Normal,816.61,Clay
Handmade Home Décor,Mirror,130.84,4,Assam,Assam,0.839,0.0691,Normal,3427.55,Bamboo
Pottery & Terracotta,Clay Lamp,83.66,3,Khurja,Uttar Pradesh,0.657,0.0194,Monsoon,1418.29,Terracotta
Embroidery & Needlecraft,Wall Hanging,317.88,3,Etikoppaka,Andhra Pradesh,0.581,0.0356,Normal,2050.83,Wool
Paintings & Art,Pattachitra,345.39,4,Srinagar,Jammu and Kashmir,0.635,-0.0681,Festival,2586.98,Natural Pigment
Leather & Traditional Craft,Wallet,1060.53,5,Kutch,Gujarat,0.611,-0.064,Wedding,5014.06,Leather
Woodcraft,Figurine,552.28,1,Bhubaneswar,Odisha,0.54,0.2731,Festival,4257.4,Wood
Handmade Home Décor,Dreamcatcher,172.5,1,Narsapur,Andhra Pradesh,0.726,0.0935,Normal,2854.14,Bamboo
Handloom & Textiles,Handwoven Bag,399.96,12,Raghurajpur,Odisha,0.765,0.2331,Summer,3446.91,Cotton
Embroidery & Needlecraft,Embroidered Clothing,688.32,8,Kutch,Gujarat,0.603,0.1793,Winter,5540.3,Silk
Pottery & Terracotta,Decorative Pot,50.16,4,Madhubani,Bihar,0.725,0.0322,Festival,1390.47,Terracotta
Handmade Toys,Traditional Toy,112.68,1,Assam,Assam,0.615,-0.0743,Normal,1676.13,Cloth
Handmade Home Décor,Showpiece,314.72,5,Narsapur,Andhra Pradesh,0.562,0.0057,Normal,1569.74,Ceramic
Embroidery & Needlecraft,Embroidered Bag,345.32,5,Bastar,Chhattisgarh,0.846,-0.0187,Monsoon,2142.11,Jute
"Bamboo, Cane & Natural Fibre",Furniture,176.33,6,Madhubani,Bihar,0.702,0.0614,Normal,2486.79,Cane
"Bamboo, Cane & Natural Fibre",Decorative Item,148.35,5,Srikalahasti,Andhra Pradesh,0.732,0.1453,Winter,2304.32,Palm Leaf
Handmade Toys,Educational Toy,261.51,4,Saharanpur,Uttar Pradesh,0.907,-0.1636,Normal,2553.24,Wood
Handloom & Textiles,Dress Material,534.6,3,Channapatna,Karnataka,0.424,0.1441,Winter,2965.95,Silk
Handloom & Textiles,Stole,282.95,6,Channapatna,Karnataka,0.501,0.0954,Normal,2743.1,Cotton
Metal Crafts,Utensil,744.54,5,Madhubani,Bihar,0.654,-0.0171,Summer,6612.97,Copper
Leather & Traditional Craft,Footwear,811.35,6,Saharanpur,Uttar Pradesh,0.408,0.141,Summer,4789.3,Leather
Handmade Jewellery,Tribal Jewellery,343.36,5,Pochampally,Telangana,0.899,0.1106,Festival,3972.38,Beads
Handmade Bags & Accessories,Clutch,407.68,5,Srinagar,Jammu and Kashmir,0.74,0.1574,Normal,2755.46,Leather
Woodcraft,Wall Décor,199.93,8,Raghurajpur,Odisha,0.9,0.102,Normal,2322.7,Wood
Pottery & Terracotta,Sculpture,145.49,3,Thanjavur,Tamil Nadu,0.897,0.0749,Winter,2273.51,Terracotta
"Bamboo, Cane & Natural Fibre",Bag,175.69,6,Srinagar,Jammu and Kashmir,0.753,0.1563,Festival,1863.71,Jute
Handmade Home Décor,Lamp,395.31,4,Narsapur,Andhra Pradesh,0.621,-0.0357,Festival,3036.2,Wood
Paintings & Art,Madhubani Painting,306.26,3,Saharanpur,Uttar Pradesh,0.702,-0.0688,Winter,2878.01,Watercolour
Leather & Traditional Craft,Footwear,1083.84,4,Etikoppaka,Andhra Pradesh,0.514,-0.1716,Normal,2750.02,Leather
Ceramics,Bowl,216.79,3,Jaipur,Rajasthan,0.421,0.1658,Normal,1250.84,Ceramic
Ceramics,Tableware,285.33,1,Kondapalli,Andhra Pradesh,0.592,-0.0849,Normal,1460.12,Ceramic
Paintings & Art,Kalamkari,570.62,5,Narsapur,Andhra Pradesh,0.437,-0.0021,Normal,1875.16,Silk
"Bamboo, Cane & Natural Fibre",Tray,112.94,5,Narsapur,Andhra Pradesh,0.671,0.0952,Normal,2339.43,Palm Leaf
Handmade Jewellery,Terracotta Jewellery,491.11,1,Srikalahasti,Andhra Pradesh,0.536,0.1869,Normal,3097.45,Terracotta
Ceramics,Home Décor,227.24,2,Raghurajpur,Odisha,0.701,-0.0598,Festival,1678.12,Porcelain
Handmade Jewellery,Necklace,821.65,1,Saharanpur,Uttar Pradesh,0.699,0.0548,Wedding,2692.44,Silver
Natural / Eco-friendly Crafts,Banana-fibre Product,30.0,4,Channapatna,Karnataka,0.703,-0.058,Summer,1469.46,Banana Fibre
Handmade Home Décor,Table Décor,345.04,1,Assam,Assam,0.608,0.0715,Normal,1747.51,Wood
Embroidery & Needlecraft,Wall Hanging,596.88,10,Narsapur,Andhra Pradesh,0.738,0.0776,Summer,3415.73,Wool
Handmade Toys,Wooden Toy,167.29,4,Kolkata,West Bengal,0.598,0.0363,Winter,2299.45,Wood
Woodcraft,Tray,547.48,6,Etikoppaka,Andhra Pradesh,0.762,-0.0007,Normal,3300.05,Wood
Leather & Traditional Craft,Belt,774.61,5,Srinagar,Jammu and Kashmir,0.585,0.2335,Wedding,5390.08,Leather
Handmade Jewellery,Bangles,897.5,2,Bastar,Chhattisgarh,0.676,0.1377,Normal,3518.35,Brass
Pottery & Terracotta,Terracotta Jewellery,30.0,4,Channapatna,Karnataka,0.78,0.1059,Normal,1525.49,Clay
Ceramics,Tableware,298.31,2,Srinagar,Jammu and Kashmir,0.221,0.0016,Wedding,1732.01,Ceramic
Handloom & Textiles,Dupatta,310.62,9,Kashmir,Jammu and Kashmir,0.585,-0.0229,Normal,2918.75,Cotton
Paintings & Art,Folk Painting,410.4,6,Etikoppaka,Andhra Pradesh,0.499,0.1182,Wedding,2752.45,Acrylic
Handmade Bags & Accessories,Accessories,137.79,3,Etikoppaka,Andhra Pradesh,0.683,0.0342,Festival,2436.37,Jute
Handmade Home Décor,Sculpture,386.8,4,Madhubani,Bihar,0.858,0.0497,Normal,2648.07,Wood
Embroidery & Needlecraft,Embroidered Clothing,437.95,9,Kutch,Gujarat,0.6,0.0665,Festival,2335.56,Cotton
Natural / Eco-friendly Crafts,Coir Product,165.23,4,Kashmir,Jammu and Kashmir,0.481,-0.0314,Festival,2192.84,Coir
Metal Crafts,Brassware,1550.68,4,Srinagar,Jammu and Kashmir,0.609,0.0843,Normal,4412.7,Brass
Handmade Bags & Accessories,Backpack,341.47,4,Saharanpur,Uttar Pradesh,0.353,-0.1004,Summer,2096.4,Cotton
Natural / Eco-friendly Crafts,Handmade Paper Product,123.31,3,Bastar,Chhattisgarh,0.694,0.1112,Normal,2124.74,Handmade Paper
Handmade Bags & Accessories,Handmade Belt,282.83,4,Madhubani,Bihar,0.362,0.2176,Monsoon,1436.44,Cotton
Natural / Eco-friendly Crafts,Eco-friendly Packaging,190.16,1,Assam,Assam,0.522,0.1297,Festival,2432.98,Palm Leaf
Paintings & Art,Miniature Painting,97.66,11,Pochampally,Telangana,0.753,-0.0083,Normal,1591.55,Handmade Paper
Leather & Traditional Craft,Footwear,909.68,8,Srikalahasti,Andhra Pradesh,0.716,0.0658,Normal,3088.78,Leather
Pottery & Terracotta,Terracotta Jewellery,30.0,2,Kashmir,Jammu and Kashmir,0.672,0.1872,Normal,1429.3,Terracotta
"Bamboo, Cane & Natural Fibre",Furniture,230.73,4,Raghurajpur,Odisha,0.637,0.102,Festival,2885.62,Cane
Pottery & Terracotta,Diya,34.36,3,Assam,Assam,0.414,0.0993,Wedding,989.92,Terracotta
Metal Crafts,Brassware,935.09,7,Channapatna,Karnataka,0.767,-0.1593,Festival,4689.49,Brass
Ceramics,Decorative Piece,200.39,3,Kondapalli,Andhra Pradesh,0.648,0.0353,Festival,2500.53,Ceramic
Paintings & Art,Kalamkari,214.58,6,Madhubani,Bihar,0.949,0.0353,Normal,3316.97,Natural Dye
Handloom & Textiles,Dress Material,393.58,7,Narsapur,Andhra Pradesh,0.212,-0.0042,Festival,2553.85,Linen
Handmade Jewellery,Metal Jewellery,1300.63,3,Madhubani,Bihar,0.777,0.1454,Monsoon,3264.8,Silver
"Bamboo, Cane & Natural Fibre",Decorative Item,78.08,3,Srikalahasti,Andhra Pradesh,0.537,-0.0153,Normal,1840.94,Cane
Embroidery & Needlecraft,Patchwork Product,322.15,7,Kutch,Gujarat,0.655,0.039,Normal,2940.21,Cotton
Metal Crafts,Decorative Item,1327.48,3,Kashmir,Jammu and Kashmir,0.978,0.1199,Normal,6701.43,Copper
Handmade Jewellery,Lac Jewellery,304.17,4,Bhubaneswar,Odisha,0.707,0.1394,Festival,4363.24,Lac
Handmade Bags & Accessories,Pouch,338.16,4,Srinagar,Jammu and Kashmir,0.834,0.0414,Summer,2976.11,Cotton
Handmade Bags & Accessories,Handbag,323.0,3,Narsapur,Andhra Pradesh,0.64,0.0142,Normal,1878.51,Leather
Ceramics,Home Décor,277.46,2,Pochampally,Telangana,0.572,0.104,Normal,1552.33,Porcelain
Natural / Eco-friendly Crafts,Natural-fibre Basket,244.44,3,Narsapur,Andhra Pradesh,0.652,0.0893,Wedding,1818.58,Jute
Embroidery & Needlecraft,Patchwork Product,350.48,8,Saharanpur,Uttar Pradesh,0.445,-0.166,Summer,2067.24,Wool
Leather & Traditional Craft,Footwear,625.38,1,Srinagar,Jammu and Kashmir,0.56,0.149,Winter,4337.68,Leather
Handmade Home Décor,Handmade Clock,535.29,6,Thanjavur,Tamil Nadu,0.549,0.1307,Normal,3399.39,Wood
Pottery & Terracotta,Clay Lamp,30.0,4,Madhubani,Bihar,0.516,-0.0119,Wedding,1135.67,Terracotta
Natural / Eco-friendly Crafts,Eco-friendly Packaging,195.0,3,Jaipur,Rajasthan,0.886,-0.0331,Summer,2214.76,Banana Fibre
Handmade Home Décor,Showpiece,292.47,5,Kashmir,Jammu and Kashmir,0.802,0.1519,Normal,3038.81,Metal
Handmade Bags & Accessories,Handmade Belt,251.63,3,Jaipur,Rajasthan,0.921,0.1297,Monsoon,2739.82,Jute
Leather & Traditional Craft,Wallet,747.76,5,Assam,Assam,0.564,0.1839,Normal,2983.28,Leather
Embroidery & Needlecraft,Embroidered Clothing,694.53,8,Srinagar,Jammu and Kashmir,0.658,0.0709,Normal,3715.51,Silk
"Bamboo, Cane & Natural Fibre",Tray,201.37,7,Saharanpur,Uttar Pradesh,0.9,0.2004,Normal,2285.39,Palm Leaf
Metal Crafts,Brassware,1064.89,9,Srinagar,Jammu and Kashmir,0.776,0.0856,Festival,6520.87,Brass
"Bamboo, Cane & Natural Fibre",Basket,294.06,2,Srikalahasti,Andhra Pradesh,0.563,0.1022,Festival,2312.95,Cane
Handmade Bags & Accessories,Wallet,96.45,4,Madhubani,Bihar,0.31,0.0342,Festival,1903.85,Cotton
Ceramics,Decorative Piece,74.34,2,Srikalahasti,Andhra Pradesh,0.653,0.1747,Summer,1187.09,Stoneware
Natural / Eco-friendly Crafts,Handmade Paper Product,264.86,4,Kondapalli,Andhra Pradesh,0.596,0.0702,Normal,1939.96,Handmade Paper
Handmade Home Décor,Dreamcatcher,215.49,5,Narsapur,Andhra Pradesh,0.68,0.0408,Normal,2508.1,Bamboo
Handmade Jewellery,Tribal Jewellery,967.2,5,Srinagar,Jammu and Kashmir,0.513,0.0766,Normal,2804.71,Brass
Handmade Home Décor,Sculpture,350.12,4,Assam,Assam,0.559,0.1776,Summer,3315.25,Metal
"Bamboo, Cane & Natural Fibre",Bag,345.34,4,Pochampally,Telangana,0.304,0.1346,Wedding,1852.64,Jute
Woodcraft,Sculpture,410.56,11,Kashmir,Jammu and Kashmir,0.369,0.0515,Winter,2459.19,Wood
Paintings & Art,Warli Painting,169.27,9,Narsapur,Andhra Pradesh,0.884,0.0581,Normal,2077.96,Natural Pigment
Metal Crafts,Lamp,1257.27,9,Narsapur,Andhra Pradesh,0.401,0.0264,Summer,4559.01,Brass
Natural / Eco-friendly Crafts,Handmade Paper Product,100.62,3,Bhubaneswar,Odisha,0.448,0.138,Festival,1627.25,Handmade Paper
Handmade Toys,Handmade Game,202.27,2,Channapatna,Karnataka,0.863,0.1109,Festival,1734.79,Paper
Metal Crafts,Metal Sculpture,573.34,5,Jaipur,Rajasthan,0.593,0.1421,Monsoon,4506.25,Copper
Handloom & Textiles,Durrie,444.07,3,Channapatna,Karnataka,0.569,0.0306,Monsoon,1856.72,Jute
Pottery & Terracotta,Clay Pot,107.56,3,Kashmir,Jammu and Kashmir,0.59,0.0383,Festival,1151.12,Terracotta
Pottery & Terracotta,Vase,130.05,2,Channapatna,Karnataka,0.859,0.13,Winter,1479.9,Clay
Handmade Toys,Puppet,112.77,3,Kolkata,West Bengal,0.723,-0.0466,Summer,1410.21,Cotton
Handmade Home Décor,Dreamcatcher,369.39,2,Kondapalli,Andhra Pradesh,0.631,0.1916,Summer,1929.21,Bamboo
"Bamboo, Cane & Natural Fibre",Storage Box,225.16,5,Kolkata,West Bengal,0.627,-0.0745,Normal,2241.49,Palm Leaf
Woodcraft,Tray,324.72,10,Etikoppaka,Andhra Pradesh,0.696,0.0126,Festival,4191.64,Wood
Paintings & Art,Phad Painting,84.26,2,Pochampally,Telangana,0.363,-0.0238,Normal,833.18,Natural Pigment
Leather & Traditional Craft,Belt,522.42,6,Channapatna,Karnataka,0.595,0.0612,Winter,5108.45,Leather
Metal Crafts,Jewellery,1022.36,5,Raghurajpur,Odisha,0.679,0.0876,Normal,3517.52,Copper
Leather & Traditional Craft,Decorative Leather Product,635.94,4,Kondapalli,Andhra Pradesh,0.667,0.0792,Summer,2818.49,Leather
Ceramics,Mug,200.23,3,Srikalahasti,Andhra Pradesh,0.912,0.0853,Summer,1459.98,Stoneware
Handloom & Textiles,Scarf,600.2,2,Etikoppaka,Andhra Pradesh,0.795,0.0422,Festival,3529.83,Linen
Handmade Toys,Educational Toy,173.98,5,Srinagar,Jammu and Kashmir,0.441,0.0138,Normal,1854.26,Wood
Ceramics,Home Décor,260.71,1,Srinagar,Jammu and Kashmir,0.727,0.0475,Summer,1928.66,Ceramic
Metal Crafts,Brassware,1284.72,3,Madhubani,Bihar,0.627,0.1326,Normal,5799.22,Brass
Handloom & Textiles,Rug,239.52,7,Bhubaneswar,Odisha,0.654,-0.0722,Normal,3350.04,Cotton
Leather & Traditional Craft,Wallet,1051.56,1,Pochampally,Telangana,0.597,0.1007,Monsoon,5400.96,Leather
Handmade Jewellery,Beaded Jewellery,477.06,3,Channapatna,Karnataka,0.528,-0.001,Wedding,3649.41,Seed Beads
"Bamboo, Cane & Natural Fibre",Tray,202.03,2,Channapatna,Karnataka,0.735,0.1473,Normal,1503.75,Cane
Handmade Home Décor,Decorative Box,276.67,2,Bhubaneswar,Odisha,0.629,0.0015,Normal,2367.05,Bamboo
Handmade Toys,Educational Toy,140.26,4,Srikalahasti,Andhra Pradesh,0.619,-0.0455,Monsoon,2149.83,Wood
Handmade Bags & Accessories,Handmade Belt,500.04,6,Jaipur,Rajasthan,0.706,0.0172,Winter,3420.3,Leather
Embroidery & Needlecraft,Table Runner,429.64,12,Kondapalli,Andhra Pradesh,0.659,0.0658,Normal,2683.65,Linen
Paintings & Art,Sketch,197.16,9,Bhubaneswar,Odisha,0.548,-0.0009,Normal,1994.15,Ink
Woodcraft,Wall Décor,410.01,8,Kolkata,West Bengal,0.346,0.3,Normal,3837.57,Wood
Ceramics,Decorative Piece,159.68,3,Narsapur,Andhra Pradesh,0.745,0.0412,Normal,2062.63,Ceramic
Handloom & Textiles,Handwoven Bag,361.9,8,Bhubaneswar,Odisha,0.574,0.2156,Festival,3972.17,Jute
Handmade Jewellery,Beaded Jewellery,369.73,4,Srikalahasti,Andhra Pradesh,0.826,-0.0201,Festival,2857.48,Seed Beads
Ceramics,Decorative Piece,141.16,4,Assam,Assam,0.577,-0.0575,Summer,1861.94,Ceramic
Leather & Traditional Craft,Footwear,611.02,6,Bhubaneswar,Odisha,0.444,0.0086,Winter,2829.82,Leather
Woodcraft,Decorative Panel,653.51,8,Raghurajpur,Odisha,0.418,0.1496,Festival,2985.75,Wood
Embroidery & Needlecraft,Table Runner,860.37,8,Srinagar,Jammu and Kashmir,0.389,0.0795,Festival,3199.82,Silk
Handloom & Textiles,Durrie,30.0,6,Kolkata,West Bengal,0.44,-0.069,Wedding,2521.47,Jute
Embroidery & Needlecraft,Quilt,597.5,6,Jaipur,Rajasthan,0.566,-0.0927,Wedding,2778.91,Wool
Metal Crafts,Brassware,1619.47,4,Moradabad,Uttar Pradesh,0.791,0.1441,Monsoon,6517.62,Brass
Handmade Jewellery,Tribal Jewellery,30.0,2,Kolkata,West Bengal,0.643,-0.0551,Wedding,2644.04,Beads
Leather & Traditional Craft,Wallet,535.58,5,Saharanpur,Uttar Pradesh,0.432,0.0434,Summer,2388.61,Leather
Handmade Bags & Accessories,Tote Bag,145.43,1,Madhubani,Bihar,0.842,0.0097,Monsoon,2117.78,Jute
Ceramics,Bowl,146.03,3,Bhubaneswar,Odisha,0.748,0.0496,Normal,1717.57,Stoneware
Handmade Jewellery,Beaded Jewellery,42.56,6,Narsapur,Andhra Pradesh,0.773,0.1313,Monsoon,3014.03,Glass Beads
Pottery & Terracotta,Planter,115.52,1,Kashmir,Jammu and Kashmir,0.602,-0.0103,Festival,1585.69,Clay
Handloom & Textiles,Carpet,361.39,3,Etikoppaka,Andhra Pradesh,0.707,0.2239,Normal,2578.0,Jute
"Bamboo, Cane & Natural Fibre",Basket,295.04,7,Bastar,Chhattisgarh,0.68,0.0236,Normal,2312.56,Bamboo
Handmade Bags & Accessories,Backpack,104.6,3,Pochampally,Telangana,0.647,-0.0167,Festival,1412.69,Cotton
Metal Crafts,Metal Sculpture,1405.69,8,Bastar,Chhattisgarh,0.534,-0.0492,Normal,3897.2,Bell Metal
Ceramics,Tableware,80.92,3,Pochampally,Telangana,0.462,0.1399,Festival,1196.52,Stoneware
Natural / Eco-friendly Crafts,Jute Product,95.67,5,Srinagar,Jammu and Kashmir,0.699,0.2639,Normal,2143.21,Jute
Handmade Toys,Traditional Toy,144.08,3,Bastar,Chhattisgarh,0.644,0.0052,Normal,1077.0,Cloth
Leather & Traditional Craft,Wallet,211.81,2,Thanjavur,Tamil Nadu,0.419,0.0943,Winter,2609.3,Leather
Handmade Home Décor,Dreamcatcher,215.39,3,Saharanpur,Uttar Pradesh,0.361,0.1601,Normal,1764.82,Bamboo
Woodcraft,Sculpture,936.71,9,Bastar,Chhattisgarh,0.783,0.1187,Festival,5140.43,Wood
Handloom & Textiles,Blanket,558.46,7,Assam,Assam,0.811,-0.0843,Summer,2422.91,Wool
Handmade Bags & Accessories,Basket,288.02,1,Channapatna,Karnataka,0.737,0.1011,Normal,2591.39,Bamboo
Woodcraft,Wall Décor,559.0,7,Narsapur,Andhra Pradesh,0.555,0.1182,Festival,2874.47,Wood
Natural / Eco-friendly Crafts,Eco-friendly Packaging,30.0,2,Kashmir,Jammu and Kashmir,0.511,0.0353,Monsoon,927.54,Palm Leaf
Handmade Bags & Accessories,Pouch,109.41,3,Madhubani,Bihar,0.822,0.0816,Winter,1882.81,Jute
"Bamboo, Cane & Natural Fibre",Tray,60.59,3,Kondapalli,Andhra Pradesh,0.733,0.0846,Normal,1868.02,Cane
Leather & Traditional Craft,Traditional Leather Craft,766.49,5,Kolkata,West Bengal,0.405,-0.0377,Normal,2515.04,Leather
Leather & Traditional Craft,Decorative Leather Product,864.9,5,Etikoppaka,Andhra Pradesh,0.622,0.0701,Festival,4916.43,Leather
Paintings & Art,Miniature Painting,87.43,3,Kashmir,Jammu and Kashmir,0.492,-0.1526,Festival,1758.02,Watercolour
Leather & Traditional Craft,Leather Bag,964.64,6,Assam,Assam,0.545,0.0554,Wedding,4154.03,Leather
Paintings & Art,Miniature Painting,331.65,6,Kashmir,Jammu and Kashmir,0.798,0.1108,Normal,2604.04,Handmade Paper
Handmade Jewellery,Bangles,312.18,1,Saharanpur,Uttar Pradesh,0.4,0.0136,Normal,2208.45,Glass
Woodcraft,Wall Décor,781.83,8,Madhubani,Bihar,0.717,0.1581,Monsoon,5932.59,Wood
Handmade Bags & Accessories,Clutch,118.03,1,Raghurajpur,Odisha,0.481,-0.0616,Normal,1894.53,Lac
Handmade Jewellery,Handmade Earrings,868.86,3,Srikalahasti,Andhra Pradesh,0.288,0.0223,Winter,2594.71,Brass
Handmade Jewellery,Tribal Jewellery,839.1,5,Jaipur,Rajasthan,0.604,0.1984,Festival,7039.82,Silver
Handmade Jewellery,Terracotta Jewellery,125.93,3,Madhubani,Bihar,0.929,0.1499,Festival,3675.42,Terracotta
"Bamboo, Cane & Natural Fibre",Bag,379.68,4,Narsapur,Andhra Pradesh,0.587,0.1969,Festival,2310.81,Bamboo
"Bamboo, Cane & Natural Fibre",Bag,347.92,1,Bhubaneswar,Odisha,0.247,0.0335,Normal,1544.64,Cane
Embroidery & Needlecraft,Quilt,406.77,7,Srikalahasti,Andhra Pradesh,0.488,-0.0197,Winter,2511.6,Wool
Handmade Bags & Accessories,Backpack,196.26,5,Srikalahasti,Andhra Pradesh,0.811,0.0789,Normal,2391.31,Cotton
Paintings & Art,Handmade Wall Art,325.31,7,Thanjavur,Tamil Nadu,0.628,0.0305,Normal,2105.34,Wood
Handmade Toys,Traditional Toy,219.99,1,Srinagar,Jammu and Kashmir,0.442,-0.0073,Wedding,1313.98,Cloth
Metal Crafts,Jewellery,1497.09,5,Bastar,Chhattisgarh,0.88,-0.1262,Summer,6240.99,Brass
Woodcraft,Sculpture,779.83,8,Srinagar,Jammu and Kashmir,0.742,-0.0754,Normal,2842.07,Wood
Leather & Traditional Craft,Decorative Leather Product,820.02,3,Jaipur,Rajasthan,0.751,0.162,Festival,4041.82,Leather
Embroidery & Needlecraft,Cushion Cover,545.87,8,Kutch,Gujarat,0.78,0.137,Summer,3564.39,Cotton
Woodcraft,Kitchenware,483.65,7,Kutch,Gujarat,0.339,0.0725,Festival,3424.7,Wood
"Bamboo, Cane & Natural Fibre",Furniture,186.27,2,Raghurajpur,Odisha,0.578,0.0323,Wedding,2162.93,Cane
Handmade Home Décor,Candle,755.94,6,Raghurajpur,Odisha,0.47,-0.0126,Festival,3990.98,Beeswax
Pottery & Terracotta,Clay Lamp,135.16,1,Saharanpur,Uttar Pradesh,0.722,0.0232,Summer,1200.19,Terracotta
Handmade Home Décor,Candle,561.98,2,Assam,Assam,0.258,0.0505,Normal,2032.73,Beeswax
Embroidery & Needlecraft,Embroidered Clothing,241.98,4,Srinagar,Jammu and Kashmir,0.64,-0.04,Monsoon,1797.09,Cotton
Paintings & Art,Miniature Painting,226.61,6,Kashmir,Jammu and Kashmir,0.557,0.0326,Normal,1529.19,Natural Pigment
Woodcraft,Decorative Panel,473.55,5,Saharanpur,Uttar Pradesh,0.442,0.0045,Winter,2056.08,Wood
Handmade Home Décor,Table Décor,453.65,1,Narsapur,Andhra Pradesh,0.525,0.2305,Festival,4137.81,Ceramic
"Bamboo, Cane & Natural Fibre",Storage Box,30.0,2,Kutch,Gujarat,0.381,0.0503,Festival,1893.44,Bamboo
Woodcraft,Wall Décor,401.45,6,Srikalahasti,Andhra Pradesh,0.388,0.1463,Festival,3153.46,Wood
Handmade Jewellery,Tribal Jewellery,623.46,4,Kolkata,West Bengal,0.392,0.0174,Normal,1930.47,Brass
Handmade Home Décor,Decorative Box,106.16,4,Saharanpur,Uttar Pradesh,0.768,0.0838,Winter,1280.39,Wood
Woodcraft,Wall Décor,438.94,8,Channapatna,Karnataka,0.781,0.1532,Monsoon,3948.48,Wood
Handloom & Textiles,Scarf,695.02,7,Kolkata,West Bengal,0.694,0.1431,Winter,2884.81,Silk
Leather & Traditional Craft,Leather Bag,704.41,6,Kolkata,West Bengal,0.568,0.119,Normal,4555.13,Leather
Leather & Traditional Craft,Traditional Leather Craft,924.5,6,Kashmir,Jammu and Kashmir,0.839,0.0907,Winter,4671.55,Leather
Ceramics,Bowl,311.97,3,Kondapalli,Andhra Pradesh,0.546,0.1276,Summer,2472.73,Stoneware
Leather & Traditional Craft,Leather Bag,850.6,9,Kutch,Gujarat,0.759,0.0796,Summer,5160.78,Leather
Handmade Toys,Educational Toy,155.69,2,Bastar,Chhattisgarh,0.772,0.1075,Normal,2365.42,Cotton
Woodcraft,Furniture,398.5,8,Kondapalli,Andhra Pradesh,0.766,-0.0074,Normal,4647.9,Mango Wood
Handmade Toys,Traditional Toy,240.33,4,Jaipur,Rajasthan,0.851,0.152,Winter,1782.77,Wood
Metal Crafts,Utensil,1136.79,6,Etikoppaka,Andhra Pradesh,0.603,0.0522,Normal,6025.42,Brass
Handloom & Textiles,Dupatta,396.43,9,Pochampally,Telangana,0.467,0.0752,Normal,3525.37,Silk
Natural / Eco-friendly Crafts,Palm-leaf Product,209.49,3,Raghurajpur,Odisha,0.453,0.0703,Normal,1947.75,Palm Leaf
Woodcraft,Sculpture,399.86,6,Bhubaneswar,Odisha,0.298,0.0011,Wedding,2128.61,Wood
Embroidery & Needlecraft,Embroidered Bag,184.13,7,Srikalahasti,Andhra Pradesh,0.601,0.1237,Normal,2979.39,Jute
Woodcraft,Wall Décor,242.65,10,Bhubaneswar,Odisha,0.775,0.0787,Winter,2735.53,Wood
Handmade Bags & Accessories,Tote Bag,272.07,3,Channapatna,Karnataka,0.755,0.1058,Normal,2132.45,Cotton
Handmade Bags & Accessories,Handmade Belt,340.18,5,Kolkata,West Bengal,0.594,0.1531,Normal,3375.01,Cotton
Metal Crafts,Utensil,1636.16,6,Srikalahasti,Andhra Pradesh,0.582,-0.0679,Normal,3980.96,Brass
Natural / Eco-friendly Crafts,Palm-leaf Product,134.75,1,Kashmir,Jammu and Kashmir,0.89,-0.1377,Summer,1531.51,Palm Leaf
Metal Crafts,Jewellery,1279.43,3,Raghurajpur,Odisha,0.37,-0.1014,Monsoon,6186.22,Brass
Natural / Eco-friendly Crafts,Handmade Paper Product,262.91,4,Bhubaneswar,Odisha,0.783,0.0288,Monsoon,2218.42,Handmade Paper
Metal Crafts,Brassware,1019.16,9,Bastar,Chhattisgarh,0.373,0.1579,Normal,4797.09,Brass
Embroidery & Needlecraft,Wall Hanging,445.5,8,Bhubaneswar,Odisha,0.509,0.203,Normal,2261.16,Jute
Paintings & Art,Tanjore Painting,351.13,6,Kondapalli,Andhra Pradesh,0.541,0.0452,Summer,2800.66,Acrylic
Pottery & Terracotta,Diya,59.7,2,Bastar,Chhattisgarh,0.72,-0.0922,Festival,1761.02,Terracotta
Natural / Eco-friendly Crafts,Coir Product,140.89,2,Bhubaneswar,Odisha,0.696,0.0652,Normal,1651.46,Coir
Woodcraft,Figurine,161.63,1,Madhubani,Bihar,0.526,0.0565,Festival,3492.37,Wood
Natural / Eco-friendly Crafts,Eco-friendly Packaging,30.0,1,Pochampally,Telangana,0.651,-0.1018,Normal,1648.4,Jute
Metal Crafts,Brassware,1482.59,7,Channapatna,Karnataka,0.309,-0.0064,Wedding,4772.33,Brass
Handmade Jewellery,Terracotta Jewellery,129.47,5,Thanjavur,Tamil Nadu,0.482,0.067,Festival,4079.83,Terracotta
Handmade Jewellery,Wooden Jewellery,491.86,3,Kolkata,West Bengal,0.606,0.115,Monsoon,2645.67,Wood
Woodcraft,Kitchenware,613.55,3,Kolkata,West Bengal,0.661,0.2348,Normal,3403.95,Wood
Leather & Traditional Craft,Belt,414.98,8,Srikalahasti,Andhra Pradesh,0.64,0.0238,Festival,4761.32,Leather
Ceramics,Cup,285.71,4,Pochampally,Telangana,0.22,0.0087,Normal,2193.82,Stoneware
Handmade Jewellery,Terracotta Jewellery,404.71,5,Thanjavur,Tamil Nadu,0.435,0.0668,Summer,2550.26,Terracotta
Handmade Bags & Accessories,Basket,233.35,1,Kashmir,Jammu and Kashmir,0.739,0.1077,Winter,2136.97,Bamboo
Embroidery & Needlecraft,Embroidered Bag,585.26,8,Pochampally,Telangana,0.78,0.0167,Normal,2613.18,Silk
Paintings & Art,Sketch,286.35,4,Jaipur,Rajasthan,0.711,0.2847,Normal,1940.01,Charcoal
Handloom & Textiles,Carpet,225.62,7,Assam,Assam,0.636,-0.0226,Normal,2346.94,Cotton
Pottery & Terracotta,Planter,109.83,1,Kondapalli,Andhra Pradesh,0.433,-0.0014,Wedding,955.22,Clay
Handmade Home Décor,Sculpture,71.73,1,Bhubaneswar,Odisha,0.755,0.0524,Festival,3512.8,Clay
Handmade Home Décor,Handmade Clock,227.34,1,Channapatna,Karnataka,0.727,0.0523,Normal,1946.08,Bamboo
Handloom & Textiles,Shawl,243.96,8,Kashmir,Jammu and Kashmir,0.484,0.0163,Normal,2965.83,Cotton
Handloom & Textiles,Durrie,302.87,7,Bhubaneswar,Odisha,0.707,0.0526,Winter,2354.24,Jute
Leather & Traditional Craft,Decorative Leather Product,886.69,5,Thanjavur,Tamil Nadu,0.453,0.1064,Normal,3823.07,Leather
Handmade Toys,Handmade Game,297.42,3,Srinagar,Jammu and Kashmir,0.818,0.0989,Festival,1942.84,Wood
Handmade Bags & Accessories,Accessories,594.83,1,Narsapur,Andhra Pradesh,0.531,0.0213,Festival,2208.21,Leather
Handmade Toys,Stuffed Toy,34.86,2,Etikoppaka,Andhra Pradesh,0.806,-0.0873,Winter,1985.89,Jute
Natural / Eco-friendly Crafts,Natural-fibre Basket,143.05,1,Narsapur,Andhra Pradesh,0.281,0.0557,Summer,984.57,Jute
Metal Crafts,Brassware,1378.01,10,Thanjavur,Tamil Nadu,0.748,-0.0368,Wedding,8745.1,Brass
Handmade Jewellery,Tribal Jewellery,207.32,4,Assam,Assam,0.338,0.0671,Festival,2219.65,Beads
Handmade Jewellery,Bracelet,312.49,2,Assam,Assam,0.625,0.1324,Normal,3800.1,Beads
Natural / Eco-friendly Crafts,Handmade Paper Product,118.41,1,Kashmir,Jammu and Kashmir,0.192,0.0838,Summer,828.73,Handmade Paper
"Bamboo, Cane & Natural Fibre",Storage Box,30.0,7,Bhubaneswar,Odisha,0.699,-0.0618,Summer,2174.99,Palm Leaf
Ceramics,Vase,227.02,3,Raghurajpur,Odisha,0.775,0.1673,Winter,2241.96,Ceramic
"Bamboo, Cane & Natural Fibre",Decorative Item,190.77,3,Kutch,Gujarat,0.79,0.2661,Normal,1742.6,Palm Leaf
Handmade Toys,Wooden Toy,209.78,1,Khurja,Uttar Pradesh,0.499,0.108,Normal,1876.1,Wood
Pottery & Terracotta,Planter,149.73,2,Thanjavur,Tamil Nadu,0.429,0.1533,Normal,1343.19,Terracotta
Metal Crafts,Decorative Item,1089.28,3,Srikalahasti,Andhra Pradesh,0.803,0.0741,Normal,3697.45,Copper
Handmade Toys,Traditional Toy,117.16,2,Madhubani,Bihar,0.683,0.1041,Normal,1520.68,Clay
Metal Crafts,Bell-metal Product,761.72,9,Jaipur,Rajasthan,0.693,0.1192,Festival,7867.11,Bell Metal
Handmade Home Décor,Table Décor,381.5,6,Thanjavur,Tamil Nadu,0.905,0.0421,Normal,3323.65,Wood
Handmade Jewellery,Lac Jewellery,300.38,3,Saharanpur,Uttar Pradesh,0.764,-0.0413,Festival,2120.7,Lac
Handmade Jewellery,Lac Jewellery,442.55,4,Kutch,Gujarat,0.695,0.0602,Wedding,3261.66,Lac
Pottery & Terracotta,Terracotta Jewellery,69.4,4,Channapatna,Karnataka,0.599,0.2113,Monsoon,1346.9,Clay
Metal Crafts,Utensil,1170.34,5,Khurja,Uttar Pradesh,0.548,-0.1021,Wedding,6967.57,Bell Metal
Embroidery & Needlecraft,Wall Hanging,315.35,7,Kutch,Gujarat,0.751,0.0436,Winter,3553.95,Wool
Pottery & Terracotta,Kitchenware,97.78,1,Kondapalli,Andhra Pradesh,0.65,-0.0739,Normal,1429.5,Clay
Ceramics,Tableware,301.87,1,Raghurajpur,Odisha,0.909,-0.1408,Monsoon,1633.2,Ceramic
Handmade Home Décor,Sculpture,165.24,5,Saharanpur,Uttar Pradesh,0.6,0.1232,Festival,3096.49,Clay
"Bamboo, Cane & Natural Fibre",Bag,196.33,3,Srinagar,Jammu and Kashmir,0.578,0.0169,Summer,2121.13,Cane
Embroidery & Needlecraft,Wall Hanging,425.54,5,Kondapalli,Andhra Pradesh,0.558,0.1794,Normal,3406.46,Cotton
Handmade Home Décor,Candle,292.81,5,Moradabad,Uttar Pradesh,0.848,0.1299,Festival,4761.16,Soy Wax
Ceramics,Cup,141.87,2,Srinagar,Jammu and Kashmir,0.48,0.088,Normal,1612.1,Stoneware
Paintings & Art,Sketch,151.65,10,Pochampally,Telangana,0.483,0.0777,Festival,3264.35,Graphite
Embroidery & Needlecraft,Patchwork Product,316.25,5,Saharanpur,Uttar Pradesh,0.742,0.1157,Summer,3064.22,Wool
Paintings & Art,Kalamkari,225.34,3,Raghurajpur,Odisha,0.678,0.0017,Festival,1517.31,Natural Dye
"Bamboo, Cane & Natural Fibre",Bag,122.05,3,Kashmir,Jammu and Kashmir,0.501,0.0515,Winter,2544.94,Jute
Embroidery & Needlecraft,Table Runner,466.9,10,Thanjavur,Tamil Nadu,0.75,0.0289,Normal,2359.84,Linen
Handloom & Textiles,Blanket,372.0,12,Madhubani,Bihar,0.754,0.0456,Festival,3819.31,Cotton
Handmade Bags & Accessories,Tote Bag,235.44,5,Bastar,Chhattisgarh,0.447,0.1569,Normal,2597.1,Cotton
Metal Crafts,Copperware,1358.99,1,Kashmir,Jammu and Kashmir,0.69,0.0667,Normal,3944.82,Copper
Handloom & Textiles,Shawl,397.43,9,Assam,Assam,0.785,0.0158,Normal,2493.61,Cotton
"Bamboo, Cane & Natural Fibre",Basket,270.46,4,Bastar,Chhattisgarh,0.817,0.0919,Normal,2211.28,Cane
Handmade Toys,Educational Toy,247.08,4,Narsapur,Andhra Pradesh,0.351,0.0036,Normal,1960.32,Wood
Leather & Traditional Craft,Wallet,680.52,4,Raghurajpur,Odisha,0.592,-0.0144,Normal,2667.58,Leather
"Bamboo, Cane & Natural Fibre",Decorative Item,44.29,4,Moradabad,Uttar Pradesh,0.937,-0.0441,Festival,1391.09,Palm Leaf
Pottery & Terracotta,Kitchenware,141.48,1,Raghurajpur,Odisha,0.432,0.103,Normal,1150.43,Clay
Handmade Toys,Cloth Doll,83.34,3,Channapatna,Karnataka,0.712,0.0398,Summer,1378.14,Cotton
Handmade Toys,Stuffed Toy,197.5,4,Khurja,Uttar Pradesh,0.725,0.0622,Normal,1822.55,Wool
Handmade Bags & Accessories,Backpack,594.55,4,Jaipur,Rajasthan,0.558,-0.0951,Winter,2871.99,Leather
Metal Crafts,Decorative Item,803.96,5,Srikalahasti,Andhra Pradesh,0.81,-0.0093,Normal,3804.33,Copper
Metal Crafts,Jewellery,1324.84,6,Channapatna,Karnataka,0.607,0.0195,Festival,4803.14,Brass
Handmade Bags & Accessories,Handbag,252.24,3,Channapatna,Karnataka,0.517,-0.046,Festival,1492.01,Cane
"Bamboo, Cane & Natural Fibre",Decorative Item,249.62,2,Thanjavur,Tamil Nadu,0.605,0.1274,Festival,2884.46,Bamboo
Woodcraft,Box,783.52,8,Jaipur,Rajasthan,0.364,-0.0606,Normal,5081.12,Wood
Leather & Traditional Craft,Footwear,635.8,8,Moradabad,Uttar Pradesh,0.667,0.0899,Normal,4757.88,Leather
Ceramics,Bowl,247.12,4,Thanjavur,Tamil Nadu,0.467,-0.0032,Normal,1016.0,Stoneware
Woodcraft,Box,638.94,8,Kolkata,West Bengal,0.585,-0.0029,Festival,4689.3,Wood
Paintings & Art,Pattachitra,228.75,5,Kondapalli,Andhra Pradesh,0.915,0.1481,Festival,2329.29,Natural Pigment
Handloom & Textiles,Shawl,549.99,8,Jaipur,Rajasthan,0.544,0.1156,Normal,3026.46,Linen
Handmade Jewellery,Wooden Jewellery,353.54,3,Jaipur,Rajasthan,0.542,0.0702,Summer,3341.69,Wood
Handmade Jewellery,Lac Jewellery,477.38,6,Srikalahasti,Andhra Pradesh,0.635,-0.1388,Normal,1741.39,Lac
Handmade Bags & Accessories,Scarf,136.91,4,Bastar,Chhattisgarh,0.476,0.0931,Normal,2151.64,Cotton
Paintings & Art,Phad Painting,208.39,11,Raghurajpur,Odisha,0.792,-0.0323,Normal,2567.31,Natural Pigment
Handmade Home Décor,Lamp,195.51,4,Madhubani,Bihar,0.832,-0.0586,Normal,3243.64,Metal
Handmade Home Décor,Sculpture,225.1,2,Madhubani,Bihar,0.644,0.0416,Normal,3793.69,Clay
Handmade Home Décor,Decorative Box,724.32,2,Thanjavur,Tamil Nadu,0.641,0.0819,Festival,2775.33,Wood
Embroidery & Needlecraft,Patchwork Product,432.94,7,Saharanpur,Uttar Pradesh,0.806,0.0152,Normal,3953.45,Linen
"Bamboo, Cane & Natural Fibre",Tray,108.24,5,Kolkata,West Bengal,0.719,0.1016,Festival,2438.04,Palm Leaf
Handmade Jewellery,Metal Jewellery,1104.6,1,Channapatna,Karnataka,0.785,-0.0153,Monsoon,4090.1,Silver
"Bamboo, Cane & Natural Fibre",Basket,231.76,3,Narsapur,Andhra Pradesh,0.325,-0.0468,Festival,1478.33,Bamboo
Paintings & Art,Pattachitra,377.37,10,Madhubani,Bihar,0.715,0.1077,Monsoon,2530.93,Cloth
Handmade Bags & Accessories,Handbag,277.02,1,Saharanpur,Uttar Pradesh,0.508,0.0949,Normal,2082.95,Cotton
Handmade Toys,Stuffed Toy,332.55,2,Madhubani,Bihar,0.742,0.1133,Festival,1988.52,Wool
Handloom & Textiles,Durrie,358.04,6,Narsapur,Andhra Pradesh,0.71,-0.1209,Summer,2502.68,Wool
Pottery & Terracotta,Clay Pot,137.32,3,Saharanpur,Uttar Pradesh,0.787,0.0424,Normal,1265.61,Terracotta
Ceramics,Mug,197.56,4,Khurja,Uttar Pradesh,0.294,0.2262,Festival,2127.73,Stoneware
Paintings & Art,Warli Painting,279.03,12,Thanjavur,Tamil Nadu,0.723,0.0389,Monsoon,2397.87,Watercolour
Natural / Eco-friendly Crafts,Eco-friendly Packaging,126.14,2,Thanjavur,Tamil Nadu,0.606,0.0372,Festival,1249.19,Palm Leaf
Paintings & Art,Kalamkari,30.0,5,Channapatna,Karnataka,0.418,0.1257,Winter,2141.14,Natural Dye
Handmade Toys,Educational Toy,106.34,5,Srikalahasti,Andhra Pradesh,0.691,0.0023,Festival,2268.25,Cotton
Ceramics,Vase,139.25,2,Kashmir,Jammu and Kashmir,0.615,-0.1275,Normal,1485.11,Ceramic
Pottery & Terracotta,Decorative Pot,70.94,2,Srikalahasti,Andhra Pradesh,0.471,0.1124,Wedding,994.93,Terracotta
Pottery & Terracotta,Clay Lamp,120.82,2,Kutch,Gujarat,0.67,0.0987,Normal,1608.48,Terracotta
Metal Crafts,Utensil,1007.7,5,Kutch,Gujarat,0.732,0.2001,Monsoon,5348.44,Brass
Handmade Bags & Accessories,Basket,292.49,2,Kutch,Gujarat,0.619,-0.0592,Monsoon,2434.91,Jute
Handloom & Textiles,Carpet,119.19,6,Narsapur,Andhra Pradesh,0.701,0.1395,Winter,1343.1,Cotton
Pottery & Terracotta,Vase,30.0,2,Moradabad,Uttar Pradesh,0.537,0.1825,Festival,1256.88,Clay
Pottery & Terracotta,Vase,57.08,4,Saharanpur,Uttar Pradesh,0.565,0.0681,Normal,1620.18,Clay
Ceramics,Decorative Piece,214.57,3,Narsapur,Andhra Pradesh,0.621,-0.0694,Winter,1749.03,Ceramic
Metal Crafts,Brassware,1541.65,7,Kashmir,Jammu and Kashmir,0.608,-0.092,Winter,4948.76,Brass
Ceramics,Tableware,125.32,2,Srinagar,Jammu and Kashmir,0.646,0.0383,Normal,1544.23,Ceramic
Handmade Bags & Accessories,Pouch,477.63,4,Kutch,Gujarat,0.445,-0.0295,Normal,2409.13,Leather
Handmade Bags & Accessories,Handmade Belt,285.5,3,Madhubani,Bihar,0.85,-0.1088,Normal,1943.72,Cotton
Woodcraft,Furniture,997.48,10,Kondapalli,Andhra Pradesh,0.568,0.0515,Monsoon,3195.15,Mango Wood
Leather & Traditional Craft,Footwear,974.67,7,Kutch,Gujarat,0.818,0.1324,Wedding,4391.54,Leather
Metal Crafts,Lamp,986.74,1,Bhubaneswar,Odisha,0.665,-0.0061,Summer,4929.01,Copper
Woodcraft,Wall Décor,569.5,10,Moradabad,Uttar Pradesh,0.695,0.0764,Normal,4047.45,Wood
Pottery & Terracotta,Decorative Pot,42.8,3,Kolkata,West Bengal,0.419,-0.0253,Normal,1040.88,Clay
Handloom & Textiles,Fabric,291.98,9,Narsapur,Andhra Pradesh,0.522,-0.0508,Festival,3247.89,Jute
Handmade Home Décor,Wall Hanging,268.14,3,Moradabad,Uttar Pradesh,0.381,0.1661,Normal,2296.9,Cotton
Natural / Eco-friendly Crafts,Natural-fibre Basket,208.64,3,Raghurajpur,Odisha,0.681,0.1139,Festival,1478.57,Jute
Pottery & Terracotta,Kitchenware,107.11,2,Khurja,Uttar Pradesh,0.698,0.0649,Winter,1136.88,Clay
Embroidery & Needlecraft,Patchwork Product,338.69,11,Saharanpur,Uttar Pradesh,0.475,0.0826,Festival,3941.23,Linen
Handmade Bags & Accessories,Tote Bag,243.96,1,Pochampally,Telangana,0.428,0.1323,Festival,2936.95,Jute
Embroidery & Needlecraft,Wall Hanging,332.12,7,Narsapur,Andhra Pradesh,0.519,0.0619,Normal,1836.69,Jute
Handmade Toys,Educational Toy,112.12,1,Channapatna,Karnataka,0.542,-0.0193,Wedding,1081.98,Wood
Handmade Toys,Cloth Doll,226.21,4,Kolkata,West Bengal,0.808,0.042,Festival,1542.83,Wool
Leather & Traditional Craft,Decorative Leather Product,782.63,2,Narsapur,Andhra Pradesh,0.691,0.1453,Normal,2501.7,Leather
Pottery & Terracotta,Kitchenware,30.0,1,Kondapalli,Andhra Pradesh,0.594,0.0925,Normal,1635.34,Clay
Handloom & Textiles,Shawl,295.39,10,Bhubaneswar,Odisha,0.462,0.1014,Normal,1914.75,Linen
Pottery & Terracotta,Clay Lamp,185.82,1,Bastar,Chhattisgarh,0.833,0.076,Normal,1943.28,Clay
Leather & Traditional Craft,Wallet,940.44,4,Pochampally,Telangana,0.566,0.0548,Normal,2918.78,Leather
Embroidery & Needlecraft,Patchwork Product,413.18,6,Khurja,Uttar Pradesh,0.391,0.0495,Winter,2714.2,Wool
Natural / Eco-friendly Crafts,Eco-friendly Packaging,136.59,2,Thanjavur,Tamil Nadu,0.433,0.0851,Normal,1154.13,Palm Leaf
Embroidery & Needlecraft,Embroidered Clothing,569.29,6,Saharanpur,Uttar Pradesh,0.637,-0.138,Normal,3265.31,Silk
Woodcraft,Wooden Jewellery,341.72,6,Pochampally,Telangana,0.272,0.156,Normal,3849.26,Wood
Paintings & Art,Handmade Wall Art,291.21,12,Raghurajpur,Odisha,0.644,0.1274,Festival,2101.62,Canvas
Handmade Bags & Accessories,Pouch,238.9,2,Pochampally,Telangana,0.76,-0.055,Normal,1705.01,Cotton
Handloom & Textiles,Bedsheet,137.53,10,Moradabad,Uttar Pradesh,0.519,0.1558,Festival,2121.04,Cotton
Handmade Home Décor,Mirror,162.15,8,Pochampally,Telangana,0.534,-0.0355,Normal,2721.51,Metal
Pottery & Terracotta,Clay Pot,194.28,5,Jaipur,Rajasthan,0.472,0.1024,Normal,1492.63,Terracotta
Handmade Home Décor,Table Décor,30.0,7,Bastar,Chhattisgarh,0.652,0.1579,Normal,1584.23,Clay
Paintings & Art,Warli Painting,382.93,7,Pochampally,Telangana,0.319,0.0034,Festival,2822.61,Acrylic
Handmade Home Décor,Showpiece,586.02,4,Moradabad,Uttar Pradesh,0.292,0.0469,Festival,2581.03,Wood
Pottery & Terracotta,Terracotta Figurine,112.61,2,Srinagar,Jammu and Kashmir,0.574,0.0882,Winter,1774.24,Terracotta
Ceramics,Decorative Piece,350.51,3,Khurja,Uttar Pradesh,0.678,0.0869,Festival,1892.94,Ceramic
Pottery & Terracotta,Planter,120.92,3,Pochampally,Telangana,0.892,0.0576,Normal,1101.8,Terracotta
Handmade Toys,Stuffed Toy,145.86,4,Srinagar,Jammu and Kashmir,0.564,0.1459,Normal,1393.96,Cotton
Embroidery & Needlecraft,Cushion Cover,579.68,10,Moradabad,Uttar Pradesh,0.534,-0.032,Normal,2584.18,Silk
Paintings & Art,Kalamkari,191.16,8,Madhubani,Bihar,0.441,0.0001,Monsoon,2324.04,Cotton
Pottery & Terracotta,Kitchenware,110.82,2,Kashmir,Jammu and Kashmir,0.391,0.0845,Winter,1641.45,Clay
Handmade Toys,Educational Toy,158.06,2,Moradabad,Uttar Pradesh,0.806,0.0388,Summer,1502.48,Wood
Handloom & Textiles,Towel,213.21,8,Khurja,Uttar Pradesh,0.542,0.0712,Summer,2979.27,Linen
Natural / Eco-friendly Crafts,Coir Product,30.0,4,Srikalahasti,Andhra Pradesh,0.594,0.0731,Normal,1048.25,Coir
Handloom & Textiles,Traditional Garment,360.63,9,Raghurajpur,Odisha,0.772,0.0488,Normal,3167.74,Wool
Handmade Bags & Accessories,Handbag,197.73,5,Kondapalli,Andhra Pradesh,0.581,0.1044,Normal,1980.72,Cotton
Pottery & Terracotta,Terracotta Figurine,98.59,1,Srikalahasti,Andhra Pradesh,0.627,0.0531,Festival,1017.75,Terracotta
Handmade Jewellery,Metal Jewellery,674.99,3,Kashmir,Jammu and Kashmir,0.557,-0.0073,Normal,1838.52,Brass
Handmade Home Décor,Handmade Clock,357.94,6,Etikoppaka,Andhra Pradesh,0.62,0.1504,Winter,2307.06,Wood
Paintings & Art,Handmade Wall Art,257.07,7,Bastar,Chhattisgarh,0.717,-0.0056,Monsoon,1741.99,Handmade Paper
Pottery & Terracotta,Sculpture,207.13,2,Bastar,Chhattisgarh,0.584,-0.009,Normal,1119.33,Terracotta
Natural / Eco-friendly Crafts,Palm-leaf Product,128.62,1,Kolkata,West Bengal,0.525,0.0172,Summer,1782.44,Palm Leaf
Pottery & Terracotta,Terracotta Figurine,63.74,2,Narsapur,Andhra Pradesh,0.546,0.1307,Normal,1269.04,Terracotta
Handmade Jewellery,Tribal Jewellery,1105.74,3,Pochampally,Telangana,0.649,-0.0005,Normal,2892.49,Silver
Handmade Jewellery,Metal Jewellery,1081.48,5,Madhubani,Bihar,0.496,0.2184,Festival,4237.22,Silver
Leather & Traditional Craft,Footwear,780.34,5,Madhubani,Bihar,0.831,0.0629,Monsoon,3979.75,Leather
Natural / Eco-friendly Crafts,Banana-fibre Product,169.45,4,Etikoppaka,Andhra Pradesh,0.618,0.1896,Normal,1349.8,Banana Fibre
Handloom & Textiles,Saree,322.29,8,Narsapur,Andhra Pradesh,0.559,0.0083,Normal,3059.31,Cotton
Pottery & Terracotta,Clay Pot,127.57,4,Srinagar,Jammu and Kashmir,0.665,0.1096,Festival,1474.93,Clay
Metal Crafts,Metal Sculpture,1008.76,4,Assam,Assam,0.624,0.1138,Winter,6663.07,Copper
Handmade Jewellery,Beaded Jewellery,540.91,1,Srinagar,Jammu and Kashmir,0.748,-0.0529,Normal,3625.32,Glass Beads
Handmade Jewellery,Bangles,290.92,3,Saharanpur,Uttar Pradesh,0.504,0.101,Festival,2781.91,Lac
Natural / Eco-friendly Crafts,Jute Product,212.38,3,Moradabad,Uttar Pradesh,0.669,0.1276,Summer,2069.38,Jute
Leather & Traditional Craft,Belt,1345.4,6,Kutch,Gujarat,0.706,0.0354,Winter,6347.77,Leather
Natural / Eco-friendly Crafts,Jute Product,30.0,3,Srikalahasti,Andhra Pradesh,0.344,0.0409,Normal,1409.99,Jute
Handmade Home Décor,Candle,370.23,4,Kutch,Gujarat,0.876,-0.0298,Monsoon,3566.7,Beeswax
Embroidery & Needlecraft,Embroidered Clothing,734.32,6,Jaipur,Rajasthan,0.835,0.0927,Normal,3580.57,Silk
Handmade Toys,Stuffed Toy,195.88,3,Pochampally,Telangana,0.823,0.1559,Wedding,1528.09,Jute
Leather & Traditional Craft,Leather Bag,935.91,7,Narsapur,Andhra Pradesh,0.385,-0.0287,Festival,5019.22,Leather
Handloom & Textiles,Bedsheet,655.0,8,Srikalahasti,Andhra Pradesh,0.851,0.0422,Monsoon,3019.69,Cotton
Woodcraft,Box,721.65,8,Kolkata,West Bengal,0.369,0.0942,Winter,2582.06,Wood
Handmade Toys,Puppet,262.13,2,Etikoppaka,Andhra Pradesh,0.541,-0.0728,Wedding,2146.7,Wood
Metal Crafts,Jewellery,812.4,9,Kashmir,Jammu and Kashmir,0.801,-0.0208,Festival,5656.43,Brass
Handmade Toys,Handmade Game,147.37,2,Kutch,Gujarat,0.852,0.0702,Normal,1214.32,Paper
Natural / Eco-friendly Crafts,Jute Product,128.34,4,Srinagar,Jammu and Kashmir,0.418,0.0686,Wedding,1968.72,Jute
Ceramics,Bowl,256.61,2,Kashmir,Jammu and Kashmir,0.54,0.0562,Normal,1182.93,Stoneware
Leather & Traditional Craft,Decorative Leather Product,681.03,1,Saharanpur,Uttar Pradesh,0.611,-0.0212,Normal,2763.64,Leather
Leather & Traditional Craft,Decorative Leather Product,913.31,4,Srikalahasti,Andhra Pradesh,0.556,0.035,Normal,4551.4,Leather
Woodcraft,Sculpture,345.08,6,Kutch,Gujarat,0.701,0.0204,Normal,2575.65,Wood
Leather & Traditional Craft,Footwear,573.57,4,Thanjavur,Tamil Nadu,0.723,-0.1123,Festival,2352.07,Leather
Handloom & Textiles,Shawl,337.62,8,Khurja,Uttar Pradesh,0.633,0.1962,Normal,2071.73,Wool
Metal Crafts,Copperware,765.99,4,Madhubani,Bihar,0.624,-0.0362,Monsoon,5408.83,Copper
Handmade Jewellery,Necklace,251.35,3,Channapatna,Karnataka,0.408,0.1466,Normal,1334.1,Lac
Woodcraft,Box,605.04,9,Bhubaneswar,Odisha,0.481,-0.0141,Monsoon,4109.14,Wood
Handmade Jewellery,Terracotta Jewellery,142.94,1,Etikoppaka,Andhra Pradesh,0.616,0.0364,Normal,3262.02,Terracotta
Ceramics,Tableware,207.91,3,Bastar,Chhattisgarh,0.624,0.0549,Normal,1275.09,Ceramic
"Bamboo, Cane & Natural Fibre",Mat,161.38,2,Pochampally,Telangana,0.673,-0.0461,Festival,1153.28,Jute
Woodcraft,Figurine,665.95,12,Khurja,Uttar Pradesh,0.833,0.0211,Festival,4049.09,Wood
"Bamboo, Cane & Natural Fibre",Mat,295.38,4,Etikoppaka,Andhra Pradesh,0.855,0.16,Normal,2708.52,Cane
Metal Crafts,Utensil,895.92,4,Kondapalli,Andhra Pradesh,0.421,0.0402,Festival,5210.38,Brass
Ceramics,Vase,298.07,1,Assam,Assam,0.912,0.1214,Summer,2575.72,Ceramic
Handmade Jewellery,Metal Jewellery,812.73,3,Bhubaneswar,Odisha,0.664,0.0337,Wedding,2800.09,Brass
Handmade Bags & Accessories,Tote Bag,365.29,1,Kutch,Gujarat,0.588,0.0128,Monsoon,1624.86,Canvas
Woodcraft,Figurine,466.78,1,Kashmir,Jammu and Kashmir,0.745,0.0969,Wedding,3272.44,Wood
Handmade Home Décor,Lamp,228.7,6,Kutch,Gujarat,0.917,0.1173,Normal,2883.74,Metal
Woodcraft,Furniture,869.07,7,Khurja,Uttar Pradesh,0.636,0.1648,Winter,3978.48,Sheesham Wood
Handmade Toys,Educational Toy,271.77,3,Khurja,Uttar Pradesh,0.653,0.0547,Festival,2338.24,Wood
Woodcraft,Decorative Panel,572.84,2,Moradabad,Uttar Pradesh,0.83,-0.1261,Winter,2752.77,Wood
Embroidery & Needlecraft,Embroidered Bag,292.98,5,Pochampally,Telangana,0.591,0.2258,Normal,2247.96,Cotton
Handmade Home Décor,Lamp,168.19,6,Bastar,Chhattisgarh,0.708,0.0582,Normal,2365.13,Clay
Paintings & Art,Sketch,195.88,6,Madhubani,Bihar,0.444,0.1199,Summer,1535.72,Graphite
Pottery & Terracotta,Kitchenware,30.0,2,Etikoppaka,Andhra Pradesh,0.317,0.0465,Normal,1334.41,Clay
Handmade Bags & Accessories,Basket,251.66,3,Kondapalli,Andhra Pradesh,0.626,0.0247,Wedding,2403.59,Cane
Pottery & Terracotta,Terracotta Figurine,162.31,3,Madhubani,Bihar,0.443,0.0241,Festival,1348.54,Terracotta
Handmade Home Décor,Dreamcatcher,314.07,3,Khurja,Uttar Pradesh,0.36,0.0727,Winter,1674.14,Bamboo
Handloom & Textiles,Dupatta,317.41,7,Kolkata,West Bengal,0.601,-0.0838,Summer,3183.45,Wool
Handmade Toys,Stuffed Toy,30.0,3,Khurja,Uttar Pradesh,0.815,0.0599,Normal,1203.96,Jute
Handmade Toys,Wooden Toy,193.81,4,Thanjavur,Tamil Nadu,0.462,0.033,Normal,1888.72,Wood
Paintings & Art,Warli Painting,109.42,1,Madhubani,Bihar,0.576,-0.0683,Wedding,1213.45,Acrylic
Handloom & Textiles,Dupatta,611.9,13,Kondapalli,Andhra Pradesh,0.805,0.023,Normal,2381.71,Linen
Handmade Toys,Stuffed Toy,30.0,3,Raghurajpur,Odisha,0.794,-0.0486,Normal,1038.62,Jute
Handmade Home Décor,Lamp,263.84,1,Moradabad,Uttar Pradesh,0.62,0.0396,Monsoon,2513.96,Clay
Pottery & Terracotta,Clay Pot,38.41,2,Channapatna,Karnataka,0.783,0.11,Normal,1440.53,Terracotta
Leather & Traditional Craft,Decorative Leather Product,776.53,3,Kolkata,West Bengal,0.246,0.068,Normal,3865.77,Leather
Ceramics,Home Décor,240.85,1,Narsapur,Andhra Pradesh,0.638,-0.0085,Normal,2099.72,Porcelain
Natural / Eco-friendly Crafts,Palm-leaf Product,112.01,4,Srikalahasti,Andhra Pradesh,0.7,-0.0793,Festival,1639.65,Palm Leaf
Handmade Toys,Puppet,138.7,3,Khurja,Uttar Pradesh,0.932,0.1175,Normal,1618.21,Cotton
Leather & Traditional Craft,Footwear,578.0,4,Kashmir,Jammu and Kashmir,0.661,0.0854,Normal,3448.62,Leather
Leather & Traditional Craft,Traditional Leather Craft,724.35,7,Saharanpur,Uttar Pradesh,0.513,0.1045,Wedding,6119.28,Leather
Woodcraft,Wooden Jewellery,666.66,8,Kutch,Gujarat,0.74,0.0807,Monsoon,2397.82,Wood
Metal Crafts,Copperware,1214.53,6,Assam,Assam,0.405,0.0829,Summer,5928.35,Copper
Embroidery & Needlecraft,Embroidered Clothing,506.26,2,Bastar,Chhattisgarh,0.582,0.0763,Wedding,4029.3,Cotton
Woodcraft,Sculpture,416.71,10,Bhubaneswar,Odisha,0.694,0.0547,Summer,4746.58,Wood
"Bamboo, Cane & Natural Fibre",Basket,182.88,3,Kutch,Gujarat,0.704,0.0598,Summer,2577.4,Palm Leaf
Pottery & Terracotta,Vase,129.16,1,Srinagar,Jammu and Kashmir,0.741,-0.1465,Summer,971.05,Clay
Handmade Bags & Accessories,Accessories,406.27,5,Madhubani,Bihar,0.382,-0.0028,Normal,1889.72,Beads
Handmade Home Décor,Sculpture,133.92,4,Saharanpur,Uttar Pradesh,0.834,0.0442,Monsoon,1855.52,Clay
Woodcraft,Wall Décor,613.91,1,Channapatna,Karnataka,0.791,-0.1522,Monsoon,2928.03,Wood
Paintings & Art,Warli Painting,455.65,5,Jaipur,Rajasthan,0.657,-0.0746,Wedding,2720.36,Watercolour
Handmade Toys,Puppet,153.19,2,Thanjavur,Tamil Nadu,0.656,0.2057,Normal,1453.8,Cotton
Woodcraft,Kitchenware,650.64,5,Kutch,Gujarat,0.407,0.0562,Monsoon,3615.07,Wood
"Bamboo, Cane & Natural Fibre",Decorative Item,249.42,2,Bastar,Chhattisgarh,0.692,0.0265,Festival,1340.3,Cane
Handmade Toys,Cloth Doll,233.42,3,Kolkata,West Bengal,0.462,0.282,Winter,1746.97,Cotton
Woodcraft,Kitchenware,409.46,9,Assam,Assam,0.559,0.3,Monsoon,3720.07,Wood
Pottery & Terracotta,Decorative Pot,61.99,3,Srikalahasti,Andhra Pradesh,0.341,-0.0635,Normal,1172.69,Clay
"Bamboo, Cane & Natural Fibre",Basket,210.39,5,Saharanpur,Uttar Pradesh,0.614,0.0268,Normal,1980.09,Cane
Handmade Jewellery,Bracelet,820.77,6,Madhubani,Bihar,0.579,0.1546,Festival,3831.25,Brass
Metal Crafts,Decorative Item,1171.84,6,Bastar,Chhattisgarh,0.601,-0.1565,Winter,5380.99,Copper
Woodcraft,Sculpture,858.18,7,Raghurajpur,Odisha,0.705,0.2028,Normal,3242.89,Wood
Natural / Eco-friendly Crafts,Coir Product,243.37,2,Raghurajpur,Odisha,0.621,0.2383,Festival,2056.38,Coir
Woodcraft,Furniture,834.93,1,Bastar,Chhattisgarh,0.45,0.1183,Festival,4384.79,Teak Wood
Leather & Traditional Craft,Belt,1001.68,5,Kutch,Gujarat,0.343,0.2258,Festival,4482.76,Leather
Ceramics,Decorative Piece,284.83,5,Saharanpur,Uttar Pradesh,0.748,0.2041,Normal,2221.27,Ceramic
Leather & Traditional Craft,Decorative Leather Product,674.39,4,Khurja,Uttar Pradesh,0.457,0.0516,Normal,3831.42,Leather
Embroidery & Needlecraft,Quilt,700.43,7,Raghurajpur,Odisha,0.615,0.1267,Festival,4107.87,Wool
Handloom & Textiles,Fabric,699.99,6,Madhubani,Bihar,0.524,0.1823,Winter,3311.33,Silk
Natural / Eco-friendly Crafts,Eco-friendly Packaging,199.22,4,Narsapur,Andhra Pradesh,0.739,-0.0071,Festival,1558.72,Banana Fibre
Handmade Toys,Wooden Toy,282.47,2,Channapatna,Karnataka,0.58,0.0254,Winter,1881.54,Wood
Woodcraft,Tray,1079.43,12,Khurja,Uttar Pradesh,0.648,0.2415,Normal,6663.58,Wood
Pottery & Terracotta,Terracotta Jewellery,150.32,1,Channapatna,Karnataka,0.719,0.0573,Winter,1658.01,Terracotta
Paintings & Art,Handmade Wall Art,375.01,5,Etikoppaka,Andhra Pradesh,0.764,-0.0419,Summer,2567.77,Handmade Paper
Leather & Traditional Craft,Wallet,788.39,7,Kolkata,West Bengal,0.692,-0.0014,Monsoon,2330.98,Leather
Natural / Eco-friendly Crafts,Banana-fibre Product,115.39,1,Kondapalli,Andhra Pradesh,0.606,-0.0035,Normal,1354.26,Banana Fibre
Paintings & Art,Pattachitra,293.51,7,Kondapalli,Andhra Pradesh,0.692,-0.0905,Summer,2642.93,Cloth
Pottery & Terracotta,Terracotta Jewellery,124.13,2,Narsapur,Andhra Pradesh,0.509,0.0708,Festival,1822.08,Clay
Handmade Home Décor,Mirror,526.06,4,Srinagar,Jammu and Kashmir,0.883,-0.0746,Normal,2013.12,Wood
Paintings & Art,Gond Art,180.56,6,Srinagar,Jammu and Kashmir,0.816,-0.1343,Normal,2884.0,Natural Pigment
Metal Crafts,Lamp,1344.96,8,Narsapur,Andhra Pradesh,0.672,0.0464,Normal,8463.71,Copper
Paintings & Art,Folk Painting,300.64,9,Kolkata,West Bengal,0.682,0.0421,Normal,3813.74,Acrylic
"Bamboo, Cane & Natural Fibre",Bag,258.35,5,Narsapur,Andhra Pradesh,0.762,0.1835,Monsoon,1694.47,Cane
Metal Crafts,Metal Sculpture,1352.26,11,Srinagar,Jammu and Kashmir,0.692,-0.0397,Normal,8100.86,Bell Metal
Leather & Traditional Craft,Footwear,1003.76,5,Saharanpur,Uttar Pradesh,0.699,0.1559,Festival,4214.51,Leather
Handmade Home Décor,Showpiece,246.35,5,Narsapur,Andhra Pradesh,0.646,0.0701,Festival,2461.29,Metal
Handmade Jewellery,Bracelet,623.24,2,Channapatna,Karnataka,0.541,0.1745,Normal,2322.16,Brass
Leather & Traditional Craft,Decorative Leather Product,1181.29,3,Thanjavur,Tamil Nadu,0.642,0.0869,Normal,4464.71,Leather
Handmade Home Décor,Decorative Box,307.84,7,Raghurajpur,Odisha,0.724,0.0766,Winter,3233.09,Bamboo
Metal Crafts,Lamp,1623.26,7,Madhubani,Bihar,0.579,0.0392,Winter,6236.13,Brass
Metal Crafts,Utensil,1060.75,4,Bastar,Chhattisgarh,0.616,0.116,Normal,5151.61,Copper
Woodcraft,Decorative Panel,295.89,7,Kondapalli,Andhra Pradesh,0.419,0.1523,Normal,1917.37,Wood
Pottery & Terracotta,Clay Pot,122.23,2,Kolkata,West Bengal,0.615,-0.08,Normal,1246.67,Terracotta
"Bamboo, Cane & Natural Fibre",Storage Box,227.39,5,Thanjavur,Tamil Nadu,0.705,0.1274,Festival,3077.49,Bamboo
Handmade Toys,Puppet,344.2,3,Srikalahasti,Andhra Pradesh,0.626,0.067,Festival,2019.73,Leather
"Bamboo, Cane & Natural Fibre",Storage Box,30.0,1,Kondapalli,Andhra Pradesh,0.577,0.0418,Normal,1032.01,Palm Leaf
Natural / Eco-friendly Crafts,Jute Product,215.26,5,Srinagar,Jammu and Kashmir,0.588,0.0361,Normal,1937.64,Jute
Handmade Bags & Accessories,Handbag,359.32,5,Channapatna,Karnataka,0.639,0.1141,Festival,2017.56,Leather
Ceramics,Tableware,199.92,3,Kutch,Gujarat,0.828,0.2234,Normal,1990.63,Stoneware
Embroidery & Needlecraft,Table Runner,330.84,5,Bhubaneswar,Odisha,0.767,0.0893,Wedding,3496.95,Cotton
Natural / Eco-friendly Crafts,Banana-fibre Product,150.25,2,Kutch,Gujarat,0.833,0.102,Wedding,2386.05,Banana Fibre
Handmade Home Décor,Wall Hanging,290.49,2,Bhubaneswar,Odisha,0.877,-0.1301,Wedding,3229.36,Jute
Handmade Bags & Accessories,Scarf,507.71,4,Srikalahasti,Andhra Pradesh,0.73,0.0114,Winter,2393.39,Cotton
Handloom & Textiles,Durrie,378.84,4,Madhubani,Bihar,0.644,0.0457,Winter,1891.51,Cotton
Handloom & Textiles,Carpet,468.47,6,Channapatna,Karnataka,0.58,0.0958,Normal,2210.89,Wool
Embroidery & Needlecraft,Cushion Cover,251.29,6,Channapatna,Karnataka,0.377,0.0472,Normal,1326.7,Cotton
Handmade Toys,Traditional Toy,181.29,1,Saharanpur,Uttar Pradesh,0.87,0.0304,Normal,2246.91,Wood
Handmade Bags & Accessories,Accessories,418.8,3,Jaipur,Rajasthan,0.728,-0.0754,Normal,2068.19,Leather
Handmade Jewellery,Beaded Jewellery,531.57,6,Assam,Assam,0.76,-0.0762,Wedding,2329.05,Wood
Natural / Eco-friendly Crafts,Coir Product,145.45,4,Saharanpur,Uttar Pradesh,0.393,0.0946,Normal,1122.43,Coir
"Bamboo, Cane & Natural Fibre",Tray,65.64,5,Channapatna,Karnataka,0.323,-0.0236,Winter,1903.99,Palm Leaf
Pottery & Terracotta,Kitchenware,107.99,2,Assam,Assam,0.81,-0.1412,Normal,1787.91,Terracotta
"Bamboo, Cane & Natural Fibre",Storage Box,205.3,3,Narsapur,Andhra Pradesh,0.492,-0.002,Monsoon,1118.6,Cane
Embroidery & Needlecraft,Table Runner,650.15,7,Srikalahasti,Andhra Pradesh,0.427,0.1742,Normal,3969.42,Silk
Ceramics,Home Décor,231.72,2,Jaipur,Rajasthan,0.389,0.0347,Festival,1940.61,Ceramic
Ceramics,Tableware,110.76,2,Khurja,Uttar Pradesh,0.677,-0.1301,Normal,1970.46,Stoneware
Pottery & Terracotta,Terracotta Jewellery,96.08,2,Etikoppaka,Andhra Pradesh,0.51,0.2655,Festival,1243.22,Terracotta
Handmade Toys,Handmade Game,149.12,5,Khurja,Uttar Pradesh,0.151,-0.1822,Normal,764.59,Paper
Ceramics,Plate,136.63,2,Madhubani,Bihar,0.777,-0.0276,Normal,1934.63,Stoneware
Handmade Toys,Educational Toy,145.31,4,Etikoppaka,Andhra Pradesh,0.736,0.1359,Normal,1955.86,Wood
Handmade Bags & Accessories,Wallet,257.91,3,Etikoppaka,Andhra Pradesh,0.292,0.1221,Festival,1550.37,Cotton
Paintings & Art,Handmade Wall Art,278.46,5,Kondapalli,Andhra Pradesh,0.538,-0.0383,Wedding,2724.28,Handmade Paper
Handloom & Textiles,Bedsheet,676.21,2,Pochampally,Telangana,0.929,0.0131,Normal,3041.2,Jute
Handmade Jewellery,Wooden Jewellery,268.76,4,Madhubani,Bihar,0.741,0.3,Monsoon,2555.3,Wood
Ceramics,Cup,184.75,4,Pochampally,Telangana,0.8,0.0886,Festival,2040.23,Stoneware
Handmade Bags & Accessories,Clutch,380.89,7,Saharanpur,Uttar Pradesh,0.335,0.0978,Wedding,2142.1,Lac
Ceramics,Vase,236.09,2,Kutch,Gujarat,0.643,-0.128,Monsoon,1634.48,Stoneware
Paintings & Art,Sketch,30.0,8,Moradabad,Uttar Pradesh,0.801,0.0248,Festival,2332.61,Charcoal
Embroidery & Needlecraft,Embroidered Bag,149.09,8,Raghurajpur,Odisha,0.727,-0.0529,Festival,2763.24,Cotton
Handmade Toys,Educational Toy,309.24,1,Jaipur,Rajasthan,0.363,0.0688,Wedding,1785.31,Wood
Handmade Bags & Accessories,Basket,189.6,2,Kashmir,Jammu and Kashmir,0.737,0.0324,Wedding,2691.72,Cane
Natural / Eco-friendly Crafts,Jute Product,30.0,2,Thanjavur,Tamil Nadu,0.629,0.1223,Normal,1613.01,Jute
"Bamboo, Cane & Natural Fibre",Decorative Item,177.92,1,Madhubani,Bihar,0.527,0.0121,Festival,1087.36,Cane
Paintings & Art,Phad Painting,391.48,8,Thanjavur,Tamil Nadu,0.716,-0.0306,Winter,2116.96,Watercolour
Pottery & Terracotta,Sculpture,119.55,3,Kolkata,West Bengal,0.757,0.1117,Normal,1452.79,Terracotta
Handmade Bags & Accessories,Wallet,349.97,3,Pochampally,Telangana,0.79,0.0986,Normal,3048.93,Leather
Metal Crafts,Metal Sculpture,1657.97,7,Narsapur,Andhra Pradesh,0.577,0.2171,Summer,4850.39,Bell Metal
Natural / Eco-friendly Crafts,Palm-leaf Product,105.85,3,Moradabad,Uttar Pradesh,0.698,0.3,Normal,1927.11,Palm Leaf
Handmade Toys,Handmade Game,160.37,3,Etikoppaka,Andhra Pradesh,0.785,0.0219,Winter,1387.67,Wood
Paintings & Art,Folk Painting,131.2,10,Narsapur,Andhra Pradesh,0.702,-0.0257,Normal,2264.05,Watercolour
Handmade Jewellery,Terracotta Jewellery,502.91,5,Srinagar,Jammu and Kashmir,0.861,0.1027,Winter,2948.06,Terracotta
Handmade Toys,Stuffed Toy,139.96,4,Raghurajpur,Odisha,0.594,0.009,Summer,2300.02,Jute
Natural / Eco-friendly Crafts,Eco-friendly Packaging,102.58,3,Jaipur,Rajasthan,0.908,-0.0284,Normal,2088.29,Banana Fibre
Paintings & Art,Miniature Painting,221.42,12,Kutch,Gujarat,0.776,0.1397,Winter,3114.78,Handmade Paper
Ceramics,Tableware,46.31,2,Bastar,Chhattisgarh,0.716,-0.0001,Normal,1566.69,Stoneware
Handmade Jewellery,Bracelet,422.47,3,Kondapalli,Andhra Pradesh,0.714,0.0236,Summer,3256.91,Beads
"Bamboo, Cane & Natural Fibre",Household Product,123.61,5,Srinagar,Jammu and Kashmir,0.575,0.1678,Normal,1870.76,Jute
Metal Crafts,Jewellery,1831.32,7,Pochampally,Telangana,0.669,0.0295,Summer,6729.7,Silver
Handmade Jewellery,Necklace,1042.69,2,Saharanpur,Uttar Pradesh,0.922,-0.0141,Winter,3330.71,Silver
Metal Crafts,Brassware,786.48,3,Assam,Assam,0.401,0.1734,Normal,3595.62,Brass
Handmade Jewellery,Metal Jewellery,522.81,4,Narsapur,Andhra Pradesh,0.595,0.0386,Summer,3314.27,Copper
Handloom & Textiles,Towel,514.7,5,Kutch,Gujarat,0.781,0.1573,Festival,3113.76,Cotton
Pottery & Terracotta,Diya,83.59,2,Etikoppaka,Andhra Pradesh,0.821,-0.082,Normal,969.11,Clay
Handmade Bags & Accessories,Pouch,270.91,2,Assam,Assam,0.641,-0.0998,Winter,1930.41,Jute
"Bamboo, Cane & Natural Fibre",Storage Box,116.36,2,Channapatna,Karnataka,0.765,0.147,Summer,1841.44,Cane
Handmade Bags & Accessories,Tote Bag,360.19,6,Madhubani,Bihar,0.388,0.1562,Winter,1750.31,Canvas
Handmade Home Décor,Dreamcatcher,299.83,3,Raghurajpur,Odisha,0.452,0.1314,Normal,2038.57,Bamboo
Pottery & Terracotta,Terracotta Jewellery,131.56,2,Srinagar,Jammu and Kashmir,0.905,0.0332,Normal,1376.6,Clay
Handmade Toys,Stuffed Toy,137.97,2,Srikalahasti,Andhra Pradesh,0.721,0.0217,Summer,1264.97,Jute
Handmade Bags & Accessories,Pouch,660.07,1,Bhubaneswar,Odisha,0.326,0.0973,Winter,2664.26,Leather
Paintings & Art,Kalamkari,441.37,4,Pochampally,Telangana,0.267,-0.1374,Normal,1305.2,Silk
"Bamboo, Cane & Natural Fibre",Mat,176.5,4,Moradabad,Uttar Pradesh,0.744,-0.0214,Summer,1685.57,Bamboo
Leather & Traditional Craft,Decorative Leather Product,660.89,4,Raghurajpur,Odisha,0.735,0.1993,Festival,4839.56,Leather
Handloom & Textiles,Durrie,364.65,12,Kashmir,Jammu and Kashmir,0.836,0.035,Festival,3732.03,Cotton
Paintings & Art,Kalamkari,434.93,5,Srinagar,Jammu and Kashmir,0.735,-0.0001,Festival,3095.14,Natural Dye
Natural / Eco-friendly Crafts,Handmade Paper Product,116.52,3,Kolkata,West Bengal,0.467,0.0187,Normal,1566.42,Handmade Paper
Ceramics,Ceramic Jewellery,256.51,3,Bhubaneswar,Odisha,0.67,0.0576,Monsoon,2244.03,Ceramic
Handmade Jewellery,Wooden Jewellery,328.29,5,Assam,Assam,0.874,0.0932,Normal,3737.18,Wood
Woodcraft,Figurine,274.65,7,Jaipur,Rajasthan,0.492,0.0666,Festival,4734.22,Wood
Handmade Home Décor,Dreamcatcher,314.44,3,Kashmir,Jammu and Kashmir,0.447,-0.0692,Summer,2964.68,Cotton
Metal Crafts,Copperware,1008.05,2,Moradabad,Uttar Pradesh,0.809,-0.1193,Normal,3073.36,Copper
Metal Crafts,Brassware,1323.07,3,Kashmir,Jammu and Kashmir,0.596,0.0592,Winter,4680.02,Brass
Handmade Toys,Handmade Game,169.2,3,Assam,Assam,0.903,0.1446,Normal,1397.05,Wood
Paintings & Art,Miniature Painting,59.53,4,Narsapur,Andhra Pradesh,0.716,0.1782,Monsoon,2348.74,Handmade Paper
Handmade Bags & Accessories,Pouch,458.28,2,Srinagar,Jammu and Kashmir,0.31,-0.0265,Normal,1780.57,Leather
Handloom & Textiles,Scarf,118.66,6,Srinagar,Jammu and Kashmir,0.289,0.0137,Festival,2895.55,Linen
Paintings & Art,Gond Art,132.34,9,Kondapalli,Andhra Pradesh,0.812,0.0613,Summer,2588.94,Watercolour
Natural / Eco-friendly Crafts,Handmade Paper Product,45.55,3,Assam,Assam,0.582,0.3,Normal,1048.91,Handmade Paper
Embroidery & Needlecraft,Embroidered Clothing,278.49,10,Assam,Assam,0.819,0.0979,Normal,2553.51,Cotton
Metal Crafts,Utensil,914.86,8,Kutch,Gujarat,0.496,0.077,Normal,3954.3,Copper
"Bamboo, Cane & Natural Fibre",Storage Box,256.5,5,Raghurajpur,Odisha,0.152,-0.0314,Normal,2226.35,Cane
Leather & Traditional Craft,Belt,625.0,1,Saharanpur,Uttar Pradesh,0.495,-0.0571,Normal,3791.4,Leather
"Bamboo, Cane & Natural Fibre",Basket,87.01,4,Kashmir,Jammu and Kashmir,0.885,0.0174,Normal,1420.3,Palm Leaf
Embroidery & Needlecraft,Wall Hanging,452.21,7,Kondapalli,Andhra Pradesh,0.472,0.2103,Wedding,2777.18,Cotton
Woodcraft,Wooden Jewellery,158.45,8,Narsapur,Andhra Pradesh,0.769,0.0368,Normal,2928.85,Wood
Ceramics,Ceramic Jewellery,249.29,2,Kashmir,Jammu and Kashmir,0.694,0.0134,Summer,2144.76,Porcelain
Handmade Jewellery,Tribal Jewellery,488.89,3,Assam,Assam,0.787,-0.0701,Festival,2334.74,Beads
Handmade Bags & Accessories,Backpack,355.91,5,Kondapalli,Andhra Pradesh,0.623,0.0092,Summer,3198.67,Leather
"Bamboo, Cane & Natural Fibre",Basket,138.97,4,Jaipur,Rajasthan,0.77,0.0017,Winter,1898.9,Palm Leaf
Woodcraft,Box,487.09,7,Assam,Assam,0.296,-0.0003,Festival,1717.59,Wood
Handmade Toys,Traditional Toy,308.47,4,Etikoppaka,Andhra Pradesh,0.645,0.196,Monsoon,2388.9,Wood
Handmade Toys,Stuffed Toy,308.48,4,Pochampally,Telangana,0.546,0.1501,Normal,1307.58,Wool
Leather & Traditional Craft,Belt,622.67,2,Jaipur,Rajasthan,0.529,0.0065,Summer,3767.58,Leather
Handmade Bags & Accessories,Backpack,320.22,3,Saharanpur,Uttar Pradesh,0.636,-0.007,Winter,2492.1,Cotton
Pottery & Terracotta,Clay Pot,90.98,3,Assam,Assam,0.959,-0.0401,Monsoon,1949.48,Terracotta
Ceramics,Home Décor,259.48,3,Thanjavur,Tamil Nadu,0.704,0.0855,Summer,2271.49,Porcelain
"Bamboo, Cane & Natural Fibre",Bag,185.44,2,Kolkata,West Bengal,0.856,0.0049,Normal,1806.8,Bamboo
"Bamboo, Cane & Natural Fibre",Storage Box,195.34,6,Narsapur,Andhra Pradesh,0.739,0.0394,Normal,1880.73,Cane
Handmade Toys,Wooden Toy,230.06,1,Kondapalli,Andhra Pradesh,0.694,-0.0018,Normal,1321.51,Wood
Handmade Home Décor,Dreamcatcher,234.34,5,Saharanpur,Uttar Pradesh,0.532,0.0877,Normal,3951.82,Bamboo
Handmade Bags & Accessories,Handbag,437.1,3,Bhubaneswar,Odisha,0.775,0.1175,Summer,3175.77,Leather
Handmade Toys,Wooden Toy,166.07,2,Bhubaneswar,Odisha,0.577,-0.0831,Festival,1155.31,Wood
Paintings & Art,Phad Painting,80.25,6,Assam,Assam,0.433,-0.0013,Wedding,2529.69,Natural Pigment
Leather & Traditional Craft,Traditional Leather Craft,841.84,6,Etikoppaka,Andhra Pradesh,0.649,-0.0861,Summer,4351.23,Leather
Handmade Home Décor,Candle,234.51,4,Srinagar,Jammu and Kashmir,0.727,-0.0363,Festival,3279.39,Soy Wax
"Bamboo, Cane & Natural Fibre",Household Product,161.51,5,Channapatna,Karnataka,0.447,-0.0583,Winter,2738.78,Jute
Embroidery & Needlecraft,Patchwork Product,584.3,11,Madhubani,Bihar,0.367,0.1488,Festival,4797.98,Wool
Handmade Bags & Accessories,Handbag,185.33,2,Channapatna,Karnataka,0.729,0.2115,Festival,2554.09,Cotton
Handloom & Textiles,Dupatta,566.11,13,Narsapur,Andhra Pradesh,0.616,0.1568,Normal,3694.53,Silk
Ceramics,Vase,147.0,4,Jaipur,Rajasthan,0.746,0.1353,Festival,2363.37,Stoneware
Handmade Home Décor,Dreamcatcher,314.81,3,Kolkata,West Bengal,0.431,0.0246,Summer,2996.78,Bamboo
Handmade Jewellery,Bracelet,525.86,7,Bhubaneswar,Odisha,0.273,0.0085,Festival,3662.72,Lac
Paintings & Art,Sketch,149.33,4,Etikoppaka,Andhra Pradesh,0.434,-0.0404,Normal,1853.69,Charcoal
Ceramics,Vase,213.83,2,Bhubaneswar,Odisha,0.406,0.033,Summer,999.78,Ceramic
Embroidery & Needlecraft,Embroidered Clothing,353.57,3,Kutch,Gujarat,0.559,-0.0264,Normal,2597.5,Linen
Paintings & Art,Phad Painting,204.44,1,Jaipur,Rajasthan,0.354,0.0408,Festival,2486.18,Cotton
Metal Crafts,Metal Sculpture,1410.2,3,Thanjavur,Tamil Nadu,0.768,0.0672,Normal,4206.07,Brass
Handloom & Textiles,Shawl,475.56,7,Raghurajpur,Odisha,0.693,0.1346,Wedding,3725.59,Linen
Pottery & Terracotta,Terracotta Figurine,73.51,3,Srinagar,Jammu and Kashmir,0.267,-0.1146,Normal,680.28,Clay
Pottery & Terracotta,Clay Pot,30.0,1,Khurja,Uttar Pradesh,0.636,0.2044,Normal,1766.69,Clay
Handmade Bags & Accessories,Accessories,116.3,3,Etikoppaka,Andhra Pradesh,0.859,0.0798,Summer,2441.39,Jute
Ceramics,Tableware,232.98,3,Narsapur,Andhra Pradesh,0.932,0.0304,Normal,1732.79,Stoneware
Handmade Jewellery,Terracotta Jewellery,461.68,6,Srinagar,Jammu and Kashmir,0.419,0.1866,Normal,2893.84,Terracotta
"Bamboo, Cane & Natural Fibre",Mat,150.69,7,Jaipur,Rajasthan,0.829,-0.0096,Monsoon,1952.67,Coir
Woodcraft,Figurine,618.05,12,Kolkata,West Bengal,0.364,0.116,Summer,3648.53,Wood
Handmade Home Décor,Lamp,416.95,1,Narsapur,Andhra Pradesh,0.471,0.1209,Winter,1845.2,Wood
Leather & Traditional Craft,Decorative Leather Product,827.57,5,Madhubani,Bihar,0.753,0.0001,Normal,2595.3,Leather
Handmade Home Décor,Mirror,320.13,6,Madhubani,Bihar,0.331,-0.0039,Normal,2753.48,Metal
"Bamboo, Cane & Natural Fibre",Furniture,248.01,3,Assam,Assam,0.622,0.0317,Monsoon,1371.84,Bamboo
Handloom & Textiles,Fabric,478.47,9,Pochampally,Telangana,0.7,0.1221,Festival,3213.29,Linen
Embroidery & Needlecraft,Embroidered Bag,235.96,11,Narsapur,Andhra Pradesh,0.666,-0.0466,Normal,2634.03,Jute
Handmade Home Décor,Wall Hanging,357.55,6,Kondapalli,Andhra Pradesh,0.534,-0.0295,Festival,2220.68,Cotton
Handmade Home Décor,Dreamcatcher,313.57,4,Khurja,Uttar Pradesh,0.63,0.0935,Wedding,2680.34,Bamboo
Ceramics,Cup,204.9,4,Srinagar,Jammu and Kashmir,0.545,0.2778,Winter,1283.83,Stoneware
Natural / Eco-friendly Crafts,Banana-fibre Product,158.36,3,Jaipur,Rajasthan,0.57,0.0536,Normal,1753.63,Banana Fibre
Embroidery & Needlecraft,Quilt,560.09,5,Moradabad,Uttar Pradesh,0.614,0.1181,Normal,2907.68,Wool
Leather & Traditional Craft,Decorative Leather Product,733.49,6,Srinagar,Jammu and Kashmir,0.85,-0.1196,Normal,3074.43,Leather
Leather & Traditional Craft,Traditional Leather Craft,1001.35,6,Saharanpur,Uttar Pradesh,0.794,-0.0069,Festival,5473.67,Leather
Ceramics,Home Décor,71.86,3,Assam,Assam,0.594,0.0417,Normal,1896.27,Porcelain
Natural / Eco-friendly Crafts,Banana-fibre Product,235.35,4,Kolkata,West Bengal,0.522,-0.0244,Normal,1345.72,Banana Fibre
Natural / Eco-friendly Crafts,Palm-leaf Product,30.0,3,Raghurajpur,Odisha,0.796,0.0754,Festival,2553.2,Palm Leaf
Metal Crafts,Brassware,890.52,3,Kutch,Gujarat,0.842,0.0683,Normal,4259.91,Brass
Paintings & Art,Folk Painting,259.39,5,Madhubani,Bihar,0.764,-0.0827,Festival,3231.0,Watercolour
Leather & Traditional Craft,Footwear,800.15,6,Bhubaneswar,Odisha,0.723,0.0216,Normal,2477.03,Leather
Pottery & Terracotta,Clay Lamp,82.62,1,Srikalahasti,Andhra Pradesh,0.631,0.0561,Winter,1511.19,Terracotta
Woodcraft,Decorative Panel,474.96,7,Jaipur,Rajasthan,0.81,0.1682,Normal,2891.47,Wood
Leather & Traditional Craft,Footwear,817.1,7,Saharanpur,Uttar Pradesh,0.573,0.0049,Festival,3004.9,Leather
Natural / Eco-friendly Crafts,Jute Product,148.65,3,Bastar,Chhattisgarh,0.58,0.116,Festival,1698.49,Jute
Pottery & Terracotta,Clay Pot,35.69,4,Etikoppaka,Andhra Pradesh,0.717,-0.0188,Normal,1829.63,Clay
Handmade Jewellery,Necklace,665.48,5,Kutch,Gujarat,0.663,0.1479,Normal,3098.72,Brass
Handmade Bags & Accessories,Accessories,177.57,4,Kolkata,West Bengal,0.567,-0.0018,Normal,1058.14,Beads
Handmade Home Décor,Sculpture,638.51,4,Narsapur,Andhra Pradesh,0.766,-0.106,Normal,4202.07,Wood
Pottery & Terracotta,Kitchenware,85.03,4,Kashmir,Jammu and Kashmir,0.551,0.2023,Festival,1759.42,Terracotta
Handmade Jewellery,Handmade Earrings,448.03,6,Etikoppaka,Andhra Pradesh,0.37,0.0134,Summer,3758.15,Lac
Handmade Home Décor,Handmade Clock,599.09,6,Saharanpur,Uttar Pradesh,0.623,0.0917,Festival,3392.75,Wood
Embroidery & Needlecraft,Patchwork Product,451.73,5,Moradabad,Uttar Pradesh,0.381,0.0762,Normal,2444.42,Wool
Leather & Traditional Craft,Leather Bag,914.45,7,Channapatna,Karnataka,0.72,0.005,Festival,3853.68,Leather
Woodcraft,Wooden Toy,211.26,3,Srinagar,Jammu and Kashmir,0.416,0.0243,Normal,1158.1,Wood
Handmade Home Décor,Dreamcatcher,435.31,6,Kondapalli,Andhra Pradesh,0.666,0.0542,Normal,2164.56,Cotton
Leather & Traditional Craft,Belt,976.43,4,Raghurajpur,Odisha,0.892,0.161,Summer,4520.18,Leather
Handmade Toys,Cloth Doll,252.58,3,Raghurajpur,Odisha,0.609,0.178,Normal,1559.72,Cotton
Woodcraft,Wall Décor,710.47,1,Thanjavur,Tamil Nadu,0.663,0.1649,Monsoon,3938.25,Wood
Handmade Toys,Stuffed Toy,217.99,3,Pochampally,Telangana,0.677,0.0698,Normal,2302.55,Jute
Metal Crafts,Lamp,1089.37,5,Bhubaneswar,Odisha,0.534,0.1912,Normal,5805.62,Copper
Handmade Home Décor,Wall Hanging,329.01,8,Bastar,Chhattisgarh,0.335,-0.0416,Normal,1842.95,Cotton
Handmade Toys,Cloth Doll,130.0,4,Kondapalli,Andhra Pradesh,0.696,0.2479,Normal,2050.21,Cotton
Handmade Home Décor,Lamp,261.27,4,Khurja,Uttar Pradesh,0.714,0.0197,Summer,3277.04,Wood
Embroidery & Needlecraft,Embroidered Bag,789.91,5,Kolkata,West Bengal,0.676,0.0663,Winter,2648.49,Silk
Leather & Traditional Craft,Traditional Leather Craft,737.99,5,Thanjavur,Tamil Nadu,0.773,-0.1764,Normal,4033.3,Leather
Paintings & Art,Madhubani Painting,129.42,6,Khurja,Uttar Pradesh,0.373,0.1193,Normal,1705.95,Watercolour
Leather & Traditional Craft,Decorative Leather Product,935.35,3,Kutch,Gujarat,0.744,0.0685,Normal,4796.66,Leather
Handmade Jewellery,Wooden Jewellery,655.85,1,Raghurajpur,Odisha,0.87,0.0725,Normal,3613.92,Wood
Handmade Bags & Accessories,Tote Bag,269.12,3,Kutch,Gujarat,0.448,0.0514,Summer,1796.26,Cotton
Metal Crafts,Copperware,1129.36,7,Pochampally,Telangana,0.415,0.0478,Normal,4560.01,Copper
Paintings & Art,Phad Painting,38.5,7,Bhubaneswar,Odisha,0.634,0.1888,Festival,2543.57,Natural Pigment
Embroidery & Needlecraft,Table Runner,188.65,7,Thanjavur,Tamil Nadu,0.611,0.1441,Festival,2031.01,Linen
Pottery & Terracotta,Sculpture,41.68,2,Khurja,Uttar Pradesh,0.75,0.1663,Normal,1605.11,Terracotta
Handmade Bags & Accessories,Clutch,471.99,3,Narsapur,Andhra Pradesh,0.709,-0.0871,Summer,3046.55,Leather
Handmade Toys,Educational Toy,122.4,3,Etikoppaka,Andhra Pradesh,0.679,0.0835,Normal,1835.06,Wood
Embroidery & Needlecraft,Table Runner,261.78,6,Channapatna,Karnataka,0.749,-0.1172,Normal,2296.15,Cotton
"Bamboo, Cane & Natural Fibre",Decorative Item,30.0,7,Srinagar,Jammu and Kashmir,0.685,0.0096,Festival,2631.27,Palm Leaf
Handmade Toys,Traditional Toy,213.31,3,Pochampally,Telangana,0.403,-0.0489,Winter,1105.64,Cloth
Pottery & Terracotta,Clay Lamp,137.31,4,Jaipur,Rajasthan,0.678,0.1798,Festival,2024.04,Terracotta
Handmade Jewellery,Terracotta Jewellery,363.42,4,Channapatna,Karnataka,0.718,0.1509,Normal,3019.0,Terracotta
Metal Crafts,Metal Sculpture,1440.34,4,Saharanpur,Uttar Pradesh,0.71,0.1579,Wedding,6609.45,Copper
Pottery & Terracotta,Planter,36.21,1,Narsapur,Andhra Pradesh,0.387,0.0209,Normal,821.74,Clay
"Bamboo, Cane & Natural Fibre",Lampshade,180.72,1,Assam,Assam,0.621,-0.0156,Winter,1199.86,Bamboo
Pottery & Terracotta,Clay Pot,145.27,3,Saharanpur,Uttar Pradesh,0.733,0.2351,Normal,1997.0,Terracotta
Handmade Jewellery,Necklace,189.68,1,Kolkata,West Bengal,0.894,0.0489,Festival,2970.75,Beads
Metal Crafts,Decorative Item,1010.49,3,Srinagar,Jammu and Kashmir,0.757,0.0359,Normal,6285.29,Brass
Ceramics,Plate,83.25,2,Pochampally,Telangana,0.604,-0.1203,Normal,797.86,Ceramic
Embroidery & Needlecraft,Embroidered Clothing,343.55,6,Assam,Assam,0.886,-0.0875,Normal,1840.9,Cotton
Ceramics,Cup,224.83,2,Thanjavur,Tamil Nadu,0.686,0.0256,Monsoon,1323.3,Ceramic
Pottery & Terracotta,Sculpture,149.41,2,Narsapur,Andhra Pradesh,0.942,0.0356,Normal,1279.65,Clay
Ceramics,Cup,171.23,2,Kondapalli,Andhra Pradesh,0.766,0.0824,Normal,1419.64,Stoneware
Embroidery & Needlecraft,Wall Hanging,602.3,6,Kashmir,Jammu and Kashmir,0.631,-0.0044,Wedding,3432.86,Wool
Handmade Jewellery,Handmade Earrings,257.14,3,Srinagar,Jammu and Kashmir,0.906,-0.0091,Festival,4132.6,Beads
Handmade Jewellery,Terracotta Jewellery,324.64,3,Jaipur,Rajasthan,0.387,0.0313,Normal,3794.2,Terracotta
Ceramics,Decorative Piece,249.5,3,Pochampally,Telangana,0.354,0.1184,Normal,1337.23,Stoneware
Metal Crafts,Metal Sculpture,1076.29,9,Kutch,Gujarat,0.466,0.014,Summer,5302.66,Copper
Natural / Eco-friendly Crafts,Handmade Paper Product,145.4,4,Madhubani,Bihar,0.617,0.0627,Normal,2086.12,Handmade Paper
Natural / Eco-friendly Crafts,Handmade Paper Product,217.25,4,Bhubaneswar,Odisha,0.671,0.028,Normal,1950.25,Handmade Paper
Embroidery & Needlecraft,Quilt,616.61,11,Narsapur,Andhra Pradesh,0.601,0.0172,Festival,3823.38,Cotton
Leather & Traditional Craft,Decorative Leather Product,800.22,3,Pochampally,Telangana,0.826,-0.0155,Normal,3848.47,Leather
Woodcraft,Wooden Jewellery,601.73,7,Bhubaneswar,Odisha,0.811,0.0095,Summer,3680.96,Wood
Handmade Toys,Wooden Toy,84.74,4,Srikalahasti,Andhra Pradesh,0.877,0.1511,Normal,2331.84,Wood
Handmade Toys,Wooden Toy,226.63,1,Thanjavur,Tamil Nadu,0.69,-0.062,Summer,1542.11,Wood
Pottery & Terracotta,Planter,132.48,4,Narsapur,Andhra Pradesh,0.768,0.0376,Normal,1509.98,Terracotta
"Bamboo, Cane & Natural Fibre",Basket,174.28,4,Thanjavur,Tamil Nadu,0.474,-0.0505,Normal,1336.18,Palm Leaf
Handmade Home Décor,Mirror,607.99,4,Raghurajpur,Odisha,0.477,-0.0072,Normal,3333.99,Wood
Natural / Eco-friendly Crafts,Eco-friendly Packaging,212.48,3,Kolkata,West Bengal,0.655,-0.0657,Normal,1574.76,Banana Fibre
Natural / Eco-friendly Crafts,Handmade Paper Product,127.56,3,Srikalahasti,Andhra Pradesh,0.648,-0.0596,Normal,1753.8,Handmade Paper
Natural / Eco-friendly Crafts,Handmade Paper Product,181.69,4,Kondapalli,Andhra Pradesh,0.683,0.076,Festival,2090.48,Handmade Paper
"Bamboo, Cane & Natural Fibre",Lampshade,45.94,3,Srinagar,Jammu and Kashmir,0.629,0.0801,Normal,1599.69,Jute
Paintings & Art,Gond Art,295.52,5,Channapatna,Karnataka,0.611,0.1118,Monsoon,3159.92,Watercolour
Natural / Eco-friendly Crafts,Natural-fibre Basket,104.07,4,Saharanpur,Uttar Pradesh,0.4,-0.0842,Wedding,1603.74,Palm Leaf
Handmade Toys,Puppet,118.05,2,Thanjavur,Tamil Nadu,0.616,-0.0563,Normal,924.5,Wood
Leather & Traditional Craft,Decorative Leather Product,873.3,4,Srikalahasti,Andhra Pradesh,0.719,-0.1429,Wedding,3128.55,Leather
Handmade Jewellery,Terracotta Jewellery,30.0,5,Madhubani,Bihar,0.689,0.1413,Normal,1945.57,Terracotta
Handloom & Textiles,Durrie,429.22,10,Kashmir,Jammu and Kashmir,0.431,-0.0132,Winter,2462.78,Cotton
Ceramics,Vase,174.3,3,Srikalahasti,Andhra Pradesh,0.406,0.0349,Normal,1448.12,Ceramic
Embroidery & Needlecraft,Embroidered Bag,659.47,4,Srinagar,Jammu and Kashmir,0.61,0.1659,Winter,4131.03,Silk
Handmade Toys,Cloth Doll,181.78,4,Bastar,Chhattisgarh,0.557,0.2005,Normal,1276.51,Wool
"Bamboo, Cane & Natural Fibre",Decorative Item,214.66,3,Etikoppaka,Andhra Pradesh,0.654,-0.0246,Monsoon,1120.19,Bamboo
Leather & Traditional Craft,Belt,796.21,7,Kondapalli,Andhra Pradesh,0.888,0.0789,Normal,3381.47,Leather
"Bamboo, Cane & Natural Fibre",Mat,47.23,3,Srikalahasti,Andhra Pradesh,0.579,0.169,Summer,1349.69,Jute
Embroidery & Needlecraft,Wall Hanging,401.85,3,Bhubaneswar,Odisha,0.856,-0.014,Normal,2244.79,Cotton
Natural / Eco-friendly Crafts,Eco-friendly Packaging,190.62,4,Kashmir,Jammu and Kashmir,0.266,0.0032,Normal,1154.67,Banana Fibre
Handmade Jewellery,Beaded Jewellery,483.65,1,Srinagar,Jammu and Kashmir,0.653,0.1175,Festival,2934.89,Wood
Embroidery & Needlecraft,Quilt,352.05,4,Channapatna,Karnataka,0.398,-0.0085,Festival,2207.53,Cotton
Handmade Jewellery,Wooden Jewellery,640.24,3,Etikoppaka,Andhra Pradesh,0.672,0.0847,Normal,2545.07,Wood
Leather & Traditional Craft,Decorative Leather Product,635.76,5,Thanjavur,Tamil Nadu,0.696,0.0028,Monsoon,4119.3,Leather
Natural / Eco-friendly Crafts,Palm-leaf Product,168.27,3,Etikoppaka,Andhra Pradesh,0.578,0.1385,Normal,1081.35,Palm Leaf
Woodcraft,Decorative Panel,282.7,8,Kashmir,Jammu and Kashmir,0.393,-0.0783,Normal,2249.54,Wood
Handloom & Textiles,Dress Material,879.13,3,Khurja,Uttar Pradesh,0.517,0.0252,Normal,3046.52,Silk
Ceramics,Mug,302.71,3,Srinagar,Jammu and Kashmir,0.555,0.107,Wedding,2703.39,Stoneware
Leather & Traditional Craft,Belt,505.34,8,Etikoppaka,Andhra Pradesh,0.432,0.2597,Festival,3841.79,Leather
Woodcraft,Kitchenware,448.68,5,Kolkata,West Bengal,0.542,0.0123,Festival,2103.91,Wood
Handmade Bags & Accessories,Pouch,215.4,3,Khurja,Uttar Pradesh,0.804,0.1174,Normal,1729.61,Cotton
Leather & Traditional Craft,Leather Bag,934.01,6,Srikalahasti,Andhra Pradesh,0.74,-0.0149,Normal,3352.33,Leather
Embroidery & Needlecraft,Quilt,343.78,10,Kashmir,Jammu and Kashmir,0.395,0.0964,Normal,1815.84,Cotton
Natural / Eco-friendly Crafts,Natural-fibre Basket,30.0,6,Etikoppaka,Andhra Pradesh,0.785,0.2411,Normal,1687.44,Palm Leaf
Leather & Traditional Craft,Leather Bag,733.8,9,Srinagar,Jammu and Kashmir,0.419,0.1205,Normal,2994.92,Leather
"Bamboo, Cane & Natural Fibre",Storage Box,240.92,4,Bastar,Chhattisgarh,0.6,0.0092,Normal,2080.47,Palm Leaf
Ceramics,Vase,165.47,3,Jaipur,Rajasthan,0.613,-0.0402,Winter,1225.37,Stoneware
Handloom & Textiles,Dress Material,655.85,10,Srikalahasti,Andhra Pradesh,0.837,0.0881,Wedding,3503.01,Silk
Handmade Toys,Cloth Doll,247.25,3,Moradabad,Uttar Pradesh,0.774,0.1296,Normal,2372.46,Wool
Ceramics,Cup,192.12,3,Thanjavur,Tamil Nadu,0.275,0.0342,Wedding,1374.74,Ceramic
Ceramics,Bowl,164.43,3,Etikoppaka,Andhra Pradesh,0.597,0.015,Winter,1850.49,Stoneware
Handloom & Textiles,Dupatta,663.6,7,Srinagar,Jammu and Kashmir,0.662,0.158,Winter,4266.78,Silk
Metal Crafts,Bell-metal Product,1333.67,4,Srinagar,Jammu and Kashmir,0.599,0.0809,Normal,5198.92,Bell Metal
Handmade Toys,Wooden Toy,193.51,3,Raghurajpur,Odisha,0.828,-0.0272,Festival,2392.25,Wood
Paintings & Art,Handmade Wall Art,244.16,4,Raghurajpur,Odisha,0.568,0.1662,Wedding,1769.14,Canvas
Ceramics,Home Décor,244.26,5,Kondapalli,Andhra Pradesh,0.471,0.0141,Festival,1584.52,Ceramic
Handmade Home Décor,Lamp,669.58,4,Assam,Assam,0.592,0.1619,Monsoon,2549.9,Wood
Handmade Home Décor,Wall Hanging,247.99,7,Channapatna,Karnataka,0.571,0.0741,Festival,2080.18,Cotton
Handmade Bags & Accessories,Pouch,467.13,4,Kutch,Gujarat,0.778,0.1033,Winter,2771.78,Cotton
"Bamboo, Cane & Natural Fibre",Decorative Item,125.57,6,Thanjavur,Tamil Nadu,0.602,-0.0066,Normal,1459.06,Bamboo
Woodcraft,Figurine,814.13,4,Channapatna,Karnataka,0.654,0.0055,Wedding,3765.02,Wood
Embroidery & Needlecraft,Table Runner,365.11,3,Kutch,Gujarat,0.76,-0.0111,Summer,1808.96,Silk
Handmade Home Décor,Mirror,253.35,3,Raghurajpur,Odisha,0.502,-0.1787,Monsoon,3301.15,Metal
Ceramics,Vase,189.35,3,Assam,Assam,0.843,-0.0432,Festival,2155.6,Ceramic
Paintings & Art,Warli Painting,333.82,9,Assam,Assam,0.677,-0.0529,Wedding,2427.46,Watercolour
Handloom & Textiles,Towel,656.31,13,Channapatna,Karnataka,0.617,0.1492,Normal,2697.39,Linen
Woodcraft,Figurine,611.12,1,Kutch,Gujarat,0.455,0.1188,Monsoon,4513.47,Wood
Embroidery & Needlecraft,Patchwork Product,560.49,7,Bastar,Chhattisgarh,0.91,-0.0564,Normal,3293.06,Wool
Pottery & Terracotta,Terracotta Figurine,162.39,2,Pochampally,Telangana,0.401,0.1373,Monsoon,1221.85,Terracotta
Embroidery & Needlecraft,Table Runner,329.25,4,Thanjavur,Tamil Nadu,0.33,0.0492,Normal,2890.85,Linen
Leather & Traditional Craft,Decorative Leather Product,751.19,4,Narsapur,Andhra Pradesh,0.483,0.1228,Winter,4367.71,Leather
Ceramics,Home Décor,385.6,4,Bastar,Chhattisgarh,0.8,0.1058,Normal,2444.57,Porcelain
Woodcraft,Wooden Jewellery,326.88,13,Kondapalli,Andhra Pradesh,0.503,0.0955,Summer,4616.29,Wood
Ceramics,Tableware,232.09,2,Etikoppaka,Andhra Pradesh,0.784,0.1849,Summer,1862.33,Stoneware
Natural / Eco-friendly Crafts,Handmade Paper Product,109.03,1,Thanjavur,Tamil Nadu,0.555,0.026,Monsoon,870.37,Handmade Paper
Metal Crafts,Decorative Item,1648.19,2,Raghurajpur,Odisha,0.297,0.1194,Wedding,4399.03,Copper
Ceramics,Vase,171.7,2,Srinagar,Jammu and Kashmir,0.606,0.0151,Winter,1305.65,Ceramic
Handloom & Textiles,Dress Material,381.39,7,Kolkata,West Bengal,0.559,-0.0183,Normal,1761.98,Cotton
"Bamboo, Cane & Natural Fibre",Lampshade,152.95,6,Bhubaneswar,Odisha,0.958,0.2481,Summer,1867.67,Jute
Handmade Bags & Accessories,Pouch,253.28,2,Kutch,Gujarat,0.781,0.0629,Winter,2282.2,Cotton
Handmade Jewellery,Beaded Jewellery,386.51,5,Srikalahasti,Andhra Pradesh,0.881,0.0696,Normal,3378.08,Glass Beads
"Bamboo, Cane & Natural Fibre",Household Product,205.65,1,Narsapur,Andhra Pradesh,0.674,0.0122,Normal,1966.38,Bamboo
Handmade Bags & Accessories,Pouch,518.48,4,Saharanpur,Uttar Pradesh,0.161,0.0406,Normal,3218.84,Leather
Metal Crafts,Lamp,1829.58,12,Moradabad,Uttar Pradesh,0.567,0.2126,Normal,8287.01,Brass
Woodcraft,Sculpture,522.44,8,Narsapur,Andhra Pradesh,0.81,0.3,Normal,3176.64,Wood
Metal Crafts,Decorative Item,1015.32,6,Kutch,Gujarat,0.343,0.07,Winter,5354.64,Copper
Handmade Jewellery,Wooden Jewellery,423.41,3,Khurja,Uttar Pradesh,0.515,0.2077,Festival,3887.34,Wood
Pottery & Terracotta,Kitchenware,169.52,3,Saharanpur,Uttar Pradesh,0.542,0.0292,Normal,1806.24,Terracotta
Natural / Eco-friendly Crafts,Natural-fibre Basket,61.24,2,Bhubaneswar,Odisha,0.805,0.2453,Normal,1876.51,Coir
Handmade Home Décor,Table Décor,248.6,7,Assam,Assam,0.67,0.2421,Monsoon,3417.67,Ceramic
"Bamboo, Cane & Natural Fibre",Storage Box,259.29,6,Srikalahasti,Andhra Pradesh,0.598,0.0546,Summer,2487.63,Cane
Embroidery & Needlecraft,Patchwork Product,252.72,3,Channapatna,Karnataka,0.504,0.0939,Winter,2142.4,Cotton
Handmade Home Décor,Sculpture,189.71,2,Channapatna,Karnataka,0.613,0.0699,Monsoon,2244.7,Metal
Handmade Bags & Accessories,Handmade Belt,232.68,4,Kondapalli,Andhra Pradesh,0.824,0.0084,Festival,1613.71,Jute
Handmade Home Décor,Mirror,245.9,1,Khurja,Uttar Pradesh,0.654,0.0639,Summer,3500.35,Bamboo
Ceramics,Tableware,190.74,2,Bhubaneswar,Odisha,0.728,-0.0588,Normal,1218.09,Ceramic
"Bamboo, Cane & Natural Fibre",Bottle/Container,290.05,6,Raghurajpur,Odisha,0.706,0.0902,Normal,2073.11,Bamboo
Paintings & Art,Gond Art,298.63,6,Kutch,Gujarat,0.871,0.2043,Normal,2984.38,Watercolour
Leather & Traditional Craft,Traditional Leather Craft,1218.44,8,Channapatna,Karnataka,0.653,-0.0441,Wedding,7117.47,Leather
Handmade Home Décor,Candle,239.15,2,Bhubaneswar,Odisha,0.652,-0.0183,Winter,2035.5,Beeswax
Handmade Jewellery,Handmade Earrings,457.99,3,Srinagar,Jammu and Kashmir,0.561,0.0686,Normal,2271.18,Beads
Handmade Home Décor,Table Décor,472.28,4,Moradabad,Uttar Pradesh,0.807,0.1012,Festival,4178.34,Wood
Ceramics,Mug,221.95,2,Moradabad,Uttar Pradesh,0.406,0.0672,Summer,1640.87,Ceramic
Handmade Home Décor,Decorative Box,250.22,3,Khurja,Uttar Pradesh,0.742,0.029,Summer,1450.48,Bamboo
Woodcraft,Sculpture,492.57,7,Saharanpur,Uttar Pradesh,0.395,0.0268,Normal,3054.27,Wood
Natural / Eco-friendly Crafts,Natural-fibre Basket,106.81,3,Kutch,Gujarat,0.709,-0.0359,Monsoon,1972.53,Palm Leaf
Ceramics,Tableware,116.36,2,Raghurajpur,Odisha,0.704,0.0969,Normal,1953.72,Ceramic
Handmade Jewellery,Beaded Jewellery,108.95,6,Kondapalli,Andhra Pradesh,0.416,0.0853,Normal,2296.67,Glass Beads
Natural / Eco-friendly Crafts,Jute Product,30.0,4,Kashmir,Jammu and Kashmir,0.694,0.0677,Festival,1450.92,Jute
Metal Crafts,Utensil,1392.59,5,Assam,Assam,0.581,0.0051,Normal,6583.03,Bell Metal
Ceramics,Cup,136.91,2,Kolkata,West Bengal,0.514,0.0547,Summer,1901.64,Ceramic
"Bamboo, Cane & Natural Fibre",Tray,150.6,2,Raghurajpur,Odisha,0.622,0.0227,Normal,1470.25,Cane
Ceramics,Home Décor,210.82,2,Jaipur,Rajasthan,0.816,0.0117,Summer,2369.96,Porcelain
Metal Crafts,Brassware,1605.04,5,Etikoppaka,Andhra Pradesh,0.87,0.0105,Normal,5150.71,Brass
Leather & Traditional Craft,Footwear,647.8,7,Bhubaneswar,Odisha,0.592,0.1694,Monsoon,3717.6,Leather
Paintings & Art,Madhubani Painting,278.83,10,Etikoppaka,Andhra Pradesh,0.464,0.0405,Festival,2563.73,Acrylic
Handmade Jewellery,Wooden Jewellery,538.0,6,Bastar,Chhattisgarh,0.511,0.2098,Normal,1752.49,Wood
Handmade Bags & Accessories,Basket,83.92,4,Channapatna,Karnataka,0.219,-0.1703,Normal,1267.99,Jute
"Bamboo, Cane & Natural Fibre",Mat,287.38,3,Bastar,Chhattisgarh,0.73,0.1802,Normal,1398.17,Bamboo
Handmade Jewellery,Terracotta Jewellery,95.14,4,Jaipur,Rajasthan,0.709,0.0093,Normal,2330.98,Terracotta
Handloom & Textiles,Bedsheet,296.7,10,Bhubaneswar,Odisha,0.271,0.2179,Winter,1896.39,Cotton
Woodcraft,Wooden Jewellery,574.23,11,Raghurajpur,Odisha,0.79,0.0961,Festival,3101.78,Wood
Handmade Toys,Puppet,209.47,3,Kondapalli,Andhra Pradesh,0.525,0.058,Normal,2062.33,Wood
Handmade Toys,Cloth Doll,273.61,3,Raghurajpur,Odisha,0.667,0.1746,Wedding,2490.79,Cotton
Handmade Jewellery,Terracotta Jewellery,161.58,2,Channapatna,Karnataka,0.529,0.0755,Normal,1361.26,Terracotta
Handmade Bags & Accessories,Wallet,297.16,4,Moradabad,Uttar Pradesh,0.31,0.0494,Normal,1557.15,Jute
Paintings & Art,Warli Painting,436.76,2,Khurja,Uttar Pradesh,0.802,0.1399,Normal,2590.43,Watercolour
Ceramics,Bowl,171.06,2,Madhubani,Bihar,0.679,0.1046,Normal,1459.85,Ceramic
Handloom & Textiles,Durrie,197.81,7,Madhubani,Bihar,0.954,0.1934,Normal,2808.27,Jute
Handmade Toys,Stuffed Toy,93.75,3,Channapatna,Karnataka,0.55,0.0596,Summer,1240.9,Jute
"Bamboo, Cane & Natural Fibre",Household Product,101.85,3,Saharanpur,Uttar Pradesh,0.865,0.1828,Wedding,2516.61,Cane
Woodcraft,Box,548.11,9,Khurja,Uttar Pradesh,0.682,0.0915,Festival,2342.86,Wood
Embroidery & Needlecraft,Table Runner,370.84,8,Kashmir,Jammu and Kashmir,0.481,0.1162,Wedding,2286.04,Linen
Pottery & Terracotta,Terracotta Jewellery,99.09,3,Narsapur,Andhra Pradesh,0.621,0.1422,Summer,960.35,Terracotta
Handloom & Textiles,Dupatta,719.35,6,Moradabad,Uttar Pradesh,0.686,0.0484,Normal,3652.15,Silk
Embroidery & Needlecraft,Patchwork Product,423.79,8,Moradabad,Uttar Pradesh,0.703,0.0537,Normal,2728.84,Linen
Handloom & Textiles,Dress Material,762.48,11,Bastar,Chhattisgarh,0.546,-0.0729,Summer,2968.98,Linen
Paintings & Art,Kalamkari,584.1,9,Srinagar,Jammu and Kashmir,0.729,-0.0474,Normal,3560.52,Silk
Metal Crafts,Copperware,1038.06,8,Bhubaneswar,Odisha,0.747,0.0468,Normal,6491.82,Copper
Handmade Toys,Cloth Doll,273.13,4,Saharanpur,Uttar Pradesh,0.387,0.0212,Summer,1082.51,Wool
Handmade Jewellery,Handmade Earrings,373.58,1,Assam,Assam,0.769,-0.1292,Normal,3375.24,Beads
Metal Crafts,Utensil,1401.12,8,Moradabad,Uttar Pradesh,0.475,0.0348,Normal,5683.51,Copper
Embroidery & Needlecraft,Embroidered Bag,322.95,8,Saharanpur,Uttar Pradesh,0.643,0.0688,Summer,3428.48,Cotton
Paintings & Art,Miniature Painting,200.35,1,Saharanpur,Uttar Pradesh,0.497,0.1055,Normal,1044.56,Natural Pigment
Natural / Eco-friendly Crafts,Banana-fibre Product,152.13,3,Assam,Assam,0.587,0.0044,Winter,943.56,Banana Fibre
Handloom & Textiles,Blanket,463.16,4,Khurja,Uttar Pradesh,0.366,0.2126,Normal,3522.65,Cotton
Handmade Jewellery,Lac Jewellery,494.12,2,Madhubani,Bihar,0.47,0.1495,Normal,3125.28,Lac
Handmade Jewellery,Tribal Jewellery,605.22,7,Bastar,Chhattisgarh,0.696,0.0757,Normal,4676.58,Beads
"Bamboo, Cane & Natural Fibre",Furniture,231.23,2,Pochampally,Telangana,0.956,-0.0438,Festival,2432.55,Cane
Handmade Jewellery,Metal Jewellery,1026.65,5,Kutch,Gujarat,0.739,0.1649,Summer,4154.05,Silver
Woodcraft,Box,623.64,6,Pochampally,Telangana,0.515,-0.131,Normal,3205.88,Wood
Handmade Bags & Accessories,Accessories,230.75,4,Kondapalli,Andhra Pradesh,0.431,0.1768,Summer,1543.66,Beads
Paintings & Art,Sketch,272.24,6,Pochampally,Telangana,0.629,0.131,Festival,3256.86,Charcoal
Natural / Eco-friendly Crafts,Natural-fibre Basket,115.77,1,Bastar,Chhattisgarh,0.685,0.0426,Festival,2120.55,Palm Leaf
Woodcraft,Wooden Toy,580.83,4,Kashmir,Jammu and Kashmir,0.872,0.0451,Winter,4170.74,Wood
Natural / Eco-friendly Crafts,Banana-fibre Product,139.53,1,Raghurajpur,Odisha,0.463,0.0796,Festival,1736.25,Banana Fibre
Natural / Eco-friendly Crafts,Jute Product,62.53,4,Etikoppaka,Andhra Pradesh,0.378,-0.0375,Winter,900.53,Jute
Leather & Traditional Craft,Belt,703.71,2,Narsapur,Andhra Pradesh,0.655,0.1328,Normal,3418.05,Leather
Natural / Eco-friendly Crafts,Handmade Paper Product,164.9,3,Saharanpur,Uttar Pradesh,0.481,0.2018,Festival,1951.44,Handmade Paper
Pottery & Terracotta,Decorative Pot,107.39,3,Bhubaneswar,Odisha,0.393,-0.0692,Normal,1288.72,Terracotta
Handmade Toys,Cloth Doll,209.07,2,Pochampally,Telangana,0.76,0.0691,Normal,1667.72,Wool
Embroidery & Needlecraft,Embroidered Clothing,420.07,9,Assam,Assam,0.689,-0.0113,Normal,1910.02,Cotton
Metal Crafts,Copperware,1340.88,8,Thanjavur,Tamil Nadu,0.128,0.0632,Winter,3453.97,Copper
Handmade Home Décor,Table Décor,30.0,6,Kutch,Gujarat,0.499,0.0245,Festival,1308.78,Clay
Leather & Traditional Craft,Wallet,547.27,3,Bhubaneswar,Odisha,0.37,-0.1166,Normal,1782.36,Leather
Leather & Traditional Craft,Decorative Leather Product,679.56,7,Madhubani,Bihar,0.542,-0.0273,Winter,4398.2,Leather
Handloom & Textiles,Traditional Garment,313.65,5,Bhubaneswar,Odisha,0.714,0.0302,Normal,2103.4,Wool
Handmade Toys,Stuffed Toy,159.55,2,Saharanpur,Uttar Pradesh,0.42,0.0402,Wedding,1094.11,Jute
Ceramics,Bowl,282.13,2,Narsapur,Andhra Pradesh,0.238,-0.0355,Normal,1961.55,Ceramic
Ceramics,Home Décor,75.21,3,Moradabad,Uttar Pradesh,0.647,-0.0791,Winter,1533.31,Porcelain
Paintings & Art,Warli Painting,181.57,4,Kutch,Gujarat,0.62,0.0198,Festival,2477.49,Acrylic
Metal Crafts,Utensil,1453.64,6,Jaipur,Rajasthan,0.803,-0.0232,Festival,6889.85,Copper
Paintings & Art,Folk Painting,385.22,7,Jaipur,Rajasthan,0.27,0.1639,Summer,2959.05,Watercolour
Woodcraft,Sculpture,779.18,10,Moradabad,Uttar Pradesh,0.953,0.0415,Normal,5236.22,Wood
Handmade Jewellery,Beaded Jewellery,229.78,3,Narsapur,Andhra Pradesh,0.507,0.0832,Summer,1570.39,Wood
Metal Crafts,Decorative Item,1103.83,3,Jaipur,Rajasthan,0.737,-0.0522,Festival,5495.6,Brass
Handloom & Textiles,Saree,506.33,9,Bhubaneswar,Odisha,0.508,0.1232,Wedding,2767.73,Wool
Handmade Home Décor,Table Décor,425.49,3,Thanjavur,Tamil Nadu,0.638,0.2181,Festival,2461.78,Clay
Handmade Home Décor,Mirror,172.15,3,Channapatna,Karnataka,0.519,-0.0563,Winter,3164.36,Bamboo
Handmade Toys,Puppet,318.02,1,Moradabad,Uttar Pradesh,0.57,-0.1038,Normal,1829.51,Wood
Handmade Home Décor,Decorative Box,394.2,4,Srinagar,Jammu and Kashmir,0.701,0.0565,Normal,2022.78,Wood
Handmade Toys,Traditional Toy,179.44,3,Raghurajpur,Odisha,0.64,0.0214,Summer,1960.5,Wood
Metal Crafts,Metal Sculpture,905.94,8,Bhubaneswar,Odisha,0.591,-0.1372,Winter,3613.25,Bell Metal
Paintings & Art,Phad Painting,41.74,3,Bastar,Chhattisgarh,0.313,0.0107,Normal,1301.96,Natural Pigment
Leather & Traditional Craft,Decorative Leather Product,931.96,4,Raghurajpur,Odisha,0.671,0.0158,Normal,5051.25,Leather
"Bamboo, Cane & Natural Fibre",Lampshade,97.32,4,Bastar,Chhattisgarh,0.58,-0.0081,Normal,1121.02,Cane
Woodcraft,Decorative Panel,439.22,10,Kutch,Gujarat,0.54,0.0924,Winter,4530.18,Wood
Woodcraft,Figurine,493.46,9,Saharanpur,Uttar Pradesh,0.569,0.1469,Monsoon,4540.13,Wood
Handmade Bags & Accessories,Tote Bag,337.16,1,Narsapur,Andhra Pradesh,0.868,-0.1078,Summer,2989.0,Cotton
Paintings & Art,Madhubani Painting,190.05,1,Thanjavur,Tamil Nadu,0.654,-0.0016,Normal,1527.28,Natural Pigment
Natural / Eco-friendly Crafts,Natural-fibre Basket,96.24,5,Channapatna,Karnataka,0.589,-0.0514,Wedding,1477.84,Coir
Leather & Traditional Craft,Leather Bag,908.84,6,Kondapalli,Andhra Pradesh,0.26,0.0086,Normal,2117.76,Leather
Leather & Traditional Craft,Leather Bag,785.8,4,Srinagar,Jammu and Kashmir,0.355,-0.0488,Normal,4307.98,Leather
Embroidery & Needlecraft,Quilt,270.84,7,Kolkata,West Bengal,0.803,0.0437,Normal,2516.37,Cotton
Pottery & Terracotta,Vase,30.0,2,Thanjavur,Tamil Nadu,0.611,0.1173,Normal,1481.95,Clay
Metal Crafts,Jewellery,1093.89,5,Saharanpur,Uttar Pradesh,0.386,0.1079,Summer,6715.02,Brass
Woodcraft,Kitchenware,732.37,10,Srinagar,Jammu and Kashmir,0.582,0.1632,Winter,5033.16,Wood
Handmade Home Décor,Table Décor,291.04,3,Saharanpur,Uttar Pradesh,0.622,0.0803,Normal,2435.87,Clay
Natural / Eco-friendly Crafts,Palm-leaf Product,190.7,2,Kutch,Gujarat,0.791,0.1162,Winter,2267.43,Palm Leaf
Pottery & Terracotta,Kitchenware,60.7,3,Assam,Assam,0.427,0.1407,Normal,1599.6,Clay
Handmade Bags & Accessories,Clutch,359.49,1,Kondapalli,Andhra Pradesh,0.161,0.0415,Wedding,2003.73,Lac
Pottery & Terracotta,Kitchenware,47.49,2,Kolkata,West Bengal,0.61,0.1765,Normal,1086.87,Clay
Handmade Jewellery,Terracotta Jewellery,473.59,4,Bhubaneswar,Odisha,0.633,0.1362,Wedding,3876.04,Terracotta
Handmade Jewellery,Bangles,520.68,2,Kolkata,West Bengal,0.506,0.0215,Normal,2832.74,Lac
Handloom & Textiles,Traditional Garment,511.38,8,Khurja,Uttar Pradesh,0.876,0.0576,Summer,3502.93,Silk
Leather & Traditional Craft,Traditional Leather Craft,648.99,4,Raghurajpur,Odisha,0.768,-0.0872,Summer,3319.91,Leather
Handmade Home Décor,Sculpture,333.04,2,Kutch,Gujarat,0.807,-0.0221,Winter,3052.84,Wood
Leather & Traditional Craft,Belt,734.69,3,Kutch,Gujarat,0.589,-0.0219,Winter,2798.67,Leather
Pottery & Terracotta,Terracotta Jewellery,130.11,3,Etikoppaka,Andhra Pradesh,0.783,0.067,Summer,1812.57,Clay
Handloom & Textiles,Traditional Garment,366.11,10,Raghurajpur,Odisha,0.933,0.0716,Normal,2373.21,Linen
Paintings & Art,Handmade Wall Art,241.7,8,Thanjavur,Tamil Nadu,0.51,0.1605,Normal,1616.09,Handmade Paper
Handmade Bags & Accessories,Accessories,317.82,3,Bhubaneswar,Odisha,0.551,0.0754,Summer,1480.84,Jute
Handmade Jewellery,Lac Jewellery,477.89,2,Moradabad,Uttar Pradesh,0.709,0.0575,Normal,1987.47,Lac
Woodcraft,Sculpture,787.77,9,Narsapur,Andhra Pradesh,0.851,-0.0007,Winter,5068.06,Wood
Handmade Home Décor,Handmade Clock,451.73,5,Kolkata,West Bengal,0.248,-0.0456,Summer,2268.42,Wood
Handmade Bags & Accessories,Backpack,225.58,3,Jaipur,Rajasthan,0.57,-0.0919,Normal,1386.14,Canvas
"Bamboo, Cane & Natural Fibre",Furniture,336.25,1,Bhubaneswar,Odisha,0.411,-0.0942,Wedding,2201.77,Bamboo
Handmade Bags & Accessories,Accessories,240.85,4,Khurja,Uttar Pradesh,0.868,0.0587,Summer,1587.86,Beads
Natural / Eco-friendly Crafts,Banana-fibre Product,30.0,4,Narsapur,Andhra Pradesh,0.663,0.1295,Wedding,2488.19,Banana Fibre
Embroidery & Needlecraft,Quilt,337.93,3,Narsapur,Andhra Pradesh,0.34,0.1351,Normal,1669.76,Wool
Handmade Jewellery,Bracelet,620.03,3,Srinagar,Jammu and Kashmir,0.791,0.2142,Festival,2817.16,Brass
Handmade Toys,Puppet,72.73,3,Srinagar,Jammu and Kashmir,0.647,-0.032,Summer,1435.15,Cotton
Metal Crafts,Utensil,680.18,1,Bhubaneswar,Odisha,0.746,0.0812,Festival,3680.3,Copper
Woodcraft,Figurine,667.78,11,Kutch,Gujarat,0.828,0.1858,Winter,4849.27,Wood
Ceramics,Vase,141.52,4,Pochampally,Telangana,0.606,0.118,Normal,1315.44,Stoneware
Ceramics,Home Décor,171.2,4,Kutch,Gujarat,0.69,0.112,Normal,1452.11,Ceramic
Woodcraft,Box,782.8,6,Raghurajpur,Odisha,0.192,-0.171,Normal,5091.68,Wood
Handmade Jewellery,Tribal Jewellery,604.4,4,Bhubaneswar,Odisha,0.747,-0.0955,Summer,2438.39,Brass
Leather & Traditional Craft,Belt,558.98,5,Bhubaneswar,Odisha,0.816,0.0455,Summer,3146.73,Leather
Handmade Home Décor,Lamp,30.0,4,Khurja,Uttar Pradesh,0.531,-0.0165,Wedding,2556.9,Clay
Handmade Toys,Stuffed Toy,71.64,3,Saharanpur,Uttar Pradesh,0.612,0.1775,Wedding,2361.29,Jute
"Bamboo, Cane & Natural Fibre",Storage Box,109.08,7,Khurja,Uttar Pradesh,0.59,-0.0248,Normal,1819.01,Palm Leaf
"Bamboo, Cane & Natural Fibre",Decorative Item,252.3,5,Raghurajpur,Odisha,0.874,0.0144,Normal,1723.94,Cane
Metal Crafts,Brassware,1008.71,7,Madhubani,Bihar,0.647,0.0151,Monsoon,7255.9,Brass
Handmade Jewellery,Tribal Jewellery,613.15,4,Srinagar,Jammu and Kashmir,0.519,0.2139,Normal,3135.35,Brass
Natural / Eco-friendly Crafts,Handmade Paper Product,90.68,4,Khurja,Uttar Pradesh,0.356,0.1169,Summer,1795.08,Handmade Paper
Natural / Eco-friendly Crafts,Coir Product,162.87,4,Khurja,Uttar Pradesh,0.723,0.1013,Wedding,1782.95,Coir
Ceramics,Mug,175.56,5,Madhubani,Bihar,0.862,0.1153,Normal,2080.61,Stoneware
Paintings & Art,Handmade Wall Art,369.59,5,Kutch,Gujarat,0.289,-0.0065,Normal,2955.08,Handmade Paper
Handmade Home Décor,Handmade Clock,185.09,1,Srikalahasti,Andhra Pradesh,0.827,0.1202,Normal,3163.79,Bamboo
Woodcraft,Decorative Panel,344.52,8,Assam,Assam,0.294,-0.029,Winter,3461.35,Wood
Leather & Traditional Craft,Footwear,743.91,3,Bhubaneswar,Odisha,0.779,-0.0668,Normal,2745.83,Leather
Embroidery & Needlecraft,Quilt,656.91,6,Srinagar,Jammu and Kashmir,0.587,0.0909,Festival,3741.08,Wool
Ceramics,Mug,416.4,1,Khurja,Uttar Pradesh,0.466,0.2004,Wedding,1862.21,Stoneware
Leather & Traditional Craft,Traditional Leather Craft,791.3,5,Khurja,Uttar Pradesh,0.484,0.1055,Normal,2567.74,Leather
Embroidery & Needlecraft,Table Runner,613.89,9,Khurja,Uttar Pradesh,0.7,-0.0292,Winter,3068.75,Linen
"Bamboo, Cane & Natural Fibre",Basket,358.3,3,Thanjavur,Tamil Nadu,0.738,0.0623,Wedding,2736.18,Cane
Handloom & Textiles,Shawl,513.53,2,Pochampally,Telangana,0.678,0.0019,Normal,1494.23,Cotton
Handmade Bags & Accessories,Wallet,706.05,4,Srinagar,Jammu and Kashmir,0.721,0.1579,Normal,2667.67,Leather
Leather & Traditional Craft,Leather Bag,969.61,2,Srikalahasti,Andhra Pradesh,0.497,0.0752,Summer,4969.31,Leather
Paintings & Art,Phad Painting,223.08,6,Bastar,Chhattisgarh,0.66,0.0071,Monsoon,2170.47,Natural Pigment
Handmade Home Décor,Sculpture,116.62,7,Channapatna,Karnataka,0.549,0.0242,Summer,2254.98,Metal
"Bamboo, Cane & Natural Fibre",Storage Box,181.2,3,Khurja,Uttar Pradesh,0.557,-0.0632,Normal,1082.66,Palm Leaf
Handmade Jewellery,Terracotta Jewellery,234.32,2,Saharanpur,Uttar Pradesh,0.648,-0.0393,Normal,1267.27,Terracotta
Handloom & Textiles,Traditional Garment,447.91,11,Channapatna,Karnataka,0.638,0.1162,Normal,2314.4,Linen
Handmade Home Décor,Mirror,392.29,3,Khurja,Uttar Pradesh,0.46,0.0704,Festival,3483.59,Metal
Metal Crafts,Decorative Item,1415.77,2,Khurja,Uttar Pradesh,0.406,0.0848,Normal,5813.72,Copper
Pottery & Terracotta,Vase,134.56,1,Jaipur,Rajasthan,0.513,-0.0407,Monsoon,845.41,Clay
Paintings & Art,Kalamkari,578.75,5,Thanjavur,Tamil Nadu,0.535,-0.0555,Winter,3303.33,Silk
Handmade Home Décor,Dreamcatcher,30.0,3,Saharanpur,Uttar Pradesh,0.75,0.1158,Wedding,2671.51,Bamboo
Handmade Jewellery,Wooden Jewellery,407.79,2,Moradabad,Uttar Pradesh,0.635,0.0157,Festival,3099.78,Wood
Metal Crafts,Brassware,1545.43,4,Etikoppaka,Andhra Pradesh,0.562,-0.0332,Summer,3775.54,Brass
Handloom & Textiles,Traditional Garment,609.22,6,Srinagar,Jammu and Kashmir,0.498,0.0791,Summer,2411.64,Wool
Paintings & Art,Madhubani Painting,367.22,6,Raghurajpur,Odisha,0.687,-0.1962,Festival,2083.6,Watercolour
Woodcraft,Box,504.3,6,Madhubani,Bihar,0.662,0.0953,Normal,2665.96,Wood
Ceramics,Cup,184.56,4,Channapatna,Karnataka,0.742,-0.0258,Normal,1712.1,Stoneware
Handloom & Textiles,Saree,725.88,8,Kondapalli,Andhra Pradesh,0.52,-0.0095,Monsoon,2519.08,Silk
Handmade Toys,Handmade Game,168.54,3,Bastar,Chhattisgarh,0.409,0.1444,Festival,2415.03,Cloth
"Bamboo, Cane & Natural Fibre",Furniture,269.42,1,Bhubaneswar,Odisha,0.684,0.1133,Normal,2650.41,Cane
"Bamboo, Cane & Natural Fibre",Storage Box,198.61,4,Channapatna,Karnataka,0.479,0.1277,Wedding,1826.39,Bamboo
Paintings & Art,Kalamkari,314.12,7,Kutch,Gujarat,0.679,-0.0906,Normal,1934.89,Cotton
Handmade Jewellery,Bangles,732.69,3,Jaipur,Rajasthan,0.596,0.0263,Normal,3320.76,Brass
Handmade Home Décor,Handmade Clock,428.62,7,Kondapalli,Andhra Pradesh,0.455,0.0337,Monsoon,3094.61,Bamboo
Pottery & Terracotta,Clay Lamp,37.48,2,Channapatna,Karnataka,0.769,0.0701,Normal,1990.58,Terracotta
"Bamboo, Cane & Natural Fibre",Bag,50.16,4,Assam,Assam,0.586,0.0808,Festival,1442.15,Jute
Pottery & Terracotta,Kitchenware,86.04,2,Bastar,Chhattisgarh,0.872,0.0482,Normal,1264.45,Terracotta
Woodcraft,Sculpture,742.89,10,Raghurajpur,Odisha,0.641,-0.1,Normal,2614.65,Wood
Leather & Traditional Craft,Leather Bag,950.1,3,Raghurajpur,Odisha,0.932,0.2048,Winter,3214.52,Leather
Handmade Toys,Handmade Game,94.37,2,Jaipur,Rajasthan,0.443,-0.0132,Summer,1151.18,Cloth
Handmade Toys,Puppet,301.48,4,Kondapalli,Andhra Pradesh,0.954,0.0336,Normal,1954.99,Leather
Embroidery & Needlecraft,Embroidered Clothing,470.05,5,Narsapur,Andhra Pradesh,0.729,0.0685,Normal,3470.84,Cotton
Handloom & Textiles,Scarf,612.68,6,Kolkata,West Bengal,0.574,0.0419,Monsoon,2697.57,Wool
Handmade Jewellery,Terracotta Jewellery,319.5,4,Raghurajpur,Odisha,0.847,0.1337,Normal,3108.28,Terracotta
"Bamboo, Cane & Natural Fibre",Furniture,172.85,1,Kashmir,Jammu and Kashmir,0.796,0.1853,Normal,1927.56,Bamboo
Handmade Toys,Handmade Game,268.76,5,Madhubani,Bihar,0.574,0.0385,Winter,2680.27,Wood
Embroidery & Needlecraft,Wall Hanging,476.13,4,Etikoppaka,Andhra Pradesh,0.652,-0.1468,Festival,3161.75,Wool
Metal Crafts,Bell-metal Product,945.62,11,Kondapalli,Andhra Pradesh,0.647,0.1331,Normal,7963.39,Bell Metal
Handmade Toys,Educational Toy,77.8,2,Kashmir,Jammu and Kashmir,0.599,-0.0037,Wedding,1751.22,Cotton
Pottery & Terracotta,Clay Lamp,30.0,2,Bhubaneswar,Odisha,0.37,-0.0346,Normal,610.55,Clay
Paintings & Art,Miniature Painting,261.45,6,Raghurajpur,Odisha,0.594,0.0447,Normal,2126.49,Handmade Paper
Handmade Home Décor,Showpiece,435.82,1,Narsapur,Andhra Pradesh,0.635,0.0113,Summer,2722.78,Metal
Pottery & Terracotta,Diya,72.68,2,Khurja,Uttar Pradesh,0.842,-0.1059,Normal,1159.01,Terracotta
Metal Crafts,Jewellery,2122.06,5,Bastar,Chhattisgarh,0.616,0.3,Normal,5447.29,Silver
Leather & Traditional Craft,Wallet,1038.52,6,Etikoppaka,Andhra Pradesh,0.472,0.095,Monsoon,4343.03,Leather
Handloom & Textiles,Durrie,483.64,8,Bhubaneswar,Odisha,0.831,-0.1531,Wedding,3746.3,Wool
Ceramics,Plate,259.19,2,Khurja,Uttar Pradesh,0.57,0.3,Festival,1539.44,Stoneware
Handloom & Textiles,Dupatta,437.53,10,Etikoppaka,Andhra Pradesh,0.603,0.026,Normal,3135.16,Linen
Leather & Traditional Craft,Belt,462.53,6,Bhubaneswar,Odisha,0.428,0.1634,Normal,2133.17,Leather
Metal Crafts,Jewellery,1542.76,7,Moradabad,Uttar Pradesh,0.83,-0.0113,Normal,4588.74,Copper
Woodcraft,Box,472.61,5,Kolkata,West Bengal,0.562,0.0959,Festival,1939.29,Wood
"Bamboo, Cane & Natural Fibre",Furniture,243.14,4,Raghurajpur,Odisha,0.65,-0.0853,Festival,2755.96,Bamboo
"Bamboo, Cane & Natural Fibre",Decorative Item,52.31,3,Kashmir,Jammu and Kashmir,0.574,-0.0111,Normal,2278.41,Palm Leaf
Metal Crafts,Decorative Item,1217.16,6,Kutch,Gujarat,0.534,0.028,Winter,7188.94,Brass
Handloom & Textiles,Dress Material,467.16,9,Moradabad,Uttar Pradesh,0.726,-0.0089,Monsoon,3740.38,Linen
Natural / Eco-friendly Crafts,Palm-leaf Product,108.7,4,Etikoppaka,Andhra Pradesh,0.639,0.0411,Festival,1364.42,Palm Leaf
Handmade Toys,Wooden Toy,268.37,2,Jaipur,Rajasthan,0.715,0.0063,Festival,1502.5,Wood
Paintings & Art,Folk Painting,125.2,11,Raghurajpur,Odisha,0.758,0.1413,Normal,3215.36,Natural Pigment
Leather & Traditional Craft,Leather Bag,1016.52,8,Kolkata,West Bengal,0.671,0.0301,Normal,3975.23,Leather
Handloom & Textiles,Bedsheet,255.41,7,Srinagar,Jammu and Kashmir,0.76,-0.0195,Normal,2452.44,Cotton
Natural / Eco-friendly Crafts,Natural-fibre Basket,82.57,4,Thanjavur,Tamil Nadu,0.654,0.1155,Normal,1535.57,Jute
Handmade Toys,Educational Toy,137.99,1,Channapatna,Karnataka,0.455,0.1501,Normal,809.16,Cotton
Embroidery & Needlecraft,Quilt,262.95,8,Moradabad,Uttar Pradesh,0.333,0.0315,Normal,2061.35,Wool
Natural / Eco-friendly Crafts,Natural-fibre Basket,235.47,3,Thanjavur,Tamil Nadu,0.739,-0.0159,Festival,1667.08,Jute
Metal Crafts,Copperware,482.94,9,Thanjavur,Tamil Nadu,0.759,0.1255,Summer,5442.5,Copper
Pottery & Terracotta,Vase,38.46,1,Srikalahasti,Andhra Pradesh,0.707,0.0583,Normal,1757.21,Clay
Handmade Jewellery,Lac Jewellery,488.01,3,Kondapalli,Andhra Pradesh,0.63,-0.0423,Winter,2602.51,Lac
Leather & Traditional Craft,Belt,786.11,5,Pochampally,Telangana,0.653,0.0079,Festival,4830.03,Leather
Natural / Eco-friendly Crafts,Palm-leaf Product,58.08,4,Bhubaneswar,Odisha,0.502,0.0561,Festival,1007.19,Palm Leaf
Woodcraft,Box,521.35,8,Narsapur,Andhra Pradesh,0.38,0.0517,Festival,3453.57,Wood
Handmade Jewellery,Handmade Earrings,337.91,2,Bastar,Chhattisgarh,0.691,-0.0615,Winter,3315.47,Beads
Leather & Traditional Craft,Belt,758.25,5,Saharanpur,Uttar Pradesh,0.578,0.239,Wedding,4077.2,Leather
Pottery & Terracotta,Kitchenware,30.0,3,Saharanpur,Uttar Pradesh,0.71,-0.1746,Normal,1389.95,Terracotta
Ceramics,Vase,101.55,1,Kondapalli,Andhra Pradesh,0.571,0.0806,Winter,2048.54,Stoneware
Leather & Traditional Craft,Footwear,804.34,3,Khurja,Uttar Pradesh,0.779,0.1206,Festival,3350.41,Leather
Handmade Jewellery,Lac Jewellery,285.22,3,Kolkata,West Bengal,0.49,0.1315,Winter,2047.05,Lac
Handmade Home Décor,Candle,231.26,3,Kutch,Gujarat,0.507,0.0158,Wedding,1694.88,Beeswax
Embroidery & Needlecraft,Embroidered Clothing,460.68,5,Pochampally,Telangana,0.345,-0.0304,Summer,2801.69,Cotton
Embroidery & Needlecraft,Cushion Cover,553.45,5,Jaipur,Rajasthan,0.714,0.0807,Festival,2358.1,Silk
"Bamboo, Cane & Natural Fibre",Decorative Item,226.73,2,Srikalahasti,Andhra Pradesh,0.374,0.0568,Normal,1939.53,Cane
"Bamboo, Cane & Natural Fibre",Bottle/Container,293.44,3,Kashmir,Jammu and Kashmir,0.434,0.0869,Festival,1453.88,Cane
"Bamboo, Cane & Natural Fibre",Furniture,118.56,3,Srinagar,Jammu and Kashmir,0.512,0.0437,Normal,1026.39,Cane
Leather & Traditional Craft,Footwear,784.03,4,Madhubani,Bihar,0.635,-0.0833,Winter,3596.59,Leather
Embroidery & Needlecraft,Patchwork Product,331.59,7,Pochampally,Telangana,0.492,0.0217,Monsoon,3474.0,Cotton
Embroidery & Needlecraft,Wall Hanging,344.26,10,Moradabad,Uttar Pradesh,0.381,0.1514,Normal,2211.95,Wool
Handmade Jewellery,Necklace,535.3,3,Srinagar,Jammu and Kashmir,0.601,0.0645,Normal,1868.29,Beads
Handmade Bags & Accessories,Pouch,468.97,3,Pochampally,Telangana,0.491,-0.0555,Normal,2081.16,Leather
Handloom & Textiles,Handwoven Bag,179.32,6,Jaipur,Rajasthan,0.625,-0.1211,Summer,2503.62,Cotton
Pottery & Terracotta,Planter,121.43,4,Khurja,Uttar Pradesh,0.474,-0.0369,Normal,854.87,Clay
Woodcraft,Decorative Panel,616.64,3,Assam,Assam,0.513,-0.0023,Winter,3660.6,Wood
Woodcraft,Furniture,778.21,15,Narsapur,Andhra Pradesh,0.717,0.0795,Festival,6750.23,Mango Wood
Handmade Home Décor,Table Décor,393.47,4,Narsapur,Andhra Pradesh,0.788,0.0619,Festival,3459.8,Ceramic
Handmade Home Décor,Candle,483.0,4,Pochampally,Telangana,0.551,0.1124,Festival,2401.38,Beeswax
Leather & Traditional Craft,Traditional Leather Craft,829.99,6,Etikoppaka,Andhra Pradesh,0.745,0.1025,Normal,3679.25,Leather
Handmade Bags & Accessories,Backpack,314.51,4,Bhubaneswar,Odisha,0.7,0.1169,Normal,2442.91,Canvas
Leather & Traditional Craft,Belt,488.86,7,Bhubaneswar,Odisha,0.351,-0.0096,Summer,3315.42,Leather
Handloom & Textiles,Saree,593.14,8,Bhubaneswar,Odisha,0.292,0.2341,Normal,3189.07,Silk
Paintings & Art,Tanjore Painting,318.26,1,Bhubaneswar,Odisha,0.409,0.1821,Normal,1841.16,Acrylic
Embroidery & Needlecraft,Embroidered Bag,439.43,10,Etikoppaka,Andhra Pradesh,0.387,0.0296,Normal,1627.85,Cotton
Woodcraft,Figurine,725.09,4,Moradabad,Uttar Pradesh,0.766,-0.0255,Normal,2471.69,Wood
"Bamboo, Cane & Natural Fibre",Storage Box,77.29,2,Bastar,Chhattisgarh,0.66,0.0404,Winter,1650.37,Palm Leaf
Paintings & Art,Miniature Painting,275.06,9,Channapatna,Karnataka,0.717,0.0168,Monsoon,2970.06,Natural Pigment
Paintings & Art,Sketch,232.34,9,Srinagar,Jammu and Kashmir,0.817,0.0933,Normal,1762.94,Graphite
Paintings & Art,Pattachitra,331.19,10,Assam,Assam,0.602,0.001,Wedding,3746.32,Handmade Paper
Handmade Jewellery,Tribal Jewellery,443.91,1,Assam,Assam,0.652,-0.0654,Normal,1913.97,Beads
Metal Crafts,Brassware,1372.02,8,Madhubani,Bihar,0.535,0.0102,Normal,8437.16,Brass
Metal Crafts,Bell-metal Product,1294.46,8,Kolkata,West Bengal,0.807,0.0582,Festival,4157.62,Bell Metal
Woodcraft,Box,657.51,8,Narsapur,Andhra Pradesh,0.854,0.0325,Normal,6580.42,Wood
Natural / Eco-friendly Crafts,Natural-fibre Basket,85.2,3,Khurja,Uttar Pradesh,0.655,0.1192,Summer,1947.18,Palm Leaf
Ceramics,Home Décor,159.84,3,Pochampally,Telangana,0.769,0.0599,Festival,2257.17,Porcelain
"Bamboo, Cane & Natural Fibre",Tray,226.14,4,Kolkata,West Bengal,0.662,0.0167,Normal,2159.89,Palm Leaf
Handmade Toys,Puppet,249.61,3,Srikalahasti,Andhra Pradesh,0.593,0.1514,Normal,1412.96,Wood
Handmade Toys,Cloth Doll,149.22,4,Assam,Assam,0.853,0.0967,Normal,1640.85,Cotton
Metal Crafts,Brassware,838.56,5,Kondapalli,Andhra Pradesh,0.164,0.1312,Wedding,5268.34,Brass
Metal Crafts,Lamp,1282.55,5,Kashmir,Jammu and Kashmir,0.866,-0.0601,Winter,7355.67,Copper
Leather & Traditional Craft,Leather Bag,1292.15,3,Jaipur,Rajasthan,0.666,0.0547,Normal,4313.45,Leather
Handmade Home Décor,Candle,366.64,6,Kutch,Gujarat,0.677,0.1848,Normal,3363.47,Soy Wax
Handmade Toys,Educational Toy,212.16,4,Bastar,Chhattisgarh,0.89,0.1621,Normal,1742.72,Cotton
"Bamboo, Cane & Natural Fibre",Household Product,90.47,2,Srinagar,Jammu and Kashmir,0.532,-0.0111,Festival,1094.08,Bamboo
Woodcraft,Wooden Toy,218.21,7,Jaipur,Rajasthan,0.733,0.0375,Festival,2683.89,Wood
Handmade Toys,Puppet,274.42,3,Raghurajpur,Odisha,0.64,0.1206,Wedding,3181.36,Cotton
Natural / Eco-friendly Crafts,Banana-fibre Product,152.64,3,Madhubani,Bihar,0.331,0.0182,Normal,1459.05,Banana Fibre
"Bamboo, Cane & Natural Fibre",Mat,287.52,6,Srikalahasti,Andhra Pradesh,0.484,-0.0709,Festival,2447.05,Bamboo
"Bamboo, Cane & Natural Fibre",Bottle/Container,213.42,3,Kutch,Gujarat,0.722,0.0675,Normal,2013.93,Bamboo
Ceramics,Cup,134.12,4,Bastar,Chhattisgarh,0.421,-0.0512,Summer,796.37,Ceramic
Handloom & Textiles,Carpet,524.68,7,Moradabad,Uttar Pradesh,0.653,-0.1462,Normal,3822.81,Cotton
Metal Crafts,Brassware,1064.76,5,Bhubaneswar,Odisha,0.212,0.0834,Winter,5344.81,Brass
Handmade Home Décor,Showpiece,146.15,2,Assam,Assam,0.825,0.0827,Festival,3184.24,Wood
Handmade Jewellery,Bracelet,261.07,5,Bastar,Chhattisgarh,0.742,-0.0078,Normal,3043.78,Beads
Leather & Traditional Craft,Leather Bag,620.05,4,Thanjavur,Tamil Nadu,0.623,0.0851,Festival,4890.45,Leather
Handloom & Textiles,Dupatta,538.53,8,Kondapalli,Andhra Pradesh,0.435,0.0298,Winter,2146.94,Linen
Embroidery & Needlecraft,Wall Hanging,264.5,7,Bhubaneswar,Odisha,0.702,0.011,Winter,2490.63,Cotton
Paintings & Art,Gond Art,300.8,4,Kutch,Gujarat,0.586,0.2181,Normal,2748.71,Natural Pigment
Embroidery & Needlecraft,Quilt,296.86,9,Srinagar,Jammu and Kashmir,0.654,0.123,Wedding,3326.5,Cotton
Handmade Jewellery,Wooden Jewellery,267.65,4,Jaipur,Rajasthan,0.593,-0.0259,Wedding,3563.55,Wood
Handloom & Textiles,Handwoven Bag,268.8,5,Etikoppaka,Andhra Pradesh,0.874,0.0598,Wedding,3845.46,Jute
Handloom & Textiles,Shawl,611.17,7,Kashmir,Jammu and Kashmir,0.652,0.1363,Normal,3146.53,Silk
Natural / Eco-friendly Crafts,Natural-fibre Basket,77.05,3,Assam,Assam,0.662,-0.0452,Festival,1676.71,Jute
Paintings & Art,Pattachitra,263.56,8,Kashmir,Jammu and Kashmir,0.91,0.3,Summer,4349.61,Handmade Paper
Handmade Jewellery,Necklace,625.53,6,Madhubani,Bihar,0.397,0.1123,Festival,3961.17,Brass
Natural / Eco-friendly Crafts,Natural-fibre Basket,30.0,5,Kondapalli,Andhra Pradesh,0.706,-0.0166,Wedding,1847.62,Palm Leaf
Handmade Home Décor,Candle,427.16,6,Kashmir,Jammu and Kashmir,0.484,0.1133,Summer,2815.66,Soy Wax
Leather & Traditional Craft,Leather Bag,906.54,3,Kondapalli,Andhra Pradesh,0.33,-0.0857,Wedding,3135.6,Leather
Handmade Jewellery,Handmade Earrings,650.51,2,Assam,Assam,0.53,-0.0011,Normal,3491.49,Brass
Paintings & Art,Phad Painting,525.3,9,Pochampally,Telangana,0.827,0.0614,Festival,3224.4,Natural Pigment
Handmade Jewellery,Metal Jewellery,1252.52,2,Moradabad,Uttar Pradesh,0.633,0.051,Festival,3782.98,Silver
"Bamboo, Cane & Natural Fibre",Decorative Item,292.55,1,Srikalahasti,Andhra Pradesh,0.563,0.0259,Normal,1963.02,Bamboo
Woodcraft,Sculpture,471.31,14,Madhubani,Bihar,0.586,-0.0884,Monsoon,4109.96,Wood
Handmade Jewellery,Tribal Jewellery,519.96,3,Moradabad,Uttar Pradesh,0.547,0.024,Normal,1885.49,Beads
Woodcraft,Decorative Panel,453.44,12,Bhubaneswar,Odisha,0.836,0.1268,Summer,4333.78,Wood
Handloom & Textiles,Fabric,238.66,8,Moradabad,Uttar Pradesh,0.799,0.0996,Winter,4087.76,Jute
Handmade Home Décor,Dreamcatcher,289.08,3,Channapatna,Karnataka,0.607,0.0909,Festival,2051.59,Cotton
Handmade Jewellery,Terracotta Jewellery,387.45,3,Assam,Assam,0.549,0.1185,Normal,3461.88,Terracotta
Paintings & Art,Warli Painting,372.09,7,Pochampally,Telangana,0.681,-0.0519,Normal,1745.16,Acrylic
"Bamboo, Cane & Natural Fibre",Household Product,140.03,3,Assam,Assam,0.579,0.0182,Festival,2667.79,Jute
Handmade Bags & Accessories,Tote Bag,135.76,6,Kondapalli,Andhra Pradesh,0.646,-0.013,Normal,2203.96,Cotton
Handmade Toys,Handmade Game,124.41,2,Bastar,Chhattisgarh,0.532,0.1659,Winter,1247.11,Cloth
Paintings & Art,Sketch,341.22,9,Kutch,Gujarat,0.544,0.1728,Festival,2774.5,Ink
Handmade Toys,Educational Toy,177.22,4,Kutch,Gujarat,0.761,0.0796,Normal,2012.18,Cotton
Leather & Traditional Craft,Leather Bag,743.29,6,Madhubani,Bihar,0.609,-0.0072,Normal,2649.75,Leather
Handloom & Textiles,Traditional Garment,632.74,5,Saharanpur,Uttar Pradesh,0.741,0.169,Summer,3987.65,Silk
Metal Crafts,Bell-metal Product,1711.37,6,Srinagar,Jammu and Kashmir,0.482,-0.0527,Normal,4237.28,Bell Metal
Handmade Home Décor,Mirror,223.25,2,Channapatna,Karnataka,0.51,0.1279,Normal,1470.12,Metal
Metal Crafts,Utensil,1390.84,6,Madhubani,Bihar,0.535,0.0362,Festival,3203.09,Copper
Woodcraft,Figurine,554.01,10,Jaipur,Rajasthan,0.735,0.0245,Normal,3807.23,Wood
Handmade Bags & Accessories,Clutch,225.88,2,Bhubaneswar,Odisha,0.484,0.0261,Summer,1874.5,Cotton
Leather & Traditional Craft,Traditional Leather Craft,888.55,6,Moradabad,Uttar Pradesh,0.646,0.1062,Normal,5746.8,Leather
Pottery & Terracotta,Terracotta Figurine,74.96,2,Channapatna,Karnataka,0.84,0.1092,Normal,1847.12,Terracotta
"Bamboo, Cane & Natural Fibre",Household Product,108.68,5,Kondapalli,Andhra Pradesh,0.735,0.1464,Normal,1597.67,Jute
Handmade Home Décor,Table Décor,136.66,5,Bastar,Chhattisgarh,0.627,0.1418,Normal,1739.12,Ceramic
"Bamboo, Cane & Natural Fibre",Tray,236.9,3,Channapatna,Karnataka,0.511,0.099,Normal,1567.57,Cane
Paintings & Art,Phad Painting,266.46,5,Madhubani,Bihar,0.898,0.088,Normal,2114.36,Watercolour
Handmade Jewellery,Metal Jewellery,760.83,4,Kashmir,Jammu and Kashmir,0.703,0.1167,Normal,3089.92,Brass
Ceramics,Tableware,238.85,3,Pochampally,Telangana,0.542,0.137,Summer,1354.97,Ceramic
Metal Crafts,Decorative Item,1607.89,5,Moradabad,Uttar Pradesh,0.81,-0.0557,Normal,6175.11,Copper
Leather & Traditional Craft,Wallet,551.52,2,Kolkata,West Bengal,0.611,0.2413,Wedding,2588.31,Leather
Metal Crafts,Bell-metal Product,2013.62,5,Srikalahasti,Andhra Pradesh,0.556,0.127,Normal,5484.71,Bell Metal
Handmade Home Décor,Dreamcatcher,446.91,2,Bastar,Chhattisgarh,0.515,0.0725,Normal,1849.57,Bamboo
Ceramics,Mug,319.08,2,Srinagar,Jammu and Kashmir,0.472,0.0185,Wedding,2400.86,Ceramic
Ceramics,Vase,184.86,1,Bastar,Chhattisgarh,0.854,0.145,Normal,2592.93,Stoneware
Metal Crafts,Jewellery,2380.81,5,Etikoppaka,Andhra Pradesh,0.492,0.1165,Winter,9071.38,Silver
Handmade Toys,Traditional Toy,113.21,5,Assam,Assam,0.557,0.0239,Normal,2176.46,Cloth
Handmade Toys,Stuffed Toy,225.88,2,Thanjavur,Tamil Nadu,0.682,0.045,Festival,1647.83,Cotton
Woodcraft,Box,220.25,5,Raghurajpur,Odisha,0.408,0.064,Wedding,4999.02,Wood
Woodcraft,Furniture,995.93,6,Raghurajpur,Odisha,0.906,0.0027,Normal,4487.23,Sheesham Wood
Ceramics,Plate,160.53,1,Saharanpur,Uttar Pradesh,0.518,0.1409,Winter,1195.95,Stoneware
Metal Crafts,Brassware,994.85,10,Bastar,Chhattisgarh,0.674,0.0682,Festival,5205.05,Brass
Pottery & Terracotta,Clay Lamp,158.24,2,Madhubani,Bihar,0.452,-0.0501,Monsoon,837.12,Terracotta
Leather & Traditional Craft,Traditional Leather Craft,500.08,2,Saharanpur,Uttar Pradesh,0.76,0.1482,Normal,1874.97,Leather
Pottery & Terracotta,Vase,89.7,3,Srinagar,Jammu and Kashmir,0.705,0.0648,Monsoon,1201.31,Clay
"Bamboo, Cane & Natural Fibre",Storage Box,196.59,1,Srinagar,Jammu and Kashmir,0.689,-0.0168,Winter,1539.12,Cane
Embroidery & Needlecraft,Embroidered Clothing,420.22,7,Jaipur,Rajasthan,0.731,0.0645,Festival,3198.56,Linen
Handmade Home Décor,Dreamcatcher,433.88,1,Khurja,Uttar Pradesh,0.824,0.0665,Normal,3223.12,Cotton
Woodcraft,Figurine,348.29,2,Khurja,Uttar Pradesh,0.637,0.0253,Normal,3553.47,Wood
Woodcraft,Sculpture,408.76,10,Kondapalli,Andhra Pradesh,0.532,0.0383,Monsoon,2397.45,Wood
Handmade Home Décor,Lamp,412.13,4,Saharanpur,Uttar Pradesh,0.763,0.1478,Normal,3169.31,Metal
Embroidery & Needlecraft,Embroidered Clothing,434.73,6,Madhubani,Bihar,0.567,-0.0663,Summer,2416.62,Silk
Natural / Eco-friendly Crafts,Banana-fibre Product,68.96,2,Kashmir,Jammu and Kashmir,0.647,-0.0143,Festival,1141.48,Banana Fibre
Leather & Traditional Craft,Footwear,1005.58,10,Kashmir,Jammu and Kashmir,0.449,0.104,Summer,3177.34,Leather
Handmade Toys,Stuffed Toy,190.43,3,Kolkata,West Bengal,0.824,-0.0253,Winter,2184.63,Wool
Handmade Bags & Accessories,Backpack,475.23,1,Assam,Assam,0.648,0.0455,Summer,2692.52,Leather
Metal Crafts,Lamp,1217.96,8,Assam,Assam,0.68,0.0106,Festival,5350.64,Copper
"Bamboo, Cane & Natural Fibre",Storage Box,104.51,2,Bastar,Chhattisgarh,0.519,-0.0052,Normal,961.57,Palm Leaf
Leather & Traditional Craft,Wallet,828.45,4,Bastar,Chhattisgarh,0.635,0.0645,Normal,3636.4,Leather
Handmade Bags & Accessories,Accessories,195.06,4,Assam,Assam,0.567,0.0736,Wedding,1405.51,Beads
Paintings & Art,Folk Painting,214.25,6,Madhubani,Bihar,0.606,-0.0766,Normal,3127.02,Acrylic
Leather & Traditional Craft,Decorative Leather Product,1070.63,6,Saharanpur,Uttar Pradesh,0.754,0.1857,Normal,3641.48,Leather
Handmade Bags & Accessories,Handbag,394.07,4,Pochampally,Telangana,0.467,-0.1038,Normal,1227.75,Leather
Handmade Bags & Accessories,Pouch,341.22,1,Pochampally,Telangana,0.673,0.0392,Normal,1551.89,Cotton
Handmade Toys,Educational Toy,282.81,3,Srinagar,Jammu and Kashmir,0.463,0.0602,Normal,2485.65,Cotton
Embroidery & Needlecraft,Cushion Cover,702.34,8,Saharanpur,Uttar Pradesh,0.736,-0.0488,Normal,4150.14,Silk
Pottery & Terracotta,Clay Pot,146.51,3,Kashmir,Jammu and Kashmir,0.457,0.1234,Summer,1428.93,Clay
"Bamboo, Cane & Natural Fibre",Household Product,156.8,3,Srikalahasti,Andhra Pradesh,0.18,-0.045,Normal,1950.77,Jute
Handmade Jewellery,Handmade Earrings,496.13,3,Bhubaneswar,Odisha,0.504,-0.1003,Winter,1539.71,Terracotta
Pottery & Terracotta,Diya,36.36,3,Pochampally,Telangana,0.575,-0.0598,Normal,886.98,Clay
Handmade Jewellery,Bangles,556.75,2,Saharanpur,Uttar Pradesh,0.677,0.1673,Festival,5084.49,Brass
Embroidery & Needlecraft,Table Runner,163.72,8,Kashmir,Jammu and Kashmir,0.701,0.0562,Summer,3393.9,Cotton
Handmade Toys,Wooden Toy,129.24,3,Channapatna,Karnataka,0.293,0.0207,Normal,644.85,Wood
Handmade Bags & Accessories,Handmade Belt,476.87,1,Thanjavur,Tamil Nadu,0.444,0.1581,Wedding,2943.04,Jute
Ceramics,Cup,139.92,4,Khurja,Uttar Pradesh,0.508,0.0849,Festival,2258.47,Ceramic
Metal Crafts,Bell-metal Product,1256.57,10,Assam,Assam,0.526,0.2062,Normal,2956.04,Bell Metal
Ceramics,Mug,215.47,3,Kolkata,West Bengal,0.71,0.0245,Summer,2359.03,Ceramic
Handloom & Textiles,Durrie,437.27,11,Etikoppaka,Andhra Pradesh,0.646,-0.0563,Normal,4037.39,Wool
Pottery & Terracotta,Vase,30.0,3,Raghurajpur,Odisha,0.468,0.004,Normal,659.97,Clay
Pottery & Terracotta,Clay Lamp,56.52,2,Saharanpur,Uttar Pradesh,0.414,0.079,Summer,1448.46,Clay
Paintings & Art,Phad Painting,187.76,7,Thanjavur,Tamil Nadu,0.622,-0.1882,Normal,2610.24,Watercolour
Handmade Jewellery,Handmade Earrings,305.86,1,Raghurajpur,Odisha,0.603,0.0979,Festival,3714.85,Lac
Metal Crafts,Brassware,1390.42,6,Bastar,Chhattisgarh,0.769,0.1052,Winter,6118.49,Brass
Metal Crafts,Bell-metal Product,1673.55,4,Khurja,Uttar Pradesh,0.512,0.0617,Festival,4331.79,Bell Metal
"Bamboo, Cane & Natural Fibre",Lampshade,375.65,3,Madhubani,Bihar,0.62,0.1352,Normal,2657.84,Bamboo
Metal Crafts,Brassware,696.96,9,Bastar,Chhattisgarh,0.32,-0.1526,Normal,7254.79,Brass
Natural / Eco-friendly Crafts,Jute Product,116.64,4,Kondapalli,Andhra Pradesh,0.854,0.2083,Normal,1622.94,Jute
Pottery & Terracotta,Clay Pot,158.92,3,Srinagar,Jammu and Kashmir,0.639,0.1589,Normal,1198.96,Clay
Natural / Eco-friendly Crafts,Jute Product,82.93,2,Kutch,Gujarat,0.619,0.002,Festival,1724.33,Jute
Embroidery & Needlecraft,Quilt,224.54,5,Thanjavur,Tamil Nadu,0.84,0.2164,Wedding,3164.0,Wool
Woodcraft,Sculpture,573.51,8,Saharanpur,Uttar Pradesh,0.854,0.0828,Normal,4440.47,Wood
Metal Crafts,Decorative Item,1063.83,5,Channapatna,Karnataka,0.658,-0.0025,Wedding,5353.48,Brass
Handmade Jewellery,Beaded Jewellery,433.69,4,Thanjavur,Tamil Nadu,0.855,-0.1056,Normal,1997.62,Glass Beads
Handmade Bags & Accessories,Clutch,103.6,5,Srinagar,Jammu and Kashmir,0.853,-0.0662,Normal,1899.38,Lac
"Bamboo, Cane & Natural Fibre",Household Product,227.53,4,Pochampally,Telangana,0.536,0.0563,Normal,2489.74,Cane
Leather & Traditional Craft,Decorative Leather Product,278.82,4,Kondapalli,Andhra Pradesh,0.614,0.0481,Winter,1398.1,Leather
Leather & Traditional Craft,Decorative Leather Product,828.14,4,Kolkata,West Bengal,0.772,0.0067,Normal,3770.6,Leather
Metal Crafts,Brassware,1639.05,6,Kashmir,Jammu and Kashmir,0.868,0.1598,Wedding,4874.41,Brass
Handmade Home Décor,Showpiece,353.22,3,Channapatna,Karnataka,0.716,-0.1503,Normal,3808.61,Metal
Leather & Traditional Craft,Wallet,672.24,3,Bhubaneswar,Odisha,0.812,0.0341,Normal,3379.29,Leather
Handmade Toys,Cloth Doll,166.99,4,Moradabad,Uttar Pradesh,0.842,-0.0287,Normal,1940.86,Wool
Handloom & Textiles,Fabric,726.65,7,Thanjavur,Tamil Nadu,0.7,-0.0818,Normal,3750.96,Silk
Handmade Bags & Accessories,Clutch,254.86,3,Khurja,Uttar Pradesh,0.422,0.0773,Normal,2040.34,Jute
"Bamboo, Cane & Natural Fibre",Decorative Item,236.5,5,Jaipur,Rajasthan,0.738,-0.0391,Summer,2582.21,Bamboo
Ceramics,Ceramic Jewellery,266.07,3,Srinagar,Jammu and Kashmir,0.893,0.1824,Winter,1626.03,Porcelain
Handmade Bags & Accessories,Clutch,297.44,2,Srinagar,Jammu and Kashmir,0.77,0.0383,Winter,2194.78,Lac
Handloom & Textiles,Handwoven Bag,351.8,6,Jaipur,Rajasthan,0.463,0.0501,Summer,2579.6,Jute
Paintings & Art,Gond Art,275.93,8,Kolkata,West Bengal,0.502,-0.0641,Normal,1580.69,Acrylic
Leather & Traditional Craft,Belt,713.55,8,Srinagar,Jammu and Kashmir,0.851,0.1588,Festival,5077.92,Leather
Handmade Jewellery,Handmade Earrings,322.14,5,Srikalahasti,Andhra Pradesh,0.694,0.1402,Normal,3193.55,Beads
Ceramics,Ceramic Jewellery,228.49,4,Khurja,Uttar Pradesh,0.649,0.0912,Normal,1323.13,Ceramic
Embroidery & Needlecraft,Cushion Cover,672.77,4,Srikalahasti,Andhra Pradesh,0.581,-0.028,Summer,2197.82,Silk
"Bamboo, Cane & Natural Fibre",Lampshade,178.03,4,Saharanpur,Uttar Pradesh,0.335,0.0208,Summer,1336.37,Jute
Metal Crafts,Brassware,1505.43,3,Thanjavur,Tamil Nadu,0.455,0.1035,Festival,8654.46,Brass
Embroidery & Needlecraft,Wall Hanging,320.66,5,Kashmir,Jammu and Kashmir,0.631,0.1141,Festival,3568.33,Wool
Woodcraft,Sculpture,600.55,9,Kutch,Gujarat,0.665,-0.0376,Normal,3510.5,Wood
Handmade Toys,Traditional Toy,215.58,3,Thanjavur,Tamil Nadu,0.557,0.1365,Summer,1260.47,Cloth
Handmade Jewellery,Wooden Jewellery,296.5,3,Narsapur,Andhra Pradesh,0.507,0.1739,Summer,2195.98,Wood
"Bamboo, Cane & Natural Fibre",Decorative Item,139.27,1,Srinagar,Jammu and Kashmir,0.862,0.0699,Wedding,1181.3,Bamboo
Handmade Jewellery,Bangles,313.49,5,Srikalahasti,Andhra Pradesh,0.761,0.1286,Normal,3025.6,Lac
Leather & Traditional Craft,Traditional Leather Craft,806.59,6,Kondapalli,Andhra Pradesh,0.762,-0.0356,Winter,4243.34,Leather
Handmade Toys,Wooden Toy,212.51,1,Narsapur,Andhra Pradesh,0.66,0.0848,Monsoon,1885.17,Wood
Paintings & Art,Folk Painting,210.32,2,Kashmir,Jammu and Kashmir,0.609,-0.0644,Festival,1829.87,Watercolour
Embroidery & Needlecraft,Patchwork Product,259.95,5,Channapatna,Karnataka,0.727,-0.04,Normal,1943.14,Linen
Handmade Toys,Wooden Toy,176.56,4,Jaipur,Rajasthan,0.564,0.1064,Wedding,1906.84,Wood
Metal Crafts,Decorative Item,941.71,8,Channapatna,Karnataka,0.574,0.0312,Normal,2718.32,Copper
Woodcraft,Wooden Jewellery,365.04,3,Bastar,Chhattisgarh,0.673,0.1072,Wedding,4016.61,Wood
Woodcraft,Wooden Toy,662.27,5,Kondapalli,Andhra Pradesh,0.487,0.0504,Normal,3921.97,Wood
Natural / Eco-friendly Crafts,Palm-leaf Product,144.09,3,Srikalahasti,Andhra Pradesh,0.563,0.0234,Normal,1551.39,Palm Leaf
"Bamboo, Cane & Natural Fibre",Storage Box,161.75,1,Moradabad,Uttar Pradesh,0.603,-0.0218,Winter,1521.94,Palm Leaf
Metal Crafts,Metal Sculpture,1810.97,6,Srikalahasti,Andhra Pradesh,0.462,-0.0372,Normal,5831.95,Bell Metal
Leather & Traditional Craft,Traditional Leather Craft,958.22,3,Channapatna,Karnataka,0.893,0.0033,Normal,3426.03,Leather
Natural / Eco-friendly Crafts,Eco-friendly Packaging,167.83,2,Moradabad,Uttar Pradesh,0.445,0.084,Normal,955.66,Jute
Embroidery & Needlecraft,Table Runner,427.85,9,Srikalahasti,Andhra Pradesh,0.653,0.1505,Normal,3452.75,Linen
Paintings & Art,Madhubani Painting,368.88,4,Kolkata,West Bengal,0.775,0.166,Festival,3025.14,Watercolour
Handmade Home Décor,Wall Hanging,144.52,4,Kondapalli,Andhra Pradesh,0.659,-0.0551,Festival,3051.15,Jute
Embroidery & Needlecraft,Embroidered Bag,337.05,7,Assam,Assam,0.32,0.0553,Normal,1748.28,Silk
Natural / Eco-friendly Crafts,Natural-fibre Basket,102.25,1,Srinagar,Jammu and Kashmir,0.255,0.2273,Wedding,998.02,Palm Leaf
Ceramics,Cup,160.12,3,Kolkata,West Bengal,0.471,0.0669,Normal,1299.88,Ceramic
Pottery & Terracotta,Clay Pot,109.75,2,Srikalahasti,Andhra Pradesh,0.809,0.0186,Normal,1342.85,Terracotta
Handmade Home Décor,Showpiece,399.32,3,Moradabad,Uttar Pradesh,0.694,-0.1773,Normal,2758.52,Clay
Embroidery & Needlecraft,Cushion Cover,468.73,4,Kutch,Gujarat,0.874,-0.0654,Festival,2112.53,Linen
Embroidery & Needlecraft,Quilt,482.76,5,Kashmir,Jammu and Kashmir,0.76,0.013,Winter,2086.99,Wool
"Bamboo, Cane & Natural Fibre",Mat,358.02,2,Kondapalli,Andhra Pradesh,0.714,-0.1201,Festival,3015.53,Cane
Paintings & Art,Tanjore Painting,847.69,7,Srinagar,Jammu and Kashmir,0.526,-0.0968,Winter,2728.64,Gold Leaf
Ceramics,Tableware,140.08,3,Srikalahasti,Andhra Pradesh,0.768,0.0165,Summer,1964.03,Stoneware
Handloom & Textiles,Durrie,695.26,11,Thanjavur,Tamil Nadu,0.792,0.0564,Normal,3248.87,Wool
Embroidery & Needlecraft,Cushion Cover,730.21,3,Bastar,Chhattisgarh,0.484,-0.0305,Festival,2376.93,Linen
Pottery & Terracotta,Planter,47.7,2,Etikoppaka,Andhra Pradesh,0.786,-0.0662,Festival,1366.01,Clay
Embroidery & Needlecraft,Embroidered Clothing,292.76,9,Jaipur,Rajasthan,0.827,0.092,Normal,2479.31,Linen
Handmade Jewellery,Necklace,620.06,2,Srikalahasti,Andhra Pradesh,0.644,-0.0026,Summer,3754.81,Brass
Handmade Jewellery,Metal Jewellery,604.71,2,Kolkata,West Bengal,0.45,0.052,Festival,4167.51,Brass
"Bamboo, Cane & Natural Fibre",Household Product,171.8,5,Khurja,Uttar Pradesh,0.616,0.0752,Normal,1762.98,Bamboo
Handmade Bags & Accessories,Accessories,543.0,3,Saharanpur,Uttar Pradesh,0.37,0.0477,Normal,3344.69,Leather
Handmade Toys,Traditional Toy,48.12,4,Jaipur,Rajasthan,0.417,-0.0724,Normal,881.05,Clay
Handmade Home Décor,Wall Hanging,692.74,6,Raghurajpur,Odisha,0.373,0.072,Monsoon,4208.1,Bamboo
Woodcraft,Figurine,485.81,4,Srinagar,Jammu and Kashmir,0.619,-0.0509,Normal,1534.04,Wood
Natural / Eco-friendly Crafts,Coir Product,38.85,1,Raghurajpur,Odisha,0.644,0.0963,Festival,2312.19,Coir
Woodcraft,Tray,879.61,15,Channapatna,Karnataka,0.61,-0.0727,Summer,4750.9,Wood
Leather & Traditional Craft,Leather Bag,868.84,3,Pochampally,Telangana,0.739,0.0386,Winter,3675.42,Leather
Handmade Toys,Handmade Game,183.69,1,Bastar,Chhattisgarh,0.833,-0.0535,Monsoon,1955.87,Cloth
Handloom & Textiles,Handwoven Bag,502.99,6,Moradabad,Uttar Pradesh,0.488,0.0325,Normal,2717.76,Linen
Paintings & Art,Kalamkari,387.21,9,Channapatna,Karnataka,0.607,0.1394,Monsoon,2851.1,Cotton
Ceramics,Home Décor,403.23,3,Pochampally,Telangana,0.595,0.1155,Normal,1772.85,Porcelain
Leather & Traditional Craft,Belt,953.74,7,Channapatna,Karnataka,0.559,-0.0942,Winter,2611.52,Leather
Woodcraft,Furniture,1027.59,12,Bhubaneswar,Odisha,0.533,0.1412,Normal,3816.26,Teak Wood
Woodcraft,Figurine,722.11,6,Kashmir,Jammu and Kashmir,0.752,0.0613,Normal,2618.64,Wood
Leather & Traditional Craft,Belt,671.89,6,Saharanpur,Uttar Pradesh,0.509,0.0999,Normal,4069.55,Leather
Paintings & Art,Phad Painting,270.48,5,Raghurajpur,Odisha,0.702,0.082,Festival,2909.18,Cotton
Natural / Eco-friendly Crafts,Coir Product,249.98,5,Srikalahasti,Andhra Pradesh,0.615,0.0587,Normal,1691.71,Coir
Paintings & Art,Tanjore Painting,313.53,10,Etikoppaka,Andhra Pradesh,0.497,-0.0478,Wedding,2875.75,Acrylic
"Bamboo, Cane & Natural Fibre",Mat,241.6,3,Madhubani,Bihar,0.723,0.1927,Winter,1930.01,Cane
Pottery & Terracotta,Clay Lamp,64.64,3,Madhubani,Bihar,0.699,0.0416,Festival,2037.94,Clay
Handloom & Textiles,Shawl,554.36,8,Pochampally,Telangana,0.421,-0.1041,Normal,2304.44,Wool
Metal Crafts,Lamp,1543.2,5,Kondapalli,Andhra Pradesh,0.599,0.0852,Normal,7463.86,Copper
Handmade Bags & Accessories,Pouch,372.34,2,Kashmir,Jammu and Kashmir,0.645,0.0775,Wedding,2406.62,Cotton
Pottery & Terracotta,Clay Lamp,92.77,1,Pochampally,Telangana,0.534,0.0421,Normal,1300.98,Clay
Paintings & Art,Sketch,270.94,6,Khurja,Uttar Pradesh,0.622,0.0545,Normal,2978.89,Ink
Pottery & Terracotta,Terracotta Figurine,107.87,4,Channapatna,Karnataka,0.675,0.1141,Festival,1549.48,Clay
Handloom & Textiles,Handwoven Bag,348.98,6,Madhubani,Bihar,0.727,-0.0326,Monsoon,3147.55,Jute
Handmade Home Décor,Handmade Clock,127.5,5,Srinagar,Jammu and Kashmir,0.932,0.049,Festival,3422.31,Bamboo
Handmade Jewellery,Bangles,168.29,2,Thanjavur,Tamil Nadu,0.843,0.1029,Normal,2256.57,Lac
Metal Crafts,Jewellery,884.55,6,Kutch,Gujarat,0.602,0.0794,Normal,3108.27,Brass
Handloom & Textiles,Carpet,215.47,11,Khurja,Uttar Pradesh,0.638,-0.1301,Festival,3599.29,Jute
Paintings & Art,Folk Painting,382.97,3,Narsapur,Andhra Pradesh,0.683,0.1621,Normal,1623.94,Watercolour
Natural / Eco-friendly Crafts,Jute Product,134.54,4,Bhubaneswar,Odisha,0.799,0.0961,Festival,2782.29,Jute
Handmade Bags & Accessories,Pouch,438.48,2,Kashmir,Jammu and Kashmir,0.449,0.066,Festival,2242.9,Leather
Woodcraft,Wall Décor,669.34,13,Channapatna,Karnataka,0.621,0.1463,Normal,4644.38,Wood
Handmade Toys,Wooden Toy,313.58,3,Narsapur,Andhra Pradesh,0.824,-0.0262,Normal,2212.91,Wood
Leather & Traditional Craft,Belt,975.57,8,Moradabad,Uttar Pradesh,0.747,0.0966,Summer,5373.46,Leather
Embroidery & Needlecraft,Patchwork Product,655.12,6,Madhubani,Bihar,0.802,0.0716,Winter,2498.34,Wool
"Bamboo, Cane & Natural Fibre",Bag,182.27,5,Channapatna,Karnataka,0.693,-0.0419,Normal,2778.44,Bamboo
Handloom & Textiles,Durrie,740.54,11,Moradabad,Uttar Pradesh,0.681,0.0755,Winter,4532.34,Wool
Leather & Traditional Craft,Leather Bag,881.66,6,Kolkata,West Bengal,0.407,-0.029,Normal,5391.19,Leather
Handmade Toys,Handmade Game,280.23,3,Saharanpur,Uttar Pradesh,0.446,0.0527,Summer,1098.62,Cloth
Woodcraft,Wooden Toy,225.71,6,Narsapur,Andhra Pradesh,0.61,-0.0633,Summer,2025.96,Wood
Handmade Home Décor,Table Décor,328.99,3,Kolkata,West Bengal,0.299,-0.0722,Winter,2376.73,Ceramic
Handmade Bags & Accessories,Handmade Belt,276.93,4,Kondapalli,Andhra Pradesh,0.572,0.0875,Wedding,2561.77,Cotton
Embroidery & Needlecraft,Embroidered Bag,290.62,8,Moradabad,Uttar Pradesh,0.833,-0.0109,Monsoon,1920.24,Jute
Woodcraft,Decorative Panel,263.48,8,Saharanpur,Uttar Pradesh,0.43,0.0707,Normal,3631.81,Wood
"Bamboo, Cane & Natural Fibre",Bag,174.04,1,Kashmir,Jammu and Kashmir,0.704,-0.0068,Wedding,2109.95,Cane
Handmade Jewellery,Necklace,298.22,2,Kolkata,West Bengal,0.706,0.115,Monsoon,2401.29,Lac
Handmade Bags & Accessories,Wallet,174.65,7,Bhubaneswar,Odisha,0.421,-0.0083,Wedding,2050.85,Jute
Handmade Toys,Handmade Game,263.18,5,Raghurajpur,Odisha,0.747,0.2681,Monsoon,1946.58,Cloth
Handmade Home Décor,Lamp,294.98,3,Kashmir,Jammu and Kashmir,0.687,0.0857,Winter,2177.05,Bamboo
Handloom & Textiles,Towel,716.47,9,Srinagar,Jammu and Kashmir,0.591,0.1726,Festival,4311.81,Linen
Handmade Jewellery,Wooden Jewellery,362.42,4,Thanjavur,Tamil Nadu,0.604,0.1561,Festival,2573.24,Wood
Handmade Home Décor,Lamp,128.03,3,Srikalahasti,Andhra Pradesh,0.444,0.1473,Winter,2468.56,Bamboo
Handmade Home Décor,Wall Hanging,100.89,2,Narsapur,Andhra Pradesh,0.852,0.0508,Summer,2611.97,Bamboo
"Bamboo, Cane & Natural Fibre",Tray,168.36,3,Etikoppaka,Andhra Pradesh,0.573,-0.129,Monsoon,1679.13,Bamboo
Embroidery & Needlecraft,Quilt,606.51,5,Kashmir,Jammu and Kashmir,0.647,0.2048,Festival,2928.77,Wool
Leather & Traditional Craft,Traditional Leather Craft,937.11,6,Bhubaneswar,Odisha,0.526,0.0563,Normal,3851.15,Leather
Pottery & Terracotta,Planter,122.01,2,Khurja,Uttar Pradesh,0.8,0.1948,Winter,1284.02,Clay
Handmade Home Décor,Sculpture,176.7,4,Assam,Assam,0.631,-0.0501,Wedding,2383.1,Metal
Woodcraft,Wall Décor,692.45,5,Jaipur,Rajasthan,0.686,-0.0163,Normal,5909.66,Wood
Pottery & Terracotta,Decorative Pot,30.0,3,Srinagar,Jammu and Kashmir,0.546,0.1238,Winter,1455.3,Clay
Handmade Toys,Puppet,234.02,1,Kutch,Gujarat,0.858,-0.042,Festival,1873.98,Cotton
Woodcraft,Furniture,682.8,13,Srinagar,Jammu and Kashmir,0.586,0.0312,Monsoon,3786.5,Sheesham Wood
Ceramics,Plate,242.01,2,Saharanpur,Uttar Pradesh,0.921,-0.0961,Wedding,1534.56,Ceramic
Woodcraft,Tray,623.85,6,Channapatna,Karnataka,0.624,0.1359,Festival,5119.13,Wood
Handloom & Textiles,Handwoven Bag,452.24,10,Saharanpur,Uttar Pradesh,0.876,0.195,Normal,4008.5,Linen
Handmade Bags & Accessories,Clutch,226.15,2,Khurja,Uttar Pradesh,0.873,0.0939,Normal,2276.68,Lac
Natural / Eco-friendly Crafts,Eco-friendly Packaging,169.13,2,Narsapur,Andhra Pradesh,0.408,0.1087,Festival,1140.34,Jute
Metal Crafts,Bell-metal Product,1354.86,2,Jaipur,Rajasthan,0.53,-0.0696,Wedding,6456.45,Bell Metal
Woodcraft,Wooden Jewellery,466.34,10,Kolkata,West Bengal,0.452,-0.025,Monsoon,3300.58,Wood
Handmade Toys,Cloth Doll,260.32,3,Etikoppaka,Andhra Pradesh,0.64,-0.0733,Normal,2208.47,Cotton
Handmade Home Décor,Mirror,466.68,4,Channapatna,Karnataka,0.57,0.0544,Summer,2242.43,Metal
Woodcraft,Decorative Panel,649.46,7,Kashmir,Jammu and Kashmir,0.699,0.1624,Wedding,5773.51,Wood
Natural / Eco-friendly Crafts,Palm-leaf Product,30.0,3,Madhubani,Bihar,0.76,0.2963,Monsoon,2762.44,Palm Leaf
Metal Crafts,Brassware,1368.43,3,Bhubaneswar,Odisha,0.613,-0.1056,Normal,5761.73,Brass
Metal Crafts,Brassware,1159.63,5,Pochampally,Telangana,0.435,0.0635,Winter,7353.73,Brass
Leather & Traditional Craft,Decorative Leather Product,840.12,5,Srinagar,Jammu and Kashmir,0.594,-0.1118,Normal,3217.03,Leather
Pottery & Terracotta,Sculpture,37.03,2,Saharanpur,Uttar Pradesh,0.714,-0.0199,Winter,998.72,Terracotta
Natural / Eco-friendly Crafts,Palm-leaf Product,193.18,4,Srinagar,Jammu and Kashmir,0.357,0.1468,Festival,1416.94,Palm Leaf
Natural / Eco-friendly Crafts,Eco-friendly Packaging,154.14,1,Kolkata,West Bengal,0.862,0.0839,Normal,2480.02,Palm Leaf
Handmade Bags & Accessories,Scarf,407.35,3,Pochampally,Telangana,0.589,0.1366,Normal,2163.03,Cotton
Handmade Toys,Cloth Doll,188.89,1,Assam,Assam,0.735,-0.1211,Normal,1301.1,Wool
Handloom & Textiles,Handwoven Bag,323.45,7,Narsapur,Andhra Pradesh,0.768,-0.0154,Monsoon,3498.49,Linen
Handloom & Textiles,Stole,699.08,9,Kashmir,Jammu and Kashmir,0.656,0.1217,Wedding,3297.11,Silk
Handloom & Textiles,Dress Material,132.78,11,Channapatna,Karnataka,0.591,0.0336,Normal,1625.09,Cotton
Metal Crafts,Utensil,977.59,6,Kolkata,West Bengal,0.893,0.1236,Festival,3760.41,Copper
Handmade Jewellery,Metal Jewellery,506.31,2,Channapatna,Karnataka,0.687,-0.122,Winter,2544.85,Copper
Handmade Jewellery,Necklace,675.5,2,Narsapur,Andhra Pradesh,0.355,0.0845,Normal,1499.83,Lac
Ceramics,Plate,162.58,4,Bastar,Chhattisgarh,0.826,0.0537,Winter,1711.41,Stoneware
Handloom & Textiles,Rug,430.03,8,Kondapalli,Andhra Pradesh,0.378,0.1418,Normal,3379.6,Wool
Ceramics,Tableware,250.93,2,Jaipur,Rajasthan,0.579,0.158,Winter,2153.06,Ceramic
Metal Crafts,Utensil,1111.18,8,Etikoppaka,Andhra Pradesh,0.575,0.0484,Festival,7853.23,Copper
Metal Crafts,Decorative Item,1234.68,7,Jaipur,Rajasthan,0.856,-0.0902,Normal,5833.67,Brass
Paintings & Art,Gond Art,396.26,5,Raghurajpur,Odisha,0.318,0.0094,Normal,2865.18,Acrylic
Embroidery & Needlecraft,Table Runner,694.19,9,Bastar,Chhattisgarh,0.515,-0.0539,Normal,3615.65,Silk
Handmade Toys,Stuffed Toy,292.64,3,Kondapalli,Andhra Pradesh,0.712,0.0136,Winter,2421.27,Cotton
Handmade Toys,Puppet,207.35,4,Bastar,Chhattisgarh,0.674,-0.0391,Summer,1224.98,Wood
Handloom & Textiles,Bedsheet,142.9,13,Kondapalli,Andhra Pradesh,0.699,0.1185,Normal,1916.58,Cotton
Natural / Eco-friendly Crafts,Palm-leaf Product,45.65,1,Madhubani,Bihar,0.692,0.2294,Summer,1081.7,Palm Leaf
Leather & Traditional Craft,Decorative Leather Product,887.38,5,Bastar,Chhattisgarh,0.76,0.018,Winter,4642.61,Leather
Woodcraft,Sculpture,561.97,3,Khurja,Uttar Pradesh,0.402,0.0622,Festival,2688.93,Wood
Pottery & Terracotta,Sculpture,122.64,3,Kutch,Gujarat,0.442,0.0998,Normal,1241.15,Terracotta
Pottery & Terracotta,Terracotta Figurine,100.86,2,Jaipur,Rajasthan,0.576,-0.0418,Normal,1173.87,Clay
Leather & Traditional Craft,Traditional Leather Craft,167.62,3,Moradabad,Uttar Pradesh,0.696,0.1304,Wedding,1732.31,Leather
Handmade Toys,Traditional Toy,122.13,2,Thanjavur,Tamil Nadu,0.74,0.0648,Normal,1623.69,Cloth
Natural / Eco-friendly Crafts,Natural-fibre Basket,118.53,3,Moradabad,Uttar Pradesh,0.573,0.0459,Normal,1149.39,Jute
Natural / Eco-friendly Crafts,Eco-friendly Packaging,156.62,3,Srikalahasti,Andhra Pradesh,0.866,-0.1044,Wedding,1711.99,Jute
Embroidery & Needlecraft,Patchwork Product,189.09,2,Assam,Assam,0.807,0.0437,Monsoon,1808.27,Linen
Paintings & Art,Pattachitra,115.99,1,Etikoppaka,Andhra Pradesh,0.584,0.011,Monsoon,1127.75,Cloth
Metal Crafts,Brassware,1457.09,11,Channapatna,Karnataka,0.679,0.0603,Normal,5223.13,Brass
Metal Crafts,Utensil,1282.09,10,Bastar,Chhattisgarh,0.834,0.086,Winter,5011.59,Brass
Pottery & Terracotta,Vase,68.5,2,Raghurajpur,Odisha,0.676,-0.1079,Wedding,776.27,Terracotta
Ceramics,Mug,177.86,2,Etikoppaka,Andhra Pradesh,0.222,-0.0868,Summer,707.19,Ceramic
"Bamboo, Cane & Natural Fibre",Furniture,206.81,3,Jaipur,Rajasthan,0.832,0.2651,Normal,1707.49,Bamboo
Handmade Bags & Accessories,Backpack,259.43,6,Khurja,Uttar Pradesh,0.494,0.153,Festival,1658.06,Canvas
Woodcraft,Kitchenware,648.45,7,Etikoppaka,Andhra Pradesh,0.467,0.0542,Summer,2599.59,Wood
Ceramics,Bowl,247.16,2,Kashmir,Jammu and Kashmir,0.476,0.1854,Normal,1468.53,Stoneware
Pottery & Terracotta,Decorative Pot,97.11,1,Assam,Assam,0.374,0.098,Normal,1167.57,Clay
Paintings & Art,Folk Painting,483.11,11,Etikoppaka,Andhra Pradesh,0.751,0.073,Normal,3136.11,Acrylic
Embroidery & Needlecraft,Embroidered Bag,475.73,6,Khurja,Uttar Pradesh,0.84,0.1434,Normal,2934.08,Jute
Handmade Toys,Handmade Game,115.45,3,Kondapalli,Andhra Pradesh,0.615,-0.0258,Monsoon,1378.71,Paper
Embroidery & Needlecraft,Cushion Cover,486.41,4,Narsapur,Andhra Pradesh,0.594,0.0461,Festival,3453.37,Linen
Paintings & Art,Sketch,215.65,6,Assam,Assam,0.626,0.1956,Normal,2146.09,Ink
Handmade Jewellery,Metal Jewellery,709.74,2,Bastar,Chhattisgarh,0.83,0.1657,Normal,2865.77,Copper
Paintings & Art,Sketch,181.88,8,Kolkata,West Bengal,0.852,0.2182,Normal,1656.71,Graphite
Metal Crafts,Utensil,1494.7,6,Kashmir,Jammu and Kashmir,0.79,-0.0511,Normal,4374.81,Brass
Handloom & Textiles,Dress Material,740.1,7,Bastar,Chhattisgarh,0.903,-0.0152,Normal,3828.64,Silk
Leather & Traditional Craft,Traditional Leather Craft,1066.57,8,Khurja,Uttar Pradesh,0.457,0.143,Normal,5899.1,Leather
"Bamboo, Cane & Natural Fibre",Bag,100.64,7,Narsapur,Andhra Pradesh,0.753,-0.0397,Normal,2199.83,Bamboo
Embroidery & Needlecraft,Embroidered Clothing,472.91,4,Pochampally,Telangana,0.604,0.0346,Winter,3185.67,Linen
Leather & Traditional Craft,Belt,688.9,5,Narsapur,Andhra Pradesh,0.755,-0.0828,Winter,3044.57,Leather
"Bamboo, Cane & Natural Fibre",Storage Box,405.46,3,Srikalahasti,Andhra Pradesh,0.722,0.0298,Winter,2412.57,Bamboo
Ceramics,Plate,254.5,1,Bhubaneswar,Odisha,0.394,-0.0256,Summer,1027.84,Stoneware
Metal Crafts,Brassware,1133.06,7,Saharanpur,Uttar Pradesh,0.793,-0.031,Normal,6781.12,Brass
Handmade Home Décor,Showpiece,482.1,2,Srinagar,Jammu and Kashmir,0.961,-0.0341,Festival,2053.62,Ceramic
Woodcraft,Sculpture,313.14,5,Bastar,Chhattisgarh,0.396,0.0239,Wedding,1738.16,Wood
Paintings & Art,Phad Painting,30.0,5,Narsapur,Andhra Pradesh,0.578,0.0329,Normal,1564.31,Natural Pigment
Natural / Eco-friendly Crafts,Handmade Paper Product,74.06,1,Kutch,Gujarat,0.828,-0.0348,Normal,1963.48,Handmade Paper
Natural / Eco-friendly Crafts,Eco-friendly Packaging,30.0,3,Bhubaneswar,Odisha,0.468,0.0892,Winter,1405.76,Palm Leaf
Handmade Toys,Traditional Toy,180.91,3,Srinagar,Jammu and Kashmir,0.78,0.0236,Normal,1828.62,Wood
"Bamboo, Cane & Natural Fibre",Decorative Item,160.17,3,Assam,Assam,0.748,0.0211,Winter,1747.17,Cane
"Bamboo, Cane & Natural Fibre",Mat,358.95,2,Narsapur,Andhra Pradesh,0.634,0.0145,Festival,1505.38,Cane
Handmade Jewellery,Necklace,783.59,3,Bastar,Chhattisgarh,0.775,-0.0193,Normal,2270.85,Brass
Handloom & Textiles,Fabric,401.38,3,Madhubani,Bihar,0.539,0.0783,Normal,2564.09,Jute
Natural / Eco-friendly Crafts,Eco-friendly Packaging,180.07,2,Channapatna,Karnataka,0.683,-0.0719,Normal,1338.85,Banana Fibre
Handloom & Textiles,Handwoven Bag,210.2,10,Madhubani,Bihar,0.675,0.007,Normal,2536.25,Cotton
"Bamboo, Cane & Natural Fibre",Tray,246.58,6,Kutch,Gujarat,0.742,0.1477,Monsoon,2067.26,Bamboo
Handmade Home Décor,Mirror,439.41,8,Madhubani,Bihar,0.914,0.0379,Normal,2723.69,Wood
Leather & Traditional Craft,Decorative Leather Product,788.6,2,Srikalahasti,Andhra Pradesh,0.733,0.0035,Normal,2497.21,Leather
Handmade Jewellery,Lac Jewellery,331.34,3,Thanjavur,Tamil Nadu,0.394,0.1375,Normal,2367.93,Lac
Ceramics,Bowl,205.33,4,Assam,Assam,0.567,0.1297,Normal,1493.33,Stoneware
Handloom & Textiles,Dress Material,262.2,10,Raghurajpur,Odisha,0.584,-0.0819,Winter,2680.02,Cotton
Handmade Home Décor,Handmade Clock,523.87,4,Narsapur,Andhra Pradesh,0.308,0.0128,Normal,2040.05,Wood
Handloom & Textiles,Towel,411.36,3,Madhubani,Bihar,0.626,0.0916,Monsoon,1999.12,Linen
Pottery & Terracotta,Kitchenware,30.0,2,Srikalahasti,Andhra Pradesh,0.612,0.0053,Normal,1684.2,Terracotta
Paintings & Art,Kalamkari,467.35,3,Jaipur,Rajasthan,0.762,0.0007,Normal,2506.28,Silk
Handmade Toys,Puppet,292.56,3,Khurja,Uttar Pradesh,0.724,-0.0483,Winter,1921.27,Wood
Natural / Eco-friendly Crafts,Jute Product,269.13,4,Etikoppaka,Andhra Pradesh,0.611,0.2589,Normal,2500.59,Jute
"Bamboo, Cane & Natural Fibre",Household Product,163.64,7,Pochampally,Telangana,0.824,0.1665,Winter,2846.99,Jute
Handloom & Textiles,Durrie,474.46,5,Narsapur,Andhra Pradesh,0.807,0.0686,Festival,3666.93,Cotton
Handmade Toys,Stuffed Toy,165.1,4,Khurja,Uttar Pradesh,0.442,0.0914,Wedding,1944.3,Cotton
Embroidery & Needlecraft,Table Runner,266.46,6,Pochampally,Telangana,0.74,-0.0317,Festival,4016.15,Cotton
Woodcraft,Wooden Toy,813.24,1,Kashmir,Jammu and Kashmir,0.781,0.2201,Normal,3267.44,Wood
Leather & Traditional Craft,Decorative Leather Product,793.86,7,Raghurajpur,Odisha,0.392,-0.1209,Normal,4556.17,Leather
Handmade Jewellery,Handmade Earrings,204.48,1,Kashmir,Jammu and Kashmir,0.401,0.0543,Festival,2754.29,Terracotta
Embroidery & Needlecraft,Embroidered Bag,100.63,7,Raghurajpur,Odisha,0.331,0.1637,Festival,1160.8,Cotton
Woodcraft,Box,564.31,8,Madhubani,Bihar,0.134,0.1236,Festival,2664.81,Wood
Handloom & Textiles,Blanket,510.48,6,Kondapalli,Andhra Pradesh,0.683,0.135,Festival,2888.83,Cotton
Embroidery & Needlecraft,Wall Hanging,228.68,11,Kashmir,Jammu and Kashmir,0.717,0.05,Festival,2159.25,Cotton
Handmade Home Décor,Sculpture,138.48,4,Thanjavur,Tamil Nadu,0.594,0.0427,Wedding,2645.18,Clay
Handloom & Textiles,Bedsheet,745.61,7,Kolkata,West Bengal,0.788,-0.0067,Festival,3731.57,Linen
Pottery & Terracotta,Terracotta Figurine,54.93,2,Moradabad,Uttar Pradesh,0.646,0.2186,Normal,1192.29,Terracotta
Embroidery & Needlecraft,Table Runner,410.63,7,Pochampally,Telangana,0.485,0.0182,Normal,2694.71,Silk
Natural / Eco-friendly Crafts,Jute Product,55.82,5,Jaipur,Rajasthan,0.756,0.0832,Wedding,2343.14,Jute
Paintings & Art,Pattachitra,507.17,7,Srikalahasti,Andhra Pradesh,0.688,0.1456,Normal,3736.95,Cloth
Metal Crafts,Bell-metal Product,1157.42,4,Srikalahasti,Andhra Pradesh,0.637,0.1015,Normal,4523.14,Bell Metal
"Bamboo, Cane & Natural Fibre",Storage Box,127.76,2,Jaipur,Rajasthan,0.867,0.0129,Normal,1986.86,Bamboo
Leather & Traditional Craft,Belt,872.94,3,Kashmir,Jammu and Kashmir,0.637,0.196,Normal,3604.97,Leather
Woodcraft,Furniture,995.59,3,Moradabad,Uttar Pradesh,0.673,0.0037,Festival,4023.53,Teak Wood
Paintings & Art,Madhubani Painting,424.52,8,Kashmir,Jammu and Kashmir,0.761,0.1809,Summer,3220.53,Natural Pigment
Embroidery & Needlecraft,Wall Hanging,216.84,6,Jaipur,Rajasthan,0.516,0.0789,Festival,3285.55,Cotton
Embroidery & Needlecraft,Embroidered Bag,793.94,5,Saharanpur,Uttar Pradesh,0.848,-0.0643,Normal,2996.78,Silk
Handmade Bags & Accessories,Pouch,417.69,7,Khurja,Uttar Pradesh,0.597,-0.0139,Winter,2462.64,Leather
Handmade Home Décor,Decorative Box,458.55,8,Thanjavur,Tamil Nadu,0.867,0.2149,Festival,2875.1,Cane
Paintings & Art,Madhubani Painting,194.37,1,Kashmir,Jammu and Kashmir,0.692,-0.0818,Festival,1405.98,Acrylic
Handloom & Textiles,Handwoven Bag,376.35,6,Narsapur,Andhra Pradesh,0.57,0.1175,Winter,1960.83,Linen
Leather & Traditional Craft,Footwear,1058.1,3,Raghurajpur,Odisha,0.507,0.0952,Festival,3162.13,Leather
Natural / Eco-friendly Crafts,Eco-friendly Packaging,124.83,2,Madhubani,Bihar,0.433,0.0796,Festival,830.93,Banana Fibre
Handmade Home Décor,Sculpture,160.57,5,Saharanpur,Uttar Pradesh,0.721,0.1135,Normal,1908.93,Wood
Handloom & Textiles,Blanket,107.84,12,Srinagar,Jammu and Kashmir,0.677,-0.1041,Festival,2617.78,Cotton
Handmade Bags & Accessories,Accessories,67.17,6,Madhubani,Bihar,0.753,0.1668,Normal,1464.66,Cotton
Handmade Toys,Stuffed Toy,209.19,2,Assam,Assam,0.628,-0.0277,Festival,1260.66,Cotton
Natural / Eco-friendly Crafts,Palm-leaf Product,46.33,2,Bhubaneswar,Odisha,0.803,0.0269,Festival,1937.93,Palm Leaf
"Bamboo, Cane & Natural Fibre",Tray,43.38,2,Srikalahasti,Andhra Pradesh,0.737,0.0793,Festival,1018.33,Palm Leaf
Handmade Jewellery,Wooden Jewellery,525.47,6,Moradabad,Uttar Pradesh,0.23,0.0254,Summer,2477.27,Wood
Handmade Jewellery,Beaded Jewellery,526.02,5,Saharanpur,Uttar Pradesh,0.81,0.2424,Festival,4036.54,Wood
Pottery & Terracotta,Vase,59.57,1,Saharanpur,Uttar Pradesh,0.627,0.0364,Wedding,1338.31,Terracotta
Handmade Jewellery,Wooden Jewellery,547.8,4,Kolkata,West Bengal,0.571,0.016,Normal,4182.08,Wood
Paintings & Art,Handmade Wall Art,259.39,6,Khurja,Uttar Pradesh,0.521,0.1244,Summer,2411.79,Canvas
Handmade Home Décor,Lamp,338.72,6,Madhubani,Bihar,0.734,0.2281,Normal,2124.59,Bamboo
Ceramics,Ceramic Jewellery,235.39,2,Pochampally,Telangana,0.685,-0.0308,Festival,2050.29,Ceramic
Pottery & Terracotta,Planter,30.0,2,Srinagar,Jammu and Kashmir,0.631,0.0771,Festival,1353.96,Terracotta
Leather & Traditional Craft,Leather Bag,1049.39,5,Narsapur,Andhra Pradesh,0.518,-0.045,Normal,3468.54,Leather
Handmade Jewellery,Metal Jewellery,503.28,4,Raghurajpur,Odisha,0.394,0.0754,Normal,1905.39,Brass
Paintings & Art,Handmade Wall Art,466.13,1,Jaipur,Rajasthan,0.451,0.1588,Festival,1726.85,Canvas
Handmade Bags & Accessories,Pouch,198.73,4,Kutch,Gujarat,0.475,0.0548,Monsoon,1372.27,Jute
Leather & Traditional Craft,Traditional Leather Craft,839.26,4,Madhubani,Bihar,0.81,0.0657,Normal,3754.03,Leather
Handmade Jewellery,Metal Jewellery,852.4,2,Raghurajpur,Odisha,0.648,-0.0357,Normal,2567.01,Brass
Natural / Eco-friendly Crafts,Natural-fibre Basket,141.11,2,Pochampally,Telangana,0.874,0.1521,Summer,1694.3,Coir
"Bamboo, Cane & Natural Fibre",Bag,245.3,3,Srinagar,Jammu and Kashmir,0.859,0.0146,Normal,1500.64,Cane
Woodcraft,Wall Décor,562.55,9,Thanjavur,Tamil Nadu,0.743,0.0198,Normal,4654.87,Wood
Handmade Bags & Accessories,Pouch,123.06,4,Thanjavur,Tamil Nadu,0.525,0.1805,Festival,1040.48,Cotton
Woodcraft,Furniture,786.47,4,Raghurajpur,Odisha,0.748,0.1554,Normal,3580.61,Teak Wood
Leather & Traditional Craft,Wallet,879.8,4,Bhubaneswar,Odisha,0.283,-0.0245,Normal,2553.59,Leather
Metal Crafts,Lamp,1042.68,8,Thanjavur,Tamil Nadu,0.644,0.0505,Monsoon,6391.84,Copper
Handmade Home Décor,Dreamcatcher,416.28,5,Kutch,Gujarat,0.657,0.1081,Winter,2343.37,Bamboo
Pottery & Terracotta,Planter,156.46,2,Kashmir,Jammu and Kashmir,0.847,0.0324,Festival,1774.32,Clay
Embroidery & Needlecraft,Table Runner,343.72,4,Kondapalli,Andhra Pradesh,0.735,0.0295,Festival,3255.64,Cotton
Paintings & Art,Gond Art,152.31,7,Kolkata,West Bengal,0.736,0.0325,Normal,1625.11,Natural Pigment
Natural / Eco-friendly Crafts,Jute Product,161.21,1,Narsapur,Andhra Pradesh,0.301,0.0458,Festival,1201.77,Jute
Handmade Jewellery,Tribal Jewellery,536.52,2,Thanjavur,Tamil Nadu,0.823,-0.0427,Summer,1588.66,Beads
Pottery & Terracotta,Diya,121.92,2,Madhubani,Bihar,0.419,0.0889,Summer,962.45,Terracotta
Metal Crafts,Decorative Item,1062.49,4,Kashmir,Jammu and Kashmir,0.458,-0.0399,Festival,6135.29,Copper
Embroidery & Needlecraft,Table Runner,838.0,4,Saharanpur,Uttar Pradesh,0.753,-0.0054,Normal,3950.35,Silk
Handmade Home Décor,Table Décor,118.97,5,Bastar,Chhattisgarh,0.811,0.0853,Normal,2922.96,Clay
Handmade Jewellery,Wooden Jewellery,381.99,3,Etikoppaka,Andhra Pradesh,0.686,0.062,Monsoon,3331.49,Wood
Handmade Toys,Cloth Doll,203.9,4,Saharanpur,Uttar Pradesh,0.567,0.0237,Normal,1525.19,Cotton
Handloom & Textiles,Handwoven Bag,522.53,10,Assam,Assam,0.791,0.0435,Festival,4100.79,Linen
Handmade Home Décor,Dreamcatcher,391.58,4,Bhubaneswar,Odisha,0.653,0.0831,Wedding,2601.23,Cotton
Pottery & Terracotta,Terracotta Figurine,113.03,3,Bastar,Chhattisgarh,0.61,0.0627,Festival,2008.21,Terracotta
Woodcraft,Wooden Jewellery,489.47,7,Bhubaneswar,Odisha,0.719,0.1089,Normal,2279.29,Wood
Handmade Jewellery,Necklace,504.67,4,Khurja,Uttar Pradesh,0.523,0.0486,Festival,2267.51,Brass
Embroidery & Needlecraft,Quilt,375.17,5,Moradabad,Uttar Pradesh,0.528,0.1253,Festival,2568.33,Cotton
Pottery & Terracotta,Diya,75.42,3,Channapatna,Karnataka,0.702,-0.0227,Winter,1622.02,Clay
Embroidery & Needlecraft,Patchwork Product,428.03,9,Moradabad,Uttar Pradesh,0.761,-0.0465,Winter,3245.99,Linen
Woodcraft,Box,690.92,15,Etikoppaka,Andhra Pradesh,0.55,-0.0548,Normal,4027.05,Wood
Pottery & Terracotta,Planter,65.57,2,Bastar,Chhattisgarh,0.343,0.1214,Normal,814.69,Terracotta
Ceramics,Plate,238.18,3,Srinagar,Jammu and Kashmir,0.712,0.1265,Winter,1556.48,Ceramic
Ceramics,Tableware,164.03,3,Madhubani,Bihar,0.77,-0.104,Monsoon,2154.5,Ceramic
Handmade Bags & Accessories,Tote Bag,443.91,3,Raghurajpur,Odisha,0.466,-0.0555,Normal,1838.02,Canvas
Handmade Home Décor,Wall Hanging,344.26,4,Jaipur,Rajasthan,0.64,0.1463,Monsoon,2711.76,Bamboo
"Bamboo, Cane & Natural Fibre",Furniture,406.02,5,Srikalahasti,Andhra Pradesh,0.532,-0.1039,Normal,2083.59,Bamboo
Natural / Eco-friendly Crafts,Banana-fibre Product,279.27,3,Khurja,Uttar Pradesh,0.739,0.0515,Festival,2366.47,Banana Fibre
Embroidery & Needlecraft,Quilt,619.97,6,Moradabad,Uttar Pradesh,0.534,0.0677,Summer,3498.14,Wool
"Bamboo, Cane & Natural Fibre",Storage Box,195.46,4,Kutch,Gujarat,0.818,0.1043,Normal,1955.24,Cane
Embroidery & Needlecraft,Cushion Cover,427.73,5,Khurja,Uttar Pradesh,0.534,0.0327,Summer,1639.13,Silk
Leather & Traditional Craft,Decorative Leather Product,652.21,8,Thanjavur,Tamil Nadu,0.402,-0.0255,Winter,2504.5,Leather
"Bamboo, Cane & Natural Fibre",Tray,196.35,3,Assam,Assam,0.429,0.0538,Normal,1585.67,Bamboo
Handmade Toys,Cloth Doll,134.21,1,Khurja,Uttar Pradesh,0.694,-0.1289,Normal,2014.59,Cotton
Metal Crafts,Bell-metal Product,765.95,1,Jaipur,Rajasthan,0.343,-0.0305,Festival,6123.82,Bell Metal
Handmade Toys,Educational Toy,119.08,5,Saharanpur,Uttar Pradesh,0.763,0.0808,Festival,1772.58,Cotton
"Bamboo, Cane & Natural Fibre",Mat,98.0,1,Madhubani,Bihar,0.584,0.0937,Monsoon,1812.16,Coir
Handmade Bags & Accessories,Backpack,432.68,6,Khurja,Uttar Pradesh,0.645,0.0152,Normal,3014.22,Cotton
Natural / Eco-friendly Crafts,Palm-leaf Product,30.0,2,Bhubaneswar,Odisha,0.578,-0.0165,Summer,752.79,Palm Leaf
Handmade Toys,Traditional Toy,166.19,6,Etikoppaka,Andhra Pradesh,0.428,0.0504,Winter,1560.89,Cloth
Ceramics,Cup,144.5,2,Narsapur,Andhra Pradesh,0.658,0.0395,Wedding,1460.04,Stoneware
Woodcraft,Wall Décor,368.36,10,Bhubaneswar,Odisha,0.681,0.0875,Normal,2016.98,Wood
Handmade Jewellery,Tribal Jewellery,425.14,2,Kashmir,Jammu and Kashmir,0.766,-0.0153,Normal,2755.11,Beads
Leather & Traditional Craft,Decorative Leather Product,1065.0,9,Bhubaneswar,Odisha,0.588,0.0535,Festival,2904.04,Leather
Woodcraft,Figurine,689.05,5,Kashmir,Jammu and Kashmir,0.63,-0.063,Festival,4322.99,Wood
Handmade Jewellery,Handmade Earrings,296.57,1,Jaipur,Rajasthan,0.56,-0.1102,Winter,2100.26,Beads
Handmade Bags & Accessories,Accessories,30.0,3,Bastar,Chhattisgarh,0.521,0.1224,Festival,3300.67,Beads
Ceramics,Tableware,273.55,3,Raghurajpur,Odisha,0.564,-0.0561,Normal,2489.32,Ceramic
Handmade Toys,Puppet,207.5,5,Kashmir,Jammu and Kashmir,0.81,0.1922,Festival,3223.13,Leather
Handmade Bags & Accessories,Basket,225.31,6,Narsapur,Andhra Pradesh,0.681,-0.0243,Summer,2825.12,Bamboo
Metal Crafts,Copperware,1234.27,4,Khurja,Uttar Pradesh,0.917,-0.075,Winter,3824.33,Copper
Handmade Bags & Accessories,Handmade Belt,217.97,3,Bhubaneswar,Odisha,0.665,-0.0425,Wedding,2080.93,Jute
Leather & Traditional Craft,Leather Bag,994.99,9,Khurja,Uttar Pradesh,0.536,-0.0422,Summer,3435.53,Leather
Handmade Toys,Traditional Toy,225.02,2,Moradabad,Uttar Pradesh,0.736,0.1991,Festival,1882.91,Cloth
Leather & Traditional Craft,Decorative Leather Product,725.25,9,Kolkata,West Bengal,0.564,-0.0072,Normal,5372.34,Leather
Metal Crafts,Decorative Item,1072.43,8,Assam,Assam,0.55,0.0054,Normal,7480.64,Copper
Leather & Traditional Craft,Footwear,690.75,1,Bhubaneswar,Odisha,0.731,-0.0127,Normal,2952.79,Leather
Metal Crafts,Decorative Item,971.95,8,Kashmir,Jammu and Kashmir,0.465,0.1817,Normal,3991.26,Copper
Handloom & Textiles,Dress Material,642.24,8,Pochampally,Telangana,0.745,0.1352,Monsoon,4122.5,Linen
Ceramics,Ceramic Jewellery,62.3,3,Kondapalli,Andhra Pradesh,0.542,0.059,Winter,1817.83,Ceramic
Handloom & Textiles,Handwoven Bag,362.06,12,Kashmir,Jammu and Kashmir,0.554,0.1195,Summer,2435.95,Cotton
Embroidery & Needlecraft,Wall Hanging,503.76,7,Etikoppaka,Andhra Pradesh,0.556,0.1256,Normal,2184.73,Wool
Pottery & Terracotta,Kitchenware,100.17,2,Srikalahasti,Andhra Pradesh,0.849,0.0503,Winter,1106.11,Terracotta
Handmade Bags & Accessories,Clutch,294.72,3,Khurja,Uttar Pradesh,0.759,-0.1193,Festival,2568.89,Lac
Handmade Home Décor,Lamp,83.59,6,Kutch,Gujarat,0.954,-0.2,Summer,2353.37,Bamboo
Handmade Home Décor,Wall Hanging,121.13,3,Kolkata,West Bengal,0.677,-0.1683,Normal,2164.83,Jute
Embroidery & Needlecraft,Embroidered Clothing,298.59,7,Khurja,Uttar Pradesh,0.354,0.0038,Normal,2220.99,Cotton
Paintings & Art,Warli Painting,286.34,9,Assam,Assam,0.465,0.0361,Normal,2581.48,Natural Pigment
Handmade Home Décor,Handmade Clock,195.85,2,Srikalahasti,Andhra Pradesh,0.766,0.0092,Normal,1329.42,Bamboo
Handloom & Textiles,Scarf,1004.9,12,Kashmir,Jammu and Kashmir,0.943,0.1724,Normal,4433.53,Silk
Paintings & Art,Handmade Wall Art,197.08,7,Etikoppaka,Andhra Pradesh,0.666,-0.0165,Festival,2673.27,Canvas
Woodcraft,Kitchenware,650.89,13,Jaipur,Rajasthan,0.175,-0.0498,Festival,4891.79,Wood
Embroidery & Needlecraft,Embroidered Clothing,422.78,5,Jaipur,Rajasthan,0.385,0.1433,Wedding,4643.08,Cotton
Paintings & Art,Kalamkari,188.49,4,Narsapur,Andhra Pradesh,0.516,0.0666,Winter,2550.85,Cotton
Natural / Eco-friendly Crafts,Natural-fibre Basket,130.53,5,Bhubaneswar,Odisha,0.73,0.0427,Festival,1474.96,Coir
Paintings & Art,Tanjore Painting,260.71,5,Channapatna,Karnataka,0.671,-0.0522,Normal,2770.99,Natural Pigment
Ceramics,Plate,140.35,3,Pochampally,Telangana,0.642,0.1397,Normal,1144.06,Ceramic
Natural / Eco-friendly Crafts,Coir Product,38.69,1,Kondapalli,Andhra Pradesh,0.648,0.0644,Normal,1524.86,Coir
Paintings & Art,Folk Painting,400.18,2,Madhubani,Bihar,0.689,0.1569,Winter,2105.59,Acrylic
Handmade Toys,Stuffed Toy,380.56,3,Raghurajpur,Odisha,0.548,0.0598,Wedding,2243.58,Wool
Natural / Eco-friendly Crafts,Handmade Paper Product,105.85,3,Bhubaneswar,Odisha,0.742,0.057,Winter,1905.41,Handmade Paper
"Bamboo, Cane & Natural Fibre",Furniture,311.5,2,Bhubaneswar,Odisha,0.713,0.1123,Festival,2552.69,Cane
Embroidery & Needlecraft,Patchwork Product,476.36,7,Etikoppaka,Andhra Pradesh,0.546,0.0647,Festival,1701.85,Wool
Handmade Toys,Handmade Game,93.18,2,Narsapur,Andhra Pradesh,0.571,0.0095,Winter,1707.06,Paper
Embroidery & Needlecraft,Embroidered Clothing,241.05,8,Saharanpur,Uttar Pradesh,0.879,0.1257,Summer,4645.35,Linen
Ceramics,Plate,242.22,5,Moradabad,Uttar Pradesh,0.723,0.0412,Normal,1832.22,Stoneware
Handloom & Textiles,Traditional Garment,484.61,8,Saharanpur,Uttar Pradesh,0.758,0.0626,Festival,4419.68,Linen
Handmade Toys,Puppet,287.8,4,Thanjavur,Tamil Nadu,0.663,-0.1402,Monsoon,2251.35,Wood
Pottery & Terracotta,Diya,32.83,4,Bhubaneswar,Odisha,0.454,0.0181,Winter,698.57,Clay
Handloom & Textiles,Fabric,106.39,4,Channapatna,Karnataka,0.722,0.1372,Winter,2481.64,Cotton
Handloom & Textiles,Stole,468.46,13,Khurja,Uttar Pradesh,0.495,0.0567,Normal,3753.34,Linen
Woodcraft,Furniture,614.55,11,Moradabad,Uttar Pradesh,0.762,-0.0304,Normal,4575.35,Sheesham Wood
Handmade Bags & Accessories,Wallet,233.64,3,Raghurajpur,Odisha,0.869,0.1568,Wedding,2392.12,Cotton
"Bamboo, Cane & Natural Fibre",Storage Box,111.85,1,Kondapalli,Andhra Pradesh,0.41,0.1126,Winter,1053.17,Palm Leaf
Paintings & Art,Gond Art,176.96,8,Madhubani,Bihar,0.801,-0.0083,Winter,1914.64,Natural Pigment
Handloom & Textiles,Handwoven Bag,274.45,9,Channapatna,Karnataka,0.747,0.1837,Wedding,3555.39,Cotton
Handmade Bags & Accessories,Tote Bag,253.33,3,Moradabad,Uttar Pradesh,0.583,0.1989,Normal,2707.46,Canvas
Paintings & Art,Pattachitra,213.88,4,Kolkata,West Bengal,0.304,-0.0786,Monsoon,1887.99,Handmade Paper
Metal Crafts,Decorative Item,1204.86,7,Moradabad,Uttar Pradesh,0.839,-0.0258,Normal,5379.97,Brass
Handmade Home Décor,Candle,300.68,8,Bastar,Chhattisgarh,0.503,-0.0456,Winter,1426.75,Beeswax
Woodcraft,Decorative Panel,704.97,2,Raghurajpur,Odisha,0.563,0.0595,Wedding,1892.59,Wood
Handmade Jewellery,Tribal Jewellery,577.73,5,Bastar,Chhattisgarh,0.735,-0.0461,Winter,3172.6,Brass
Handloom & Textiles,Rug,331.68,5,Moradabad,Uttar Pradesh,0.655,0.065,Wedding,2579.52,Jute
"Bamboo, Cane & Natural Fibre",Bottle/Container,213.32,5,Kashmir,Jammu and Kashmir,0.719,0.1458,Festival,2527.66,Cane
Ceramics,Vase,254.23,3,Saharanpur,Uttar Pradesh,0.78,-0.1261,Normal,2343.79,Stoneware
Handmade Toys,Handmade Game,239.38,4,Bastar,Chhattisgarh,0.316,-0.0529,Normal,1721.72,Wood
Handmade Jewellery,Lac Jewellery,561.83,1,Channapatna,Karnataka,0.834,-0.0403,Festival,3701.63,Lac
Woodcraft,Wooden Toy,620.79,10,Etikoppaka,Andhra Pradesh,0.763,0.188,Monsoon,2805.03,Wood
Handmade Home Décor,Table Décor,461.77,4,Assam,Assam,0.669,0.0188,Normal,2186.91,Ceramic
Pottery & Terracotta,Sculpture,135.48,2,Saharanpur,Uttar Pradesh,0.777,0.0336,Festival,1801.45,Terracotta
Handmade Toys,Stuffed Toy,232.96,2,Kashmir,Jammu and Kashmir,0.659,0.2108,Normal,2148.5,Cotton
Handmade Bags & Accessories,Tote Bag,251.32,4,Srinagar,Jammu and Kashmir,0.514,0.0698,Summer,1209.18,Canvas
Leather & Traditional Craft,Belt,863.79,5,Srinagar,Jammu and Kashmir,0.838,-0.0407,Summer,4352.33,Leather
Pottery & Terracotta,Decorative Pot,30.0,2,Srinagar,Jammu and Kashmir,0.823,-0.1631,Monsoon,1777.6,Terracotta
Handloom & Textiles,Handwoven Bag,266.53,12,Kondapalli,Andhra Pradesh,0.804,0.0563,Normal,2327.36,Linen
Natural / Eco-friendly Crafts,Handmade Paper Product,307.51,3,Thanjavur,Tamil Nadu,0.719,0.0313,Normal,2030.87,Handmade Paper
Pottery & Terracotta,Kitchenware,128.35,3,Etikoppaka,Andhra Pradesh,0.772,0.1522,Festival,1126.19,Clay
Metal Crafts,Utensil,897.99,5,Jaipur,Rajasthan,0.769,-0.0985,Normal,5336.22,Copper
Natural / Eco-friendly Crafts,Coir Product,77.05,2,Moradabad,Uttar Pradesh,0.683,0.0152,Normal,1306.69,Coir
Pottery & Terracotta,Kitchenware,81.95,3,Channapatna,Karnataka,0.739,0.0382,Normal,1783.11,Clay
Handloom & Textiles,Carpet,259.44,10,Kolkata,West Bengal,0.451,0.0454,Normal,3280.52,Cotton
"Bamboo, Cane & Natural Fibre",Bottle/Container,267.57,4,Thanjavur,Tamil Nadu,0.456,0.1302,Wedding,2899.91,Cane
Handmade Home Décor,Table Décor,346.66,4,Bastar,Chhattisgarh,0.705,0.0448,Normal,1495.7,Ceramic
Ceramics,Decorative Piece,289.91,4,Moradabad,Uttar Pradesh,0.729,-0.1328,Wedding,1779.9,Stoneware
Pottery & Terracotta,Sculpture,216.92,1,Khurja,Uttar Pradesh,0.778,0.1096,Normal,1733.22,Terracotta
Metal Crafts,Brassware,1104.28,6,Khurja,Uttar Pradesh,0.624,0.1256,Summer,5497.3,Brass
Handmade Home Décor,Dreamcatcher,272.84,4,Bastar,Chhattisgarh,0.558,0.168,Normal,2486.13,Jute
"Bamboo, Cane & Natural Fibre",Basket,168.25,2,Etikoppaka,Andhra Pradesh,0.92,0.074,Normal,2732.03,Bamboo
Handmade Toys,Educational Toy,207.8,3,Etikoppaka,Andhra Pradesh,0.505,0.0825,Wedding,1177.04,Wood
Handmade Home Décor,Lamp,158.23,4,Kondapalli,Andhra Pradesh,0.837,0.1942,Normal,2405.73,Clay
Handmade Home Décor,Showpiece,73.97,4,Jaipur,Rajasthan,0.692,-0.1251,Normal,2011.75,Clay
Embroidery & Needlecraft,Table Runner,152.84,11,Thanjavur,Tamil Nadu,0.627,0.0735,Normal,2731.66,Cotton
Woodcraft,Wooden Jewellery,347.36,6,Khurja,Uttar Pradesh,0.879,0.1202,Normal,4295.65,Wood
Paintings & Art,Folk Painting,379.62,9,Narsapur,Andhra Pradesh,0.747,0.0197,Normal,2057.67,Acrylic
Paintings & Art,Folk Painting,352.95,2,Bastar,Chhattisgarh,0.511,-0.0417,Normal,2221.39,Acrylic
"Bamboo, Cane & Natural Fibre",Bag,157.96,5,Thanjavur,Tamil Nadu,0.648,-0.0694,Summer,1731.53,Bamboo
Handmade Home Décor,Dreamcatcher,502.99,3,Madhubani,Bihar,0.535,0.1175,Normal,2455.04,Bamboo
Handmade Bags & Accessories,Clutch,257.17,2,Channapatna,Karnataka,0.557,0.142,Festival,2674.02,Leather
Handloom & Textiles,Saree,62.59,6,Kashmir,Jammu and Kashmir,0.651,0.1197,Normal,1812.77,Cotton
Handmade Bags & Accessories,Clutch,126.8,2,Bastar,Chhattisgarh,0.431,0.1159,Winter,1847.63,Jute
Pottery & Terracotta,Decorative Pot,141.99,2,Jaipur,Rajasthan,0.878,-0.0563,Normal,2095.22,Terracotta
Handloom & Textiles,Carpet,554.41,8,Kutch,Gujarat,0.44,0.0123,Winter,2549.26,Wool
Handmade Bags & Accessories,Basket,277.87,4,Kutch,Gujarat,0.629,0.1182,Monsoon,1757.27,Cane
Handmade Bags & Accessories,Basket,292.64,1,Kondapalli,Andhra Pradesh,0.49,-0.0309,Normal,1984.38,Bamboo
Natural / Eco-friendly Crafts,Coir Product,47.86,4,Saharanpur,Uttar Pradesh,0.655,0.1469,Monsoon,1594.52,Coir
Handloom & Textiles,Rug,394.63,3,Bastar,Chhattisgarh,0.624,-0.0177,Summer,2059.53,Cotton
Paintings & Art,Warli Painting,135.91,11,Madhubani,Bihar,0.908,0.0251,Wedding,2282.97,Acrylic
Pottery & Terracotta,Terracotta Figurine,167.22,2,Raghurajpur,Odisha,0.787,0.0044,Festival,1296.79,Clay
Leather & Traditional Craft,Wallet,629.49,1,Pochampally,Telangana,0.362,0.0918,Wedding,3661.8,Leather
Paintings & Art,Miniature Painting,171.66,3,Moradabad,Uttar Pradesh,0.39,0.1671,Normal,1548.05,Handmade Paper
Paintings & Art,Folk Painting,365.53,5,Narsapur,Andhra Pradesh,0.438,0.0222,Wedding,3683.09,Watercolour
Handmade Toys,Handmade Game,30.0,5,Madhubani,Bihar,0.642,0.0286,Normal,1717.79,Paper
Embroidery & Needlecraft,Patchwork Product,400.59,8,Madhubani,Bihar,0.67,-0.0721,Normal,2979.29,Wool
Pottery & Terracotta,Decorative Pot,119.6,3,Channapatna,Karnataka,0.714,0.2245,Normal,1187.58,Terracotta
Handmade Bags & Accessories,Wallet,199.68,1,Assam,Assam,0.521,0.0657,Summer,1392.07,Cotton
Handmade Home Décor,Decorative Box,558.78,1,Assam,Assam,0.749,0.1193,Normal,2885.38,Bamboo
Natural / Eco-friendly Crafts,Palm-leaf Product,177.05,2,Raghurajpur,Odisha,0.497,-0.0567,Summer,1429.16,Palm Leaf
Leather & Traditional Craft,Leather Bag,723.53,5,Kondapalli,Andhra Pradesh,0.852,0.0785,Monsoon,5548.47,Leather
Natural / Eco-friendly Crafts,Palm-leaf Product,150.09,1,Channapatna,Karnataka,0.211,0.0393,Normal,1313.6,Palm Leaf
Embroidery & Needlecraft,Table Runner,291.65,3,Pochampally,Telangana,0.679,0.1041,Winter,2459.51,Cotton
"Bamboo, Cane & Natural Fibre",Decorative Item,171.6,1,Kashmir,Jammu and Kashmir,0.329,-0.0349,Winter,1455.66,Cane
Ceramics,Cup,300.36,2,Bhubaneswar,Odisha,0.455,-0.1486,Festival,2060.79,Ceramic
Embroidery & Needlecraft,Patchwork Product,567.03,7,Bastar,Chhattisgarh,0.206,0.0969,Festival,3550.62,Wool
Handmade Home Décor,Table Décor,345.51,6,Madhubani,Bihar,0.782,0.0945,Normal,2245.71,Ceramic
Natural / Eco-friendly Crafts,Palm-leaf Product,90.63,2,Kashmir,Jammu and Kashmir,0.578,0.0021,Summer,1796.85,Palm Leaf
Handmade Home Décor,Decorative Box,194.67,4,Bastar,Chhattisgarh,0.879,0.2029,Festival,2649.42,Bamboo
Handmade Bags & Accessories,Scarf,232.3,4,Moradabad,Uttar Pradesh,0.799,0.0521,Festival,3230.82,Cotton
Paintings & Art,Miniature Painting,283.89,6,Madhubani,Bihar,0.757,0.1848,Normal,2399.41,Handmade Paper
Handmade Jewellery,Metal Jewellery,740.83,2,Jaipur,Rajasthan,0.579,-0.02,Winter,4376.58,Copper
Leather & Traditional Craft,Footwear,788.93,3,Kolkata,West Bengal,0.734,0.1141,Festival,4021.66,Leather
Handloom & Textiles,Bedsheet,439.44,9,Narsapur,Andhra Pradesh,0.645,0.1179,Normal,3559.29,Linen
Paintings & Art,Pattachitra,273.43,5,Thanjavur,Tamil Nadu,0.387,-0.1339,Normal,1923.55,Natural Pigment
Ceramics,Ceramic Jewellery,265.65,3,Jaipur,Rajasthan,0.235,0.0103,Normal,1054.3,Porcelain
Handmade Bags & Accessories,Handbag,454.91,3,Assam,Assam,0.596,0.1377,Monsoon,2780.49,Leather
Handloom & Textiles,Saree,204.55,13,Saharanpur,Uttar Pradesh,0.619,0.1686,Winter,1931.39,Jute
Leather & Traditional Craft,Wallet,848.12,5,Kutch,Gujarat,0.623,0.1169,Wedding,5867.45,Leather
Woodcraft,Box,534.13,9,Pochampally,Telangana,0.611,0.0055,Festival,2303.46,Wood
Handmade Jewellery,Terracotta Jewellery,186.34,4,Madhubani,Bihar,0.778,-0.0237,Normal,2023.34,Terracotta
Handmade Jewellery,Lac Jewellery,392.04,6,Kashmir,Jammu and Kashmir,0.803,0.0646,Normal,3105.54,Lac
Handmade Home Décor,Mirror,204.4,5,Madhubani,Bihar,0.817,0.2831,Wedding,2125.24,Metal
Pottery & Terracotta,Clay Pot,30.0,3,Srikalahasti,Andhra Pradesh,0.246,0.1746,Normal,1411.87,Clay
Embroidery & Needlecraft,Patchwork Product,477.86,2,Kashmir,Jammu and Kashmir,0.424,0.053,Wedding,2860.58,Wool
Natural / Eco-friendly Crafts,Handmade Paper Product,95.7,4,Narsapur,Andhra Pradesh,0.626,0.048,Normal,1916.57,Handmade Paper
Metal Crafts,Lamp,1271.86,3,Kolkata,West Bengal,0.561,-0.1461,Summer,6828.28,Copper
Handmade Jewellery,Wooden Jewellery,537.73,5,Moradabad,Uttar Pradesh,0.798,0.3,Festival,2942.4,Wood
Handmade Home Décor,Lamp,619.01,3,Raghurajpur,Odisha,0.741,-0.0526,Monsoon,3552.03,Wood
Handmade Home Décor,Mirror,354.56,1,Kondapalli,Andhra Pradesh,0.409,0.0108,Monsoon,2926.84,Wood
"Bamboo, Cane & Natural Fibre",Tray,252.54,4,Jaipur,Rajasthan,0.466,0.107,Monsoon,1411.46,Palm Leaf
Handmade Toys,Wooden Toy,323.92,4,Raghurajpur,Odisha,0.63,0.0461,Normal,1862.2,Wood
Pottery & Terracotta,Decorative Pot,124.71,3,Khurja,Uttar Pradesh,0.872,0.0552,Summer,1602.4,Clay
Paintings & Art,Sketch,310.19,5,Srikalahasti,Andhra Pradesh,0.593,0.1152,Monsoon,2743.39,Graphite
Leather & Traditional Craft,Decorative Leather Product,942.49,4,Moradabad,Uttar Pradesh,0.945,-0.2,Summer,5746.07,Leather
Embroidery & Needlecraft,Wall Hanging,350.09,9,Kondapalli,Andhra Pradesh,0.709,0.0269,Winter,1695.38,Wool
Metal Crafts,Lamp,1195.9,3,Bhubaneswar,Odisha,0.611,0.1314,Normal,3621.07,Copper
"Bamboo, Cane & Natural Fibre",Furniture,173.98,2,Srinagar,Jammu and Kashmir,0.821,0.0493,Festival,2634.39,Bamboo
Handmade Jewellery,Necklace,494.56,3,Srikalahasti,Andhra Pradesh,0.652,0.061,Monsoon,2643.48,Brass
Pottery & Terracotta,Sculpture,149.6,2,Thanjavur,Tamil Nadu,0.434,0.132,Wedding,1266.59,Terracotta
Woodcraft,Wooden Jewellery,549.46,5,Khurja,Uttar Pradesh,0.629,0.1094,Monsoon,4367.17,Wood
Natural / Eco-friendly Crafts,Coir Product,181.85,3,Etikoppaka,Andhra Pradesh,0.664,0.0839,Normal,2489.19,Coir
Ceramics,Plate,198.6,3,Bhubaneswar,Odisha,0.781,-0.004,Normal,1141.36,Ceramic
Handloom & Textiles,Rug,317.29,15,Saharanpur,Uttar Pradesh,0.926,0.0027,Wedding,4493.8,Wool
Embroidery & Needlecraft,Patchwork Product,658.15,3,Srikalahasti,Andhra Pradesh,0.543,-0.0077,Normal,3991.4,Wool
Embroidery & Needlecraft,Embroidered Clothing,258.38,8,Thanjavur,Tamil Nadu,0.522,0.0685,Winter,2869.43,Cotton
Leather & Traditional Craft,Belt,610.35,7,Raghurajpur,Odisha,0.348,-0.0576,Wedding,3808.88,Leather
Pottery & Terracotta,Terracotta Jewellery,30.0,1,Kondapalli,Andhra Pradesh,0.522,0.078,Normal,928.67,Terracotta
Metal Crafts,Copperware,1266.28,1,Srinagar,Jammu and Kashmir,0.637,0.0339,Summer,3561.82,Copper
Natural / Eco-friendly Crafts,Natural-fibre Basket,148.89,4,Srikalahasti,Andhra Pradesh,0.542,0.0049,Festival,2602.84,Jute
Handloom & Textiles,Bedsheet,264.68,2,Bastar,Chhattisgarh,0.869,0.1987,Normal,1660.79,Jute
Handloom & Textiles,Saree,475.43,11,Madhubani,Bihar,0.749,0.0175,Summer,3358.35,Silk
Leather & Traditional Craft,Footwear,828.32,10,Bastar,Chhattisgarh,0.796,0.1279,Normal,3546.59,Leather
Handmade Bags & Accessories,Handbag,304.14,2,Kondapalli,Andhra Pradesh,0.676,0.1341,Festival,3302.19,Leather
Woodcraft,Box,383.71,8,Kashmir,Jammu and Kashmir,0.56,-0.1366,Monsoon,2449.26,Wood
Embroidery & Needlecraft,Wall Hanging,542.54,7,Etikoppaka,Andhra Pradesh,0.675,-0.0601,Normal,2234.31,Cotton
Handmade Toys,Cloth Doll,269.63,2,Srikalahasti,Andhra Pradesh,0.838,-0.0976,Normal,2082.5,Wool
Handmade Jewellery,Metal Jewellery,1012.85,3,Kashmir,Jammu and Kashmir,0.749,0.058,Normal,4454.34,Silver
Metal Crafts,Jewellery,1349.72,9,Jaipur,Rajasthan,0.598,0.1202,Winter,4122.33,Brass
Woodcraft,Figurine,616.03,4,Madhubani,Bihar,0.76,0.0352,Normal,2739.84,Wood
Handmade Toys,Puppet,273.46,4,Srinagar,Jammu and Kashmir,0.558,0.005,Festival,1491.68,Leather
Natural / Eco-friendly Crafts,Natural-fibre Basket,154.52,3,Khurja,Uttar Pradesh,0.511,0.1184,Normal,2108.22,Jute
Pottery & Terracotta,Clay Pot,129.82,2,Jaipur,Rajasthan,0.657,0.0581,Monsoon,1321.43,Clay
Handmade Home Décor,Showpiece,315.48,1,Bhubaneswar,Odisha,0.393,0.0807,Festival,1289.34,Ceramic
Handloom & Textiles,Towel,422.01,9,Narsapur,Andhra Pradesh,0.638,0.1384,Winter,2926.95,Cotton
Embroidery & Needlecraft,Table Runner,544.93,9,Jaipur,Rajasthan,0.764,-0.0385,Monsoon,3246.25,Cotton
Handmade Bags & Accessories,Accessories,192.21,1,Kolkata,West Bengal,0.537,-0.0145,Normal,1880.62,Cotton
Handmade Bags & Accessories,Handbag,286.13,3,Assam,Assam,0.712,0.0851,Winter,2714.81,Leather
Handmade Bags & Accessories,Tote Bag,215.41,4,Srinagar,Jammu and Kashmir,0.469,-0.0213,Normal,1277.75,Jute
Handmade Home Décor,Sculpture,165.86,5,Channapatna,Karnataka,0.586,0.1947,Festival,3013.43,Metal
Woodcraft,Figurine,390.69,5,Kondapalli,Andhra Pradesh,0.549,0.0718,Winter,4742.1,Wood
Handmade Toys,Puppet,98.1,3,Raghurajpur,Odisha,0.472,0.1812,Normal,864.67,Cotton
"Bamboo, Cane & Natural Fibre",Furniture,147.7,5,Khurja,Uttar Pradesh,0.861,0.1133,Festival,2050.3,Cane
Embroidery & Needlecraft,Patchwork Product,714.65,5,Srikalahasti,Andhra Pradesh,0.505,0.0056,Summer,2184.64,Wool
Pottery & Terracotta,Planter,104.06,3,Pochampally,Telangana,0.793,-0.0078,Normal,1882.69,Clay
Woodcraft,Wooden Jewellery,514.61,5,Narsapur,Andhra Pradesh,0.706,0.0839,Winter,3357.81,Wood
"Bamboo, Cane & Natural Fibre",Decorative Item,61.96,1,Khurja,Uttar Pradesh,0.252,0.0147,Festival,1440.91,Bamboo
Ceramics,Vase,221.13,2,Bhubaneswar,Odisha,0.405,0.0838,Normal,1257.63,Ceramic
Handmade Bags & Accessories,Tote Bag,47.3,2,Khurja,Uttar Pradesh,0.725,0.0134,Normal,2063.96,Jute
Woodcraft,Kitchenware,422.36,13,Madhubani,Bihar,0.433,0.1778,Festival,4345.04,Wood
Leather & Traditional Craft,Leather Bag,804.7,3,Kondapalli,Andhra Pradesh,0.806,0.0048,Summer,2836.54,Leather
Handmade Jewellery,Lac Jewellery,451.38,3,Thanjavur,Tamil Nadu,0.519,0.0232,Normal,1654.92,Lac
Pottery & Terracotta,Planter,130.17,3,Madhubani,Bihar,0.563,0.001,Normal,1485.32,Terracotta
Handmade Toys,Educational Toy,229.77,4,Etikoppaka,Andhra Pradesh,0.682,-0.0546,Wedding,1385.66,Wood
Paintings & Art,Miniature Painting,328.08,4,Raghurajpur,Odisha,0.681,0.0706,Normal,2144.31,Handmade Paper
"Bamboo, Cane & Natural Fibre",Basket,30.0,3,Channapatna,Karnataka,0.761,0.0038,Normal,1149.58,Palm Leaf
Handmade Bags & Accessories,Handmade Belt,118.23,6,Srikalahasti,Andhra Pradesh,0.663,-0.0628,Normal,2992.13,Jute
Handloom & Textiles,Saree,280.98,8,Saharanpur,Uttar Pradesh,0.674,0.0449,Normal,1783.83,Jute
Handmade Toys,Cloth Doll,385.5,4,Moradabad,Uttar Pradesh,0.536,-0.0679,Normal,1562.26,Wool
Handmade Toys,Wooden Toy,303.86,2,Kutch,Gujarat,0.327,0.1269,Normal,2228.39,Wood
Embroidery & Needlecraft,Embroidered Clothing,831.85,11,Srinagar,Jammu and Kashmir,0.649,-0.0907,Summer,4479.32,Silk
Natural / Eco-friendly Crafts,Natural-fibre Basket,81.49,3,Narsapur,Andhra Pradesh,0.536,-0.1245,Summer,1675.76,Palm Leaf
Embroidery & Needlecraft,Embroidered Clothing,479.61,6,Srinagar,Jammu and Kashmir,0.464,-0.0577,Festival,3287.52,Cotton
Handmade Home Décor,Dreamcatcher,61.17,6,Pochampally,Telangana,0.401,0.1006,Normal,1884.86,Jute
Handmade Home Décor,Decorative Box,379.19,2,Narsapur,Andhra Pradesh,0.321,0.0625,Normal,2590.47,Wood
Handloom & Textiles,Durrie,392.53,2,Kutch,Gujarat,0.532,0.078,Normal,2392.74,Jute
Paintings & Art,Miniature Painting,408.03,6,Jaipur,Rajasthan,0.802,-0.0528,Monsoon,3325.72,Handmade Paper
Paintings & Art,Kalamkari,278.31,3,Bhubaneswar,Odisha,0.505,-0.045,Festival,2274.11,Cotton
Handloom & Textiles,Rug,369.49,11,Jaipur,Rajasthan,0.715,-0.015,Winter,3060.21,Jute
Handmade Home Décor,Candle,429.55,4,Khurja,Uttar Pradesh,0.761,-0.0228,Festival,2702.72,Beeswax
Natural / Eco-friendly Crafts,Natural-fibre Basket,48.25,5,Etikoppaka,Andhra Pradesh,0.484,-0.0145,Normal,1289.31,Palm Leaf
Handmade Jewellery,Handmade Earrings,630.94,3,Channapatna,Karnataka,0.823,0.0543,Normal,2604.05,Brass
Natural / Eco-friendly Crafts,Coir Product,115.88,3,Jaipur,Rajasthan,0.56,-0.0399,Festival,1477.67,Coir
"Bamboo, Cane & Natural Fibre",Basket,125.41,2,Bastar,Chhattisgarh,0.829,-0.0801,Normal,1122.53,Jute
Woodcraft,Box,643.92,5,Kashmir,Jammu and Kashmir,0.655,0.0363,Winter,3478.96,Wood
"Bamboo, Cane & Natural Fibre",Bag,30.0,3,Bastar,Chhattisgarh,0.392,0.2293,Winter,719.92,Jute
Handmade Toys,Handmade Game,220.5,2,Srinagar,Jammu and Kashmir,0.672,-0.108,Normal,1174.66,Wood
Metal Crafts,Jewellery,1064.99,6,Srinagar,Jammu and Kashmir,0.648,-0.03,Summer,6214.46,Brass
Metal Crafts,Bell-metal Product,1137.87,6,Moradabad,Uttar Pradesh,0.698,-0.1143,Normal,4946.29,Bell Metal
Embroidery & Needlecraft,Quilt,630.79,12,Srikalahasti,Andhra Pradesh,0.36,0.1052,Festival,4064.7,Wool
Ceramics,Vase,311.42,2,Bastar,Chhattisgarh,0.336,-0.1119,Wedding,1106.6,Stoneware
Natural / Eco-friendly Crafts,Palm-leaf Product,98.04,2,Madhubani,Bihar,0.435,0.0533,Normal,2012.97,Palm Leaf
Woodcraft,Tray,750.3,8,Bastar,Chhattisgarh,0.698,0.2,Winter,6058.07,Wood
Leather & Traditional Craft,Footwear,683.8,3,Bhubaneswar,Odisha,0.233,0.0921,Normal,1867.22,Leather
Embroidery & Needlecraft,Wall Hanging,251.54,7,Raghurajpur,Odisha,0.527,-0.0626,Wedding,2007.73,Cotton
Handmade Home Décor,Mirror,448.15,4,Jaipur,Rajasthan,0.69,-0.0011,Festival,3288.18,Wood
Handmade Home Décor,Decorative Box,489.28,5,Bastar,Chhattisgarh,0.487,0.0084,Normal,1574.36,Wood
Embroidery & Needlecraft,Quilt,347.61,6,Thanjavur,Tamil Nadu,0.36,0.0432,Winter,1834.25,Wool
Embroidery & Needlecraft,Embroidered Clothing,172.53,4,Saharanpur,Uttar Pradesh,0.633,-0.0602,Summer,2905.17,Cotton
"Bamboo, Cane & Natural Fibre",Household Product,299.9,4,Saharanpur,Uttar Pradesh,0.4,-0.0647,Monsoon,1272.39,Cane
Handmade Home Décor,Candle,163.9,4,Moradabad,Uttar Pradesh,0.822,-0.0128,Summer,2569.83,Soy Wax
Handloom & Textiles,Scarf,458.0,5,Jaipur,Rajasthan,0.512,0.0219,Normal,2339.59,Cotton
Ceramics,Tableware,126.27,1,Kashmir,Jammu and Kashmir,0.447,-0.0632,Normal,952.65,Stoneware
Handmade Jewellery,Handmade Earrings,652.3,1,Thanjavur,Tamil Nadu,0.677,-0.0327,Festival,4501.4,Lac
Metal Crafts,Utensil,973.02,5,Assam,Assam,0.756,0.0812,Wedding,7453.7,Copper
Paintings & Art,Sketch,216.22,1,Narsapur,Andhra Pradesh,0.581,-0.1808,Summer,2543.15,Charcoal
Paintings & Art,Handmade Wall Art,334.18,3,Bhubaneswar,Odisha,0.85,0.0265,Monsoon,2416.91,Canvas
Woodcraft,Tray,446.23,15,Channapatna,Karnataka,0.677,0.1417,Monsoon,4446.12,Wood
Woodcraft,Box,482.62,7,Bhubaneswar,Odisha,0.683,0.0578,Winter,3634.69,Wood
"Bamboo, Cane & Natural Fibre",Lampshade,30.0,3,Kondapalli,Andhra Pradesh,0.737,0.0613,Summer,1011.04,Bamboo
Handmade Jewellery,Handmade Earrings,223.67,2,Bhubaneswar,Odisha,0.7,0.1446,Monsoon,2495.29,Beads
Ceramics,Decorative Piece,132.85,1,Narsapur,Andhra Pradesh,0.775,0.0998,Monsoon,1340.51,Stoneware
Handmade Bags & Accessories,Pouch,138.41,3,Etikoppaka,Andhra Pradesh,0.341,0.0848,Summer,1659.66,Jute
Metal Crafts,Utensil,1012.39,11,Bastar,Chhattisgarh,0.663,0.0045,Normal,4499.86,Copper
Handmade Toys,Educational Toy,101.96,3,Pochampally,Telangana,0.501,0.0582,Normal,1871.7,Wood
Embroidery & Needlecraft,Patchwork Product,469.01,5,Madhubani,Bihar,0.55,0.0432,Summer,1382.07,Cotton
Handmade Jewellery,Handmade Earrings,274.71,3,Raghurajpur,Odisha,0.586,-0.0234,Wedding,1904.47,Beads
Ceramics,Vase,272.49,2,Bastar,Chhattisgarh,0.707,0.1853,Summer,1850.12,Stoneware
Natural / Eco-friendly Crafts,Eco-friendly Packaging,50.69,3,Kutch,Gujarat,0.575,0.1417,Normal,1720.39,Palm Leaf
Natural / Eco-friendly Crafts,Palm-leaf Product,67.66,1,Thanjavur,Tamil Nadu,0.698,0.1132,Festival,1642.07,Palm Leaf
Handmade Bags & Accessories,Scarf,345.39,4,Srinagar,Jammu and Kashmir,0.458,0.2355,Festival,3165.1,Cotton
Handmade Home Décor,Wall Hanging,328.43,3,Bastar,Chhattisgarh,0.642,0.1526,Winter,2496.93,Cotton
Pottery & Terracotta,Kitchenware,177.9,3,Raghurajpur,Odisha,0.517,0.1186,Winter,970.73,Clay
Pottery & Terracotta,Diya,86.76,4,Narsapur,Andhra Pradesh,0.634,0.0347,Normal,1567.44,Terracotta
Metal Crafts,Bell-metal Product,1297.77,6,Channapatna,Karnataka,0.695,0.0026,Festival,8581.39,Bell Metal
Handloom & Textiles,Saree,607.44,12,Jaipur,Rajasthan,0.445,0.0487,Normal,3294.96,Wool
Ceramics,Plate,30.0,3,Kutch,Gujarat,0.533,0.0403,Normal,2032.1,Ceramic
Handmade Toys,Educational Toy,188.4,4,Saharanpur,Uttar Pradesh,0.776,0.0529,Normal,1525.39,Wood
Handmade Bags & Accessories,Scarf,297.88,5,Kashmir,Jammu and Kashmir,0.772,-0.0301,Normal,2183.06,Cotton
Handmade Toys,Stuffed Toy,136.72,1,Srikalahasti,Andhra Pradesh,0.767,-0.0887,Monsoon,2085.53,Cotton
Natural / Eco-friendly Crafts,Coir Product,150.12,2,Pochampally,Telangana,0.679,-0.0091,Normal,1823.87,Coir
Embroidery & Needlecraft,Cushion Cover,139.46,6,Channapatna,Karnataka,0.587,0.006,Festival,1468.41,Cotton
Paintings & Art,Phad Painting,175.37,9,Saharanpur,Uttar Pradesh,0.411,0.1939,Normal,2333.15,Cotton
Ceramics,Cup,192.06,3,Assam,Assam,0.559,0.0892,Monsoon,2327.01,Stoneware
Metal Crafts,Lamp,1259.0,6,Bhubaneswar,Odisha,0.702,0.1239,Summer,4629.08,Copper
Embroidery & Needlecraft,Patchwork Product,436.37,7,Jaipur,Rajasthan,0.71,0.0868,Festival,4282.85,Linen
Pottery & Terracotta,Vase,102.54,2,Raghurajpur,Odisha,0.612,0.1118,Normal,1212.57,Terracotta
Handmade Home Décor,Table Décor,278.83,2,Kolkata,West Bengal,0.774,0.1041,Normal,1697.21,Wood
Woodcraft,Kitchenware,802.96,5,Jaipur,Rajasthan,0.719,0.0455,Normal,3786.73,Wood
Woodcraft,Kitchenware,384.7,7,Moradabad,Uttar Pradesh,0.795,0.2429,Festival,4708.75,Wood
Handmade Bags & Accessories,Basket,416.52,2,Kondapalli,Andhra Pradesh,0.481,0.1046,Wedding,2588.64,Cane
Handmade Jewellery,Handmade Earrings,545.09,4,Assam,Assam,0.56,0.1001,Normal,2486.97,Terracotta
Woodcraft,Wooden Toy,229.3,5,Srinagar,Jammu and Kashmir,0.303,0.0191,Festival,1683.24,Wood
Metal Crafts,Utensil,1078.18,2,Moradabad,Uttar Pradesh,0.623,0.2099,Summer,5347.88,Bell Metal
Handmade Toys,Handmade Game,195.1,2,Kolkata,West Bengal,0.778,-0.0202,Normal,1998.5,Wood
Embroidery & Needlecraft,Quilt,605.03,7,Kondapalli,Andhra Pradesh,0.678,0.1707,Wedding,2962.1,Wool
Pottery & Terracotta,Vase,122.19,3,Narsapur,Andhra Pradesh,0.528,-0.0378,Normal,1244.52,Clay
Embroidery & Needlecraft,Wall Hanging,454.78,9,Raghurajpur,Odisha,0.669,-0.0001,Normal,3970.46,Wool
Leather & Traditional Craft,Leather Bag,792.87,5,Pochampally,Telangana,0.933,0.0554,Festival,5187.35,Leather
Pottery & Terracotta,Terracotta Jewellery,109.98,2,Kutch,Gujarat,0.465,0.0278,Winter,888.57,Terracotta
Handmade Home Décor,Sculpture,185.8,4,Saharanpur,Uttar Pradesh,0.171,0.1906,Winter,1861.67,Wood
Metal Crafts,Brassware,1524.27,7,Kolkata,West Bengal,0.372,0.1201,Festival,7357.94,Brass
Paintings & Art,Madhubani Painting,412.38,5,Raghurajpur,Odisha,0.791,0.0271,Normal,2774.82,Watercolour
Metal Crafts,Copperware,757.3,4,Thanjavur,Tamil Nadu,0.543,-0.0012,Normal,3809.5,Copper
Ceramics,Mug,301.09,2,Thanjavur,Tamil Nadu,0.84,0.1235,Normal,1710.38,Ceramic
Handmade Jewellery,Bangles,166.35,3,Madhubani,Bihar,0.365,0.0764,Festival,3122.0,Glass
Embroidery & Needlecraft,Embroidered Bag,843.02,2,Kashmir,Jammu and Kashmir,0.476,0.2024,Normal,2515.57,Silk
Handmade Home Décor,Candle,156.82,4,Kashmir,Jammu and Kashmir,0.521,-0.0156,Normal,2703.43,Soy Wax
Ceramics,Decorative Piece,134.92,4,Narsapur,Andhra Pradesh,0.549,0.0688,Monsoon,1326.56,Ceramic
Metal Crafts,Lamp,1276.24,10,Kolkata,West Bengal,0.349,0.0362,Normal,5079.58,Brass
Woodcraft,Wooden Jewellery,504.61,10,Kolkata,West Bengal,0.45,0.0572,Normal,2788.75,Wood
Embroidery & Needlecraft,Embroidered Bag,432.2,8,Kolkata,West Bengal,0.598,-0.1378,Summer,3877.66,Silk
Handmade Home Décor,Table Décor,332.26,5,Kondapalli,Andhra Pradesh,0.364,0.187,Summer,2422.35,Wood
Handmade Toys,Stuffed Toy,66.18,5,Saharanpur,Uttar Pradesh,0.472,0.0927,Normal,972.92,Jute
Leather & Traditional Craft,Leather Bag,830.35,5,Pochampally,Telangana,0.476,0.2582,Winter,4977.13,Leather
Natural / Eco-friendly Crafts,Palm-leaf Product,30.0,3,Narsapur,Andhra Pradesh,0.381,0.0485,Monsoon,1227.51,Palm Leaf
Handmade Toys,Stuffed Toy,270.76,3,Khurja,Uttar Pradesh,0.793,0.2022,Festival,2536.29,Wool
Paintings & Art,Madhubani Painting,278.55,4,Kutch,Gujarat,0.834,-0.0183,Normal,1962.62,Acrylic
Handmade Bags & Accessories,Clutch,318.85,3,Moradabad,Uttar Pradesh,0.617,0.1403,Summer,1618.43,Cotton
Embroidery & Needlecraft,Embroidered Bag,567.16,6,Kolkata,West Bengal,0.786,-0.1331,Festival,3225.06,Silk
Handmade Toys,Puppet,128.04,4,Moradabad,Uttar Pradesh,0.604,0.1281,Winter,1728.77,Cotton
Metal Crafts,Brassware,1025.92,8,Channapatna,Karnataka,0.424,0.0325,Festival,6797.66,Brass
"Bamboo, Cane & Natural Fibre",Mat,188.87,4,Channapatna,Karnataka,0.59,0.0611,Normal,1662.82,Cane
Pottery & Terracotta,Diya,45.05,2,Raghurajpur,Odisha,0.372,-0.0361,Normal,846.38,Terracotta
Paintings & Art,Miniature Painting,149.48,5,Thanjavur,Tamil Nadu,0.726,0.1167,Winter,1707.62,Natural Pigment
Pottery & Terracotta,Sculpture,65.74,2,Channapatna,Karnataka,0.538,0.1602,Summer,1519.55,Clay
"Bamboo, Cane & Natural Fibre",Bottle/Container,366.95,5,Pochampally,Telangana,0.88,-0.1283,Normal,1973.4,Cane
Handmade Bags & Accessories,Handmade Belt,351.41,3,Etikoppaka,Andhra Pradesh,0.596,0.1451,Wedding,3094.28,Jute
Embroidery & Needlecraft,Quilt,490.19,8,Assam,Assam,0.649,0.2021,Monsoon,2617.33,Cotton
Natural / Eco-friendly Crafts,Natural-fibre Basket,132.84,1,Pochampally,Telangana,0.346,0.0994,Normal,1787.79,Jute
Handloom & Textiles,Handwoven Bag,231.18,14,Channapatna,Karnataka,0.663,0.0437,Normal,3406.1,Jute
Embroidery & Needlecraft,Quilt,471.76,10,Etikoppaka,Andhra Pradesh,0.564,0.0316,Normal,3128.78,Wool
Woodcraft,Wooden Toy,306.64,11,Khurja,Uttar Pradesh,0.711,0.1478,Normal,4912.4,Wood
Pottery & Terracotta,Sculpture,101.37,2,Kashmir,Jammu and Kashmir,0.34,-0.0237,Normal,1483.17,Clay
Embroidery & Needlecraft,Table Runner,372.43,8,Kondapalli,Andhra Pradesh,0.499,-0.0101,Normal,1854.13,Cotton
"Bamboo, Cane & Natural Fibre",Basket,249.66,2,Khurja,Uttar Pradesh,0.898,0.0425,Festival,2241.22,Palm Leaf
Handloom & Textiles,Fabric,611.94,14,Thanjavur,Tamil Nadu,0.783,0.1267,Festival,3185.44,Silk
Ceramics,Vase,119.88,4,Kashmir,Jammu and Kashmir,0.576,0.051,Normal,1471.43,Stoneware
"Bamboo, Cane & Natural Fibre",Storage Box,279.52,2,Khurja,Uttar Pradesh,0.354,-0.0419,Normal,1850.23,Bamboo
Handmade Home Décor,Dreamcatcher,299.22,5,Srinagar,Jammu and Kashmir,0.551,0.0681,Monsoon,2712.3,Bamboo
Handloom & Textiles,Rug,628.55,3,Assam,Assam,0.538,0.0528,Normal,1767.59,Wool
Leather & Traditional Craft,Decorative Leather Product,765.97,6,Kutch,Gujarat,0.845,0.0436,Normal,5322.57,Leather
Leather & Traditional Craft,Traditional Leather Craft,900.84,3,Kutch,Gujarat,0.629,-0.0546,Normal,3920.86,Leather
Pottery & Terracotta,Clay Lamp,91.95,3,Srinagar,Jammu and Kashmir,0.398,0.0139,Festival,1417.9,Terracotta
Ceramics,Home Décor,264.66,3,Narsapur,Andhra Pradesh,0.281,0.1147,Normal,1426.48,Porcelain
Paintings & Art,Handmade Wall Art,116.83,2,Narsapur,Andhra Pradesh,0.838,0.1337,Normal,2938.66,Wood
Paintings & Art,Handmade Wall Art,198.37,4,Bastar,Chhattisgarh,0.727,0.0504,Normal,1499.61,Handmade Paper
Metal Crafts,Lamp,1278.26,8,Kutch,Gujarat,0.351,0.0422,Wedding,7050.03,Copper
Paintings & Art,Miniature Painting,250.85,11,Madhubani,Bihar,0.577,0.1164,Normal,3500.68,Natural Pigment
Handmade Home Décor,Sculpture,168.71,3,Moradabad,Uttar Pradesh,0.257,-0.0589,Festival,2657.42,Wood
Handmade Jewellery,Necklace,1102.79,3,Kolkata,West Bengal,0.282,0.0589,Normal,2917.91,Silver
Woodcraft,Decorative Panel,507.68,8,Kutch,Gujarat,0.834,0.0541,Wedding,5378.08,Wood
Embroidery & Needlecraft,Wall Hanging,353.31,6,Channapatna,Karnataka,0.478,-0.0147,Winter,2414.04,Cotton
Leather & Traditional Craft,Footwear,948.14,3,Bastar,Chhattisgarh,0.548,-0.0603,Monsoon,2597.56,Leather
Embroidery & Needlecraft,Patchwork Product,360.26,10,Thanjavur,Tamil Nadu,0.47,0.0268,Normal,3063.12,Cotton
Pottery & Terracotta,Clay Pot,43.08,2,Srinagar,Jammu and Kashmir,0.619,0.062,Normal,1158.31,Clay
Pottery & Terracotta,Decorative Pot,30.0,2,Kashmir,Jammu and Kashmir,0.682,0.2255,Monsoon,1118.12,Clay
Paintings & Art,Gond Art,268.78,9,Kashmir,Jammu and Kashmir,0.668,-0.0193,Normal,2370.0,Watercolour
Metal Crafts,Bell-metal Product,1511.13,3,Srikalahasti,Andhra Pradesh,0.403,0.1564,Festival,4337.27,Bell Metal
Handmade Home Décor,Mirror,281.53,4,Thanjavur,Tamil Nadu,0.895,-0.0367,Wedding,3923.83,Metal
Handmade Toys,Traditional Toy,287.88,2,Kondapalli,Andhra Pradesh,0.589,-0.0573,Summer,2377.04,Wood
Handmade Jewellery,Handmade Earrings,690.44,6,Bastar,Chhattisgarh,0.472,0.0792,Normal,3323.18,Brass
Woodcraft,Figurine,548.81,14,Kashmir,Jammu and Kashmir,0.683,0.1989,Normal,3613.0,Wood
Embroidery & Needlecraft,Quilt,520.89,4,Jaipur,Rajasthan,0.806,-0.2,Normal,3234.82,Cotton
Handmade Home Décor,Candle,570.83,4,Kondapalli,Andhra Pradesh,0.889,0.1895,Summer,2431.09,Beeswax
Handmade Home Décor,Wall Hanging,347.49,5,Jaipur,Rajasthan,0.701,-0.0415,Monsoon,3291.22,Cotton
Handmade Toys,Cloth Doll,120.24,2,Srikalahasti,Andhra Pradesh,0.383,0.0222,Normal,1720.9,Cotton
Embroidery & Needlecraft,Table Runner,545.47,6,Kondapalli,Andhra Pradesh,0.326,0.0491,Normal,2345.42,Cotton
Handmade Bags & Accessories,Handmade Belt,156.87,2,Saharanpur,Uttar Pradesh,0.689,0.1041,Festival,2925.21,Jute
Handmade Toys,Puppet,331.33,4,Bhubaneswar,Odisha,0.92,0.1691,Summer,2064.96,Leather
Handmade Toys,Handmade Game,56.52,5,Narsapur,Andhra Pradesh,0.826,-0.0627,Festival,1566.35,Cloth
Natural / Eco-friendly Crafts,Palm-leaf Product,79.03,5,Kondapalli,Andhra Pradesh,0.694,0.1221,Wedding,2091.96,Palm Leaf
Natural / Eco-friendly Crafts,Handmade Paper Product,168.79,4,Jaipur,Rajasthan,0.272,0.0706,Normal,1871.8,Handmade Paper
Embroidery & Needlecraft,Table Runner,362.69,2,Kashmir,Jammu and Kashmir,0.678,-0.0452,Monsoon,2437.04,Linen
Embroidery & Needlecraft,Embroidered Clothing,621.7,6,Jaipur,Rajasthan,0.48,-0.0932,Festival,2553.41,Linen
Handmade Jewellery,Handmade Earrings,110.02,5,Etikoppaka,Andhra Pradesh,0.24,-0.0652,Normal,2702.45,Terracotta
"Bamboo, Cane & Natural Fibre",Lampshade,278.56,4,Channapatna,Karnataka,0.52,0.0163,Winter,2435.77,Cane
"Bamboo, Cane & Natural Fibre",Storage Box,252.78,1,Thanjavur,Tamil Nadu,0.573,0.272,Summer,2329.82,Cane
Handmade Bags & Accessories,Clutch,433.81,3,Bhubaneswar,Odisha,0.754,0.2068,Normal,2164.05,Leather
Handmade Bags & Accessories,Tote Bag,266.27,5,Srinagar,Jammu and Kashmir,0.743,0.1593,Festival,3563.76,Cotton
Handmade Toys,Handmade Game,317.22,3,Srinagar,Jammu and Kashmir,0.679,0.0244,Festival,2281.32,Wood
Natural / Eco-friendly Crafts,Handmade Paper Product,241.17,3,Khurja,Uttar Pradesh,0.603,0.1172,Normal,1643.45,Handmade Paper
Handloom & Textiles,Dress Material,492.42,9,Kutch,Gujarat,0.695,0.1723,Normal,3281.52,Linen
Metal Crafts,Decorative Item,1377.89,5,Kondapalli,Andhra Pradesh,0.407,0.2835,Normal,5969.34,Copper
Handmade Toys,Stuffed Toy,164.78,1,Raghurajpur,Odisha,0.555,0.0014,Normal,1395.45,Cotton
Paintings & Art,Pattachitra,274.92,7,Srinagar,Jammu and Kashmir,0.748,0.0236,Normal,1523.32,Cloth
Ceramics,Bowl,196.91,2,Bhubaneswar,Odisha,0.447,0.1094,Winter,1406.85,Ceramic
Woodcraft,Sculpture,391.63,8,Kolkata,West Bengal,0.842,-0.0531,Monsoon,3175.3,Wood
Ceramics,Mug,319.57,4,Kolkata,West Bengal,0.809,0.1395,Normal,2453.36,Stoneware
Handmade Bags & Accessories,Basket,30.0,4,Madhubani,Bihar,0.538,0.2025,Normal,1473.75,Cane
Paintings & Art,Pattachitra,423.25,8,Kashmir,Jammu and Kashmir,0.639,0.2058,Monsoon,2318.08,Handmade Paper
Natural / Eco-friendly Crafts,Jute Product,169.42,4,Channapatna,Karnataka,0.559,0.1173,Festival,1216.5,Jute
Handmade Toys,Handmade Game,30.0,3,Assam,Assam,0.713,-0.0003,Summer,1280.05,Paper
Ceramics,Mug,180.48,3,Kondapalli,Andhra Pradesh,0.794,0.0893,Festival,2332.22,Ceramic
Paintings & Art,Kalamkari,407.25,7,Moradabad,Uttar Pradesh,0.355,-0.0656,Normal,1630.9,Silk
Ceramics,Plate,265.73,2,Madhubani,Bihar,0.886,0.239,Winter,2223.98,Stoneware
Woodcraft,Decorative Panel,398.01,11,Saharanpur,Uttar Pradesh,0.64,0.0808,Festival,3796.41,Wood
Embroidery & Needlecraft,Wall Hanging,449.49,3,Raghurajpur,Odisha,0.714,0.076,Normal,2593.63,Cotton
Leather & Traditional Craft,Traditional Leather Craft,884.37,2,Thanjavur,Tamil Nadu,0.677,0.0339,Normal,4724.26,Leather
Pottery & Terracotta,Clay Lamp,93.11,3,Pochampally,Telangana,0.79,0.1258,Normal,2120.19,Terracotta
Embroidery & Needlecraft,Table Runner,374.74,5,Raghurajpur,Odisha,0.738,0.2499,Winter,3290.24,Linen
Handmade Bags & Accessories,Clutch,240.91,4,Khurja,Uttar Pradesh,0.588,0.0242,Winter,1855.33,Jute
Handmade Home Décor,Mirror,160.12,5,Assam,Assam,0.732,0.0395,Festival,1690.61,Wood
Natural / Eco-friendly Crafts,Handmade Paper Product,187.36,1,Narsapur,Andhra Pradesh,0.613,0.0357,Festival,1304.94,Handmade Paper
Metal Crafts,Bell-metal Product,1132.99,4,Kutch,Gujarat,0.448,0.0309,Festival,6106.35,Bell Metal
Handmade Bags & Accessories,Backpack,203.87,5,Srinagar,Jammu and Kashmir,0.757,0.0097,Normal,2545.83,Canvas
Handmade Jewellery,Beaded Jewellery,412.44,5,Madhubani,Bihar,0.631,0.0499,Wedding,3183.9,Wood
Pottery & Terracotta,Kitchenware,78.39,3,Moradabad,Uttar Pradesh,0.714,0.0967,Normal,1628.07,Clay
Handloom & Textiles,Dress Material,984.76,12,Narsapur,Andhra Pradesh,0.531,0.1104,Normal,4370.33,Silk
Handmade Toys,Handmade Game,200.8,4,Assam,Assam,0.624,0.0329,Normal,1636.74,Paper
Leather & Traditional Craft,Leather Bag,753.7,5,Srikalahasti,Andhra Pradesh,0.41,-0.0872,Normal,3650.79,Leather
"Bamboo, Cane & Natural Fibre",Lampshade,217.94,3,Kolkata,West Bengal,0.894,-0.074,Wedding,1889.36,Bamboo
Ceramics,Tableware,155.53,3,Etikoppaka,Andhra Pradesh,0.652,0.0049,Festival,2025.67,Stoneware
Handloom & Textiles,Scarf,439.47,10,Khurja,Uttar Pradesh,0.751,0.024,Normal,3216.95,Linen
Paintings & Art,Sketch,205.84,7,Srinagar,Jammu and Kashmir,0.827,0.0772,Summer,2518.93,Charcoal
Handmade Home Décor,Sculpture,30.0,3,Jaipur,Rajasthan,0.816,0.1649,Wedding,3544.17,Clay
Natural / Eco-friendly Crafts,Palm-leaf Product,115.74,2,Kondapalli,Andhra Pradesh,0.554,0.1253,Festival,1533.34,Palm Leaf
Metal Crafts,Utensil,681.74,7,Moradabad,Uttar Pradesh,0.491,0.0539,Festival,4017.93,Brass
Metal Crafts,Utensil,880.48,5,Bastar,Chhattisgarh,0.745,0.0779,Summer,4991.92,Brass
Natural / Eco-friendly Crafts,Coir Product,120.24,3,Khurja,Uttar Pradesh,0.41,0.0363,Festival,1831.59,Coir
Ceramics,Decorative Piece,349.19,3,Assam,Assam,0.644,-0.0126,Winter,1500.3,Stoneware
"Bamboo, Cane & Natural Fibre",Lampshade,179.75,2,Srinagar,Jammu and Kashmir,0.669,0.071,Normal,1792.68,Jute
Ceramics,Cup,138.84,1,Kashmir,Jammu and Kashmir,0.788,0.2156,Normal,1495.44,Stoneware
"Bamboo, Cane & Natural Fibre",Bag,221.17,4,Raghurajpur,Odisha,0.736,-0.0447,Winter,1680.33,Bamboo
"Bamboo, Cane & Natural Fibre",Household Product,364.77,3,Bastar,Chhattisgarh,0.407,0.0323,Festival,2825.03,Jute
Handmade Home Décor,Showpiece,288.66,7,Assam,Assam,0.592,0.1937,Wedding,4752.63,Metal
Woodcraft,Figurine,402.04,3,Thanjavur,Tamil Nadu,0.548,0.0282,Normal,1633.98,Wood
Handmade Toys,Stuffed Toy,322.01,2,Raghurajpur,Odisha,0.705,0.0321,Normal,1948.93,Wool
Handmade Jewellery,Metal Jewellery,986.7,5,Saharanpur,Uttar Pradesh,0.638,-0.0803,Normal,3900.37,Silver
Ceramics,Ceramic Jewellery,194.15,2,Assam,Assam,0.643,0.0168,Normal,1597.83,Ceramic
Paintings & Art,Pattachitra,491.29,4,Raghurajpur,Odisha,0.314,0.0544,Normal,3048.51,Natural Pigment
Ceramics,Ceramic Jewellery,128.06,1,Thanjavur,Tamil Nadu,0.749,0.0416,Normal,1868.79,Ceramic
"Bamboo, Cane & Natural Fibre",Basket,302.82,3,Kashmir,Jammu and Kashmir,0.365,0.0553,Festival,2009.18,Bamboo
Ceramics,Tableware,80.95,3,Kondapalli,Andhra Pradesh,0.452,-0.0946,Festival,1627.04,Stoneware
Handmade Home Décor,Dreamcatcher,106.27,7,Srikalahasti,Andhra Pradesh,0.381,0.0167,Normal,1698.1,Jute
Handmade Bags & Accessories,Clutch,445.76,2,Jaipur,Rajasthan,0.357,0.0463,Wedding,3609.37,Leather
Pottery & Terracotta,Clay Lamp,64.81,2,Srikalahasti,Andhra Pradesh,0.72,0.1265,Monsoon,994.17,Clay
Embroidery & Needlecraft,Cushion Cover,503.88,5,Kashmir,Jammu and Kashmir,0.544,0.1492,Festival,3358.02,Silk
Natural / Eco-friendly Crafts,Eco-friendly Packaging,162.9,1,Pochampally,Telangana,0.268,-0.0504,Normal,1630.26,Jute
Handloom & Textiles,Dupatta,318.78,7,Raghurajpur,Odisha,0.366,0.0021,Wedding,1946.45,Cotton
Pottery & Terracotta,Kitchenware,80.92,1,Kutch,Gujarat,0.615,-0.0466,Normal,1682.53,Clay
Handloom & Textiles,Carpet,480.95,5,Raghurajpur,Odisha,0.272,0.0589,Wedding,3273.2,Wool
Handmade Bags & Accessories,Tote Bag,395.3,2,Khurja,Uttar Pradesh,0.69,-0.0178,Festival,2057.54,Cotton
Pottery & Terracotta,Clay Lamp,142.71,1,Srikalahasti,Andhra Pradesh,0.917,-0.0025,Festival,1458.43,Clay
Woodcraft,Decorative Panel,672.33,7,Raghurajpur,Odisha,0.557,0.2168,Winter,2816.85,Wood
Natural / Eco-friendly Crafts,Palm-leaf Product,98.45,2,Kutch,Gujarat,0.888,0.1012,Wedding,2424.85,Palm Leaf
Embroidery & Needlecraft,Table Runner,408.65,5,Thanjavur,Tamil Nadu,0.506,-0.1465,Monsoon,3408.86,Cotton
"Bamboo, Cane & Natural Fibre",Basket,216.0,4,Madhubani,Bihar,0.611,0.0869,Normal,2013.37,Cane
Handmade Home Décor,Lamp,328.11,2,Assam,Assam,0.685,-0.0376,Normal,2193.02,Bamboo
"Bamboo, Cane & Natural Fibre",Furniture,182.26,5,Saharanpur,Uttar Pradesh,0.799,0.0137,Festival,2664.49,Bamboo
Paintings & Art,Warli Painting,219.89,6,Thanjavur,Tamil Nadu,0.69,0.1524,Festival,2344.52,Acrylic
Pottery & Terracotta,Decorative Pot,162.27,2,Kashmir,Jammu and Kashmir,0.658,-0.0075,Festival,2143.72,Terracotta
Embroidery & Needlecraft,Wall Hanging,240.76,8,Srinagar,Jammu and Kashmir,0.516,0.0309,Normal,3145.4,Jute
Woodcraft,Box,424.31,13,Bhubaneswar,Odisha,0.559,0.1564,Normal,4418.15,Wood
Leather & Traditional Craft,Decorative Leather Product,523.33,7,Bastar,Chhattisgarh,0.599,0.1738,Summer,4010.61,Leather
Handmade Toys,Handmade Game,197.53,5,Kashmir,Jammu and Kashmir,0.754,0.0479,Normal,2166.82,Paper
Ceramics,Cup,150.34,2,Channapatna,Karnataka,0.685,-0.0451,Normal,2044.45,Stoneware
Metal Crafts,Utensil,1505.39,2,Moradabad,Uttar Pradesh,0.253,0.1859,Normal,6973.04,Brass
"Bamboo, Cane & Natural Fibre",Decorative Item,241.12,2,Saharanpur,Uttar Pradesh,0.717,-0.0294,Summer,1732.61,Cane
Handmade Home Décor,Wall Hanging,196.98,2,Madhubani,Bihar,0.274,-0.0639,Normal,943.08,Wood
Handmade Bags & Accessories,Handbag,249.92,3,Kondapalli,Andhra Pradesh,0.638,-0.0372,Summer,1257.92,Cotton
Woodcraft,Wall Décor,609.84,3,Channapatna,Karnataka,0.444,0.1688,Normal,1522.31,Wood
Leather & Traditional Craft,Wallet,930.8,2,Khurja,Uttar Pradesh,0.693,0.221,Normal,3098.49,Leather
Handmade Bags & Accessories,Handbag,500.76,4,Etikoppaka,Andhra Pradesh,0.552,0.0892,Normal,2485.57,Leather
Handloom & Textiles,Stole,599.93,12,Raghurajpur,Odisha,0.681,-0.0885,Winter,2720.33,Linen
Handloom & Textiles,Bedsheet,474.21,9,Jaipur,Rajasthan,0.421,0.2337,Normal,2781.08,Linen
Handmade Bags & Accessories,Accessories,293.64,2,Srikalahasti,Andhra Pradesh,0.676,-0.0417,Normal,1661.56,Jute
Paintings & Art,Tanjore Painting,474.22,7,Etikoppaka,Andhra Pradesh,0.764,-0.1394,Normal,3472.94,Gold Leaf
"Bamboo, Cane & Natural Fibre",Storage Box,111.02,3,Bastar,Chhattisgarh,0.515,0.0756,Monsoon,838.85,Bamboo
Woodcraft,Wooden Jewellery,470.03,2,Srikalahasti,Andhra Pradesh,0.95,0.044,Normal,4270.32,Wood
Natural / Eco-friendly Crafts,Banana-fibre Product,141.62,3,Narsapur,Andhra Pradesh,0.633,-0.0148,Normal,1125.86,Banana Fibre
Metal Crafts,Jewellery,1068.6,10,Kondapalli,Andhra Pradesh,0.48,0.1375,Normal,5971.02,Copper
Metal Crafts,Utensil,1147.18,9,Etikoppaka,Andhra Pradesh,0.603,0.1938,Festival,8014.89,Copper
Natural / Eco-friendly Crafts,Eco-friendly Packaging,148.44,3,Bastar,Chhattisgarh,0.778,0.104,Wedding,3120.17,Palm Leaf
Paintings & Art,Handmade Wall Art,261.71,6,Khurja,Uttar Pradesh,0.679,-0.0254,Wedding,2924.64,Wood
Embroidery & Needlecraft,Patchwork Product,312.62,6,Narsapur,Andhra Pradesh,0.651,0.0952,Festival,3602.02,Wool
Woodcraft,Kitchenware,611.22,4,Raghurajpur,Odisha,0.576,-0.0181,Normal,4284.5,Wood
Natural / Eco-friendly Crafts,Banana-fibre Product,139.3,2,Jaipur,Rajasthan,0.828,0.1124,Winter,2014.71,Banana Fibre
Embroidery & Needlecraft,Quilt,255.69,2,Narsapur,Andhra Pradesh,0.883,-0.1332,Winter,2916.9,Cotton
Pottery & Terracotta,Diya,110.22,2,Moradabad,Uttar Pradesh,0.254,0.0103,Normal,724.72,Clay
Handmade Jewellery,Necklace,682.01,1,Kutch,Gujarat,0.446,0.0536,Festival,5314.69,Brass
Handmade Home Décor,Showpiece,328.75,4,Kashmir,Jammu and Kashmir,0.635,0.0226,Wedding,3019.5,Ceramic
Metal Crafts,Brassware,786.76,1,Srinagar,Jammu and Kashmir,0.837,-0.0675,Summer,6230.98,Brass
Paintings & Art,Phad Painting,262.62,6,Moradabad,Uttar Pradesh,0.744,0.1151,Monsoon,2201.93,Natural Pigment
Metal Crafts,Utensil,1661.77,3,Madhubani,Bihar,0.686,0.0299,Summer,4104.48,Copper
Leather & Traditional Craft,Belt,821.13,1,Assam,Assam,0.639,0.0687,Normal,2872.81,Leather
Handloom & Textiles,Blanket,349.33,10,Channapatna,Karnataka,0.617,0.2638,Normal,2165.69,Wool
Leather & Traditional Craft,Leather Bag,383.45,1,Bastar,Chhattisgarh,0.602,0.1809,Festival,4135.67,Leather
Handloom & Textiles,Stole,296.19,6,Kolkata,West Bengal,0.602,0.0288,Normal,2108.07,Linen
Handmade Bags & Accessories,Backpack,282.69,3,Pochampally,Telangana,0.853,0.1078,Wedding,2152.77,Canvas
Pottery & Terracotta,Terracotta Figurine,128.78,2,Kutch,Gujarat,0.57,-0.0372,Festival,1340.51,Clay
Handmade Jewellery,Terracotta Jewellery,522.08,5,Bhubaneswar,Odisha,0.738,0.1462,Monsoon,2755.04,Terracotta
Metal Crafts,Decorative Item,696.55,5,Narsapur,Andhra Pradesh,0.433,0.1048,Normal,3284.04,Copper
Leather & Traditional Craft,Leather Bag,1025.76,4,Moradabad,Uttar Pradesh,0.276,0.0048,Normal,3510.57,Leather
Pottery & Terracotta,Planter,161.88,2,Pochampally,Telangana,0.518,0.0668,Normal,1420.62,Clay
Pottery & Terracotta,Kitchenware,34.91,3,Kolkata,West Bengal,0.628,0.0421,Summer,1011.53,Terracotta
Ceramics,Home Décor,297.96,4,Moradabad,Uttar Pradesh,0.307,-0.0726,Festival,1265.6,Ceramic
Leather & Traditional Craft,Traditional Leather Craft,1108.62,7,Etikoppaka,Andhra Pradesh,0.678,-0.0174,Festival,4679.35,Leather
Embroidery & Needlecraft,Quilt,518.06,6,Srikalahasti,Andhra Pradesh,0.432,0.0502,Festival,4523.21,Wool
Ceramics,Vase,224.96,5,Narsapur,Andhra Pradesh,0.45,0.1171,Festival,1164.38,Ceramic
Leather & Traditional Craft,Belt,548.52,6,Saharanpur,Uttar Pradesh,0.71,-0.0429,Wedding,5093.02,Leather
Natural / Eco-friendly Crafts,Palm-leaf Product,94.06,3,Moradabad,Uttar Pradesh,0.78,0.1679,Wedding,2538.69,Palm Leaf
Ceramics,Decorative Piece,230.25,3,Bastar,Chhattisgarh,0.873,0.1613,Normal,2423.63,Stoneware
"Bamboo, Cane & Natural Fibre",Bag,184.16,5,Etikoppaka,Andhra Pradesh,0.653,0.1288,Monsoon,1549.91,Cane
Pottery & Terracotta,Diya,101.85,4,Srinagar,Jammu and Kashmir,0.474,0.0972,Winter,1765.43,Terracotta
Embroidery & Needlecraft,Table Runner,246.83,5,Kondapalli,Andhra Pradesh,0.669,0.0263,Wedding,1494.86,Cotton
Pottery & Terracotta,Diya,216.59,3,Channapatna,Karnataka,0.484,-0.1681,Festival,1413.41,Terracotta
Handmade Jewellery,Lac Jewellery,240.45,2,Narsapur,Andhra Pradesh,0.695,0.0296,Normal,2261.89,Lac
Woodcraft,Wooden Toy,545.96,10,Thanjavur,Tamil Nadu,0.579,0.141,Summer,2421.02,Wood
Handmade Bags & Accessories,Scarf,212.15,2,Kolkata,West Bengal,0.746,0.1237,Festival,1767.27,Linen
Woodcraft,Tray,261.53,8,Khurja,Uttar Pradesh,0.966,0.1519,Normal,4061.33,Wood
Leather & Traditional Craft,Decorative Leather Product,868.3,4,Channapatna,Karnataka,0.278,0.0713,Wedding,3931.26,Leather
Handmade Bags & Accessories,Clutch,217.48,3,Raghurajpur,Odisha,0.835,-0.0026,Normal,1456.21,Lac
"Bamboo, Cane & Natural Fibre",Bag,190.75,3,Khurja,Uttar Pradesh,0.72,0.0409,Normal,1461.1,Bamboo
Ceramics,Plate,33.38,3,Kolkata,West Bengal,0.346,0.1098,Summer,594.01,Stoneware
Handloom & Textiles,Stole,507.12,14,Srinagar,Jammu and Kashmir,0.504,-0.0155,Normal,3789.68,Wool
Handmade Bags & Accessories,Handbag,443.17,5,Pochampally,Telangana,0.927,0.1983,Festival,2347.66,Jute
Woodcraft,Sculpture,877.55,9,Etikoppaka,Andhra Pradesh,0.704,0.0463,Festival,6010.34,Wood
Handmade Toys,Wooden Toy,226.64,4,Bastar,Chhattisgarh,0.663,-0.0217,Summer,2124.5,Wood
Metal Crafts,Utensil,1481.8,6,Etikoppaka,Andhra Pradesh,0.36,0.1653,Wedding,7678.19,Brass
Handmade Home Décor,Wall Hanging,98.3,1,Jaipur,Rajasthan,0.624,0.0953,Normal,1352.53,Jute
Paintings & Art,Kalamkari,384.67,6,Jaipur,Rajasthan,0.617,-0.0206,Winter,1922.58,Cotton
"Bamboo, Cane & Natural Fibre",Household Product,260.04,1,Kutch,Gujarat,0.732,0.0249,Wedding,1642.09,Bamboo
Paintings & Art,Gond Art,197.95,4,Kutch,Gujarat,0.434,-0.0813,Winter,1139.97,Natural Pigment
Handmade Toys,Traditional Toy,230.98,4,Etikoppaka,Andhra Pradesh,0.734,-0.1162,Normal,1886.15,Cloth
Metal Crafts,Lamp,1205.28,8,Thanjavur,Tamil Nadu,0.594,0.1563,Festival,9060.68,Brass
Pottery & Terracotta,Diya,72.34,2,Etikoppaka,Andhra Pradesh,0.578,-0.0737,Normal,1646.03,Clay
Woodcraft,Wooden Toy,554.21,11,Thanjavur,Tamil Nadu,0.231,0.2322,Winter,4074.16,Wood
Handmade Jewellery,Beaded Jewellery,87.46,4,Saharanpur,Uttar Pradesh,0.465,0.1433,Normal,3018.54,Seed Beads
Paintings & Art,Miniature Painting,309.05,5,Kutch,Gujarat,0.348,-0.1415,Normal,1510.2,Natural Pigment
Woodcraft,Decorative Panel,665.93,7,Jaipur,Rajasthan,0.472,0.1136,Festival,2394.58,Wood
Embroidery & Needlecraft,Embroidered Bag,254.11,6,Moradabad,Uttar Pradesh,0.58,0.0496,Winter,2697.26,Cotton
Pottery & Terracotta,Planter,78.3,3,Kondapalli,Andhra Pradesh,0.664,0.1485,Normal,1323.19,Terracotta
Handloom & Textiles,Shawl,207.37,8,Moradabad,Uttar Pradesh,0.693,-0.0121,Normal,1767.65,Cotton
Pottery & Terracotta,Kitchenware,141.63,3,Narsapur,Andhra Pradesh,0.536,0.0997,Normal,1016.64,Terracotta
Leather & Traditional Craft,Belt,808.3,7,Jaipur,Rajasthan,0.217,0.1339,Normal,4454.31,Leather
Paintings & Art,Phad Painting,371.85,6,Srikalahasti,Andhra Pradesh,0.626,0.1075,Wedding,2741.0,Watercolour
Embroidery & Needlecraft,Patchwork Product,424.61,9,Bastar,Chhattisgarh,0.585,0.1103,Winter,2752.59,Wool
Woodcraft,Sculpture,373.43,13,Assam,Assam,0.625,0.0718,Normal,2793.22,Wood
Handmade Jewellery,Wooden Jewellery,852.6,5,Etikoppaka,Andhra Pradesh,0.414,-0.0296,Normal,2257.06,Wood
"Bamboo, Cane & Natural Fibre",Household Product,146.71,4,Khurja,Uttar Pradesh,0.578,0.0506,Normal,1369.65,Jute
"Bamboo, Cane & Natural Fibre",Storage Box,133.06,2,Kashmir,Jammu and Kashmir,0.925,0.1334,Festival,1302.45,Bamboo
Natural / Eco-friendly Crafts,Handmade Paper Product,108.08,5,Saharanpur,Uttar Pradesh,0.665,-0.065,Winter,1587.0,Handmade Paper
Leather & Traditional Craft,Footwear,967.14,9,Khurja,Uttar Pradesh,0.789,0.0603,Summer,3209.69,Leather
Natural / Eco-friendly Crafts,Coir Product,178.32,4,Bhubaneswar,Odisha,0.89,0.0225,Festival,1707.87,Coir
Embroidery & Needlecraft,Wall Hanging,227.29,2,Moradabad,Uttar Pradesh,0.608,0.1122,Normal,3495.0,Cotton
Ceramics,Tableware,195.82,3,Assam,Assam,0.612,0.0094,Winter,1245.99,Stoneware
Handmade Home Décor,Showpiece,219.38,3,Bhubaneswar,Odisha,0.753,-0.1133,Festival,1595.32,Metal
Pottery & Terracotta,Sculpture,200.64,1,Jaipur,Rajasthan,0.944,0.1796,Summer,1432.52,Terracotta
"Bamboo, Cane & Natural Fibre",Bottle/Container,337.0,1,Bhubaneswar,Odisha,0.421,0.0838,Normal,1247.42,Bamboo
Handmade Bags & Accessories,Handbag,585.68,5,Raghurajpur,Odisha,0.721,0.0467,Winter,3064.02,Leather
Handmade Bags & Accessories,Wallet,450.59,1,Kutch,Gujarat,0.391,-0.0001,Winter,1839.72,Cotton
Handmade Bags & Accessories,Scarf,551.45,5,Moradabad,Uttar Pradesh,0.709,0.0623,Normal,3742.98,Silk
Pottery & Terracotta,Sculpture,107.46,3,Bastar,Chhattisgarh,0.894,0.1378,Normal,1647.13,Terracotta
Natural / Eco-friendly Crafts,Natural-fibre Basket,110.11,3,Raghurajpur,Odisha,0.491,0.0539,Normal,1516.65,Palm Leaf
Pottery & Terracotta,Planter,59.73,1,Saharanpur,Uttar Pradesh,0.846,-0.0043,Normal,1581.09,Terracotta
Paintings & Art,Handmade Wall Art,381.79,3,Moradabad,Uttar Pradesh,0.576,0.1731,Normal,2705.9,Canvas
Handmade Bags & Accessories,Scarf,668.66,2,Srinagar,Jammu and Kashmir,0.897,-0.0642,Festival,2098.34,Silk
Handmade Jewellery,Terracotta Jewellery,190.15,3,Channapatna,Karnataka,0.43,0.0831,Festival,2081.89,Terracotta
"Bamboo, Cane & Natural Fibre",Mat,136.52,3,Saharanpur,Uttar Pradesh,0.524,0.0564,Normal,1862.76,Cane
Natural / Eco-friendly Crafts,Natural-fibre Basket,182.67,4,Thanjavur,Tamil Nadu,0.332,0.0402,Summer,1199.24,Jute
"Bamboo, Cane & Natural Fibre",Household Product,167.68,2,Khurja,Uttar Pradesh,0.476,0.0893,Festival,1440.7,Bamboo
Handmade Bags & Accessories,Basket,310.37,3,Madhubani,Bihar,0.905,0.1717,Normal,1851.55,Bamboo
Handloom & Textiles,Stole,743.69,8,Raghurajpur,Odisha,0.57,0.0667,Normal,5143.53,Silk
Natural / Eco-friendly Crafts,Palm-leaf Product,187.49,3,Bhubaneswar,Odisha,0.82,0.0595,Monsoon,1434.65,Palm Leaf
Handmade Toys,Cloth Doll,295.9,3,Assam,Assam,0.381,-0.0146,Normal,1260.27,Wool
Handmade Jewellery,Terracotta Jewellery,46.33,4,Etikoppaka,Andhra Pradesh,0.531,0.0601,Monsoon,1221.18,Terracotta
"Bamboo, Cane & Natural Fibre",Decorative Item,186.46,1,Narsapur,Andhra Pradesh,0.778,-0.01,Normal,2111.5,Bamboo
Handmade Jewellery,Bracelet,460.82,2,Kolkata,West Bengal,0.29,0.1326,Normal,1814.19,Lac
Embroidery & Needlecraft,Wall Hanging,322.87,5,Assam,Assam,0.954,-0.0043,Monsoon,3148.7,Cotton
Handmade Jewellery,Necklace,1084.39,3,Narsapur,Andhra Pradesh,0.567,-0.0239,Normal,4161.3,Silver
Handmade Bags & Accessories,Backpack,364.87,6,Pochampally,Telangana,0.603,0.0804,Festival,2887.35,Canvas
Handmade Home Décor,Sculpture,361.38,5,Channapatna,Karnataka,0.838,-0.0576,Normal,1856.69,Metal
"Bamboo, Cane & Natural Fibre",Bag,162.18,1,Kutch,Gujarat,0.57,0.1284,Festival,2718.36,Cane
Leather & Traditional Craft,Leather Bag,229.55,8,Kondapalli,Andhra Pradesh,0.845,0.0424,Festival,2953.28,Leather
Pottery & Terracotta,Decorative Pot,96.6,2,Srikalahasti,Andhra Pradesh,0.613,0.0557,Normal,1226.04,Clay
Embroidery & Needlecraft,Patchwork Product,425.19,6,Srinagar,Jammu and Kashmir,0.508,0.1023,Festival,2367.24,Linen
Handmade Jewellery,Handmade Earrings,251.54,3,Kashmir,Jammu and Kashmir,0.495,-0.0384,Festival,3030.81,Beads
Ceramics,Tableware,300.16,1,Raghurajpur,Odisha,0.426,0.0498,Festival,1979.93,Stoneware
Handloom & Textiles,Dress Material,429.32,6,Jaipur,Rajasthan,0.877,0.0957,Winter,2282.13,Linen
"Bamboo, Cane & Natural Fibre",Storage Box,193.8,4,Khurja,Uttar Pradesh,0.837,0.0927,Normal,1798.66,Palm Leaf
Handmade Home Décor,Dreamcatcher,50.45,5,Srikalahasti,Andhra Pradesh,0.806,0.0656,Festival,2337.7,Bamboo
"Bamboo, Cane & Natural Fibre",Tray,137.88,1,Thanjavur,Tamil Nadu,0.445,-0.0158,Summer,1590.09,Palm Leaf
"Bamboo, Cane & Natural Fibre",Decorative Item,170.25,3,Channapatna,Karnataka,0.866,0.1499,Normal,1768.87,Bamboo
Woodcraft,Wall Décor,666.43,9,Thanjavur,Tamil Nadu,0.75,0.1627,Monsoon,4328.0,Wood
Handmade Bags & Accessories,Basket,30.0,3,Bastar,Chhattisgarh,0.669,0.047,Monsoon,2705.56,Jute
Ceramics,Ceramic Jewellery,173.0,1,Etikoppaka,Andhra Pradesh,0.409,0.0573,Normal,1325.37,Porcelain
Handmade Toys,Wooden Toy,238.08,4,Etikoppaka,Andhra Pradesh,0.633,0.2129,Normal,2296.25,Wood
"Bamboo, Cane & Natural Fibre",Decorative Item,135.59,4,Saharanpur,Uttar Pradesh,0.55,-0.0215,Winter,1361.79,Bamboo
Metal Crafts,Utensil,1305.0,9,Khurja,Uttar Pradesh,0.775,0.0998,Normal,5392.21,Bell Metal
Pottery & Terracotta,Terracotta Jewellery,106.22,1,Assam,Assam,0.696,0.1099,Normal,1631.37,Terracotta
Handmade Bags & Accessories,Handbag,395.02,4,Kashmir,Jammu and Kashmir,0.828,0.0264,Normal,2600.03,Leather
Handmade Jewellery,Necklace,324.14,4,Narsapur,Andhra Pradesh,0.413,-0.0216,Festival,1831.63,Beads
Paintings & Art,Tanjore Painting,272.46,7,Khurja,Uttar Pradesh,0.576,-0.0204,Normal,2995.0,Acrylic
Leather & Traditional Craft,Belt,696.1,8,Raghurajpur,Odisha,0.752,0.1238,Festival,6117.06,Leather
Handmade Home Décor,Mirror,408.59,3,Khurja,Uttar Pradesh,0.432,-0.0647,Normal,1798.54,Bamboo
Handmade Bags & Accessories,Handmade Belt,297.34,2,Narsapur,Andhra Pradesh,0.747,0.134,Normal,2031.41,Cotton
Handloom & Textiles,Blanket,325.26,11,Bhubaneswar,Odisha,0.563,0.097,Festival,2910.3,Cotton
Paintings & Art,Sketch,191.33,5,Channapatna,Karnataka,0.505,0.0632,Monsoon,1622.55,Graphite
Embroidery & Needlecraft,Quilt,392.15,5,Moradabad,Uttar Pradesh,0.811,-0.0899,Winter,4007.06,Cotton
Pottery & Terracotta,Sculpture,142.5,3,Khurja,Uttar Pradesh,0.81,-0.0294,Summer,1111.75,Terracotta
Leather & Traditional Craft,Leather Bag,811.13,5,Kashmir,Jammu and Kashmir,0.849,0.0676,Festival,3322.38,Leather
Metal Crafts,Brassware,1129.52,6,Moradabad,Uttar Pradesh,0.562,-0.152,Normal,6299.29,Brass
Handmade Bags & Accessories,Wallet,607.3,5,Madhubani,Bihar,0.517,-0.1059,Normal,3574.83,Leather
"Bamboo, Cane & Natural Fibre",Bag,188.06,6,Channapatna,Karnataka,0.616,0.1537,Normal,1645.47,Jute
Handloom & Textiles,Shawl,125.21,9,Etikoppaka,Andhra Pradesh,0.613,0.0966,Wedding,2405.74,Cotton
"Bamboo, Cane & Natural Fibre",Storage Box,265.23,3,Kolkata,West Bengal,0.562,0.0302,Summer,1261.2,Bamboo
Handmade Bags & Accessories,Handmade Belt,323.01,3,Assam,Assam,0.558,0.0278,Winter,3468.07,Jute
Natural / Eco-friendly Crafts,Natural-fibre Basket,147.6,3,Saharanpur,Uttar Pradesh,0.685,0.0431,Summer,1514.89,Coir
Handmade Toys,Cloth Doll,370.41,2,Narsapur,Andhra Pradesh,0.461,0.1223,Festival,2261.3,Wool
Natural / Eco-friendly Crafts,Natural-fibre Basket,191.64,4,Kolkata,West Bengal,0.82,-0.0557,Normal,1471.42,Jute
"Bamboo, Cane & Natural Fibre",Storage Box,48.01,4,Channapatna,Karnataka,0.47,0.069,Festival,1789.22,Bamboo
Handloom & Textiles,Shawl,706.45,2,Narsapur,Andhra Pradesh,0.7,-0.0757,Normal,2656.87,Silk
Handmade Bags & Accessories,Pouch,237.97,5,Bastar,Chhattisgarh,0.605,0.0435,Normal,1898.95,Leather
Embroidery & Needlecraft,Patchwork Product,423.72,8,Srinagar,Jammu and Kashmir,0.571,0.006,Festival,2462.6,Cotton
Handloom & Textiles,Fabric,652.29,11,Raghurajpur,Odisha,0.693,-0.0018,Normal,3763.12,Silk
Embroidery & Needlecraft,Cushion Cover,451.16,8,Kashmir,Jammu and Kashmir,0.319,0.2274,Festival,4113.76,Silk
Metal Crafts,Jewellery,1423.98,6,Moradabad,Uttar Pradesh,0.425,0.0569,Festival,8069.39,Copper
Handloom & Textiles,Bedsheet,489.89,6,Jaipur,Rajasthan,0.407,0.0677,Normal,2820.88,Linen
Handmade Bags & Accessories,Wallet,725.86,4,Khurja,Uttar Pradesh,0.632,0.0149,Normal,3419.52,Leather
Handmade Bags & Accessories,Accessories,333.26,1,Assam,Assam,0.738,-0.1092,Summer,1435.97,Beads
Handmade Bags & Accessories,Scarf,211.78,3,Assam,Assam,0.459,-0.0427,Monsoon,1882.64,Linen
Handmade Bags & Accessories,Handbag,212.32,3,Assam,Assam,0.495,-0.1118,Normal,2122.33,Cotton
Metal Crafts,Copperware,1426.35,6,Kondapalli,Andhra Pradesh,0.75,0.1024,Festival,6798.63,Copper
Leather & Traditional Craft,Wallet,766.66,6,Srinagar,Jammu and Kashmir,0.502,0.0649,Winter,3904.19,Leather
Handmade Toys,Educational Toy,258.88,2,Khurja,Uttar Pradesh,0.245,-0.1594,Normal,1318.23,Wood
"Bamboo, Cane & Natural Fibre",Basket,239.9,3,Raghurajpur,Odisha,0.576,0.2178,Summer,1376.42,Jute
Natural / Eco-friendly Crafts,Banana-fibre Product,152.07,2,Assam,Assam,0.562,0.0761,Monsoon,1594.64,Banana Fibre
Handmade Jewellery,Necklace,238.19,4,Bhubaneswar,Odisha,0.587,0.1412,Normal,1819.71,Beads
Metal Crafts,Brassware,1124.11,4,Jaipur,Rajasthan,0.608,-0.058,Normal,3745.18,Brass
Ceramics,Mug,133.35,1,Raghurajpur,Odisha,0.718,0.1531,Summer,1662.58,Ceramic
Ceramics,Mug,295.41,4,Srikalahasti,Andhra Pradesh,0.694,0.2236,Festival,2880.06,Stoneware
Handmade Toys,Traditional Toy,249.81,5,Channapatna,Karnataka,0.756,0.011,Winter,2023.45,Cloth
Handmade Jewellery,Bracelet,546.48,1,Thanjavur,Tamil Nadu,0.655,0.2855,Summer,3853.35,Lac
Metal Crafts,Copperware,1076.86,9,Srikalahasti,Andhra Pradesh,0.529,-0.0665,Summer,5815.9,Copper
Pottery & Terracotta,Planter,121.39,2,Narsapur,Andhra Pradesh,0.538,-0.0076,Monsoon,1012.26,Terracotta
Handloom & Textiles,Saree,490.59,8,Kondapalli,Andhra Pradesh,0.158,0.0671,Monsoon,1786.33,Jute
Metal Crafts,Bell-metal Product,787.32,9,Bastar,Chhattisgarh,0.666,0.0542,Festival,7254.31,Bell Metal
Handmade Home Décor,Showpiece,165.0,3,Jaipur,Rajasthan,0.614,0.0402,Normal,1700.28,Ceramic
Handmade Bags & Accessories,Pouch,464.57,1,Raghurajpur,Odisha,0.853,0.0612,Wedding,2202.48,Jute
"Bamboo, Cane & Natural Fibre",Bottle/Container,339.58,4,Bhubaneswar,Odisha,0.633,0.2034,Normal,2127.79,Cane
Handloom & Textiles,Dupatta,510.17,2,Moradabad,Uttar Pradesh,0.765,0.0468,Normal,3601.16,Linen
Handloom & Textiles,Scarf,435.92,5,Kutch,Gujarat,0.528,0.0679,Winter,2394.63,Linen
Handmade Jewellery,Metal Jewellery,1219.81,5,Kondapalli,Andhra Pradesh,0.723,0.0405,Wedding,3914.13,Silver
Woodcraft,Wall Décor,448.64,9,Khurja,Uttar Pradesh,0.402,-0.0028,Normal,2618.37,Wood
Handmade Home Décor,Showpiece,349.21,1,Kolkata,West Bengal,0.817,-0.023,Wedding,3285.32,Metal
Pottery & Terracotta,Sculpture,109.49,2,Channapatna,Karnataka,0.877,0.1278,Summer,1757.5,Clay
Handmade Home Décor,Decorative Box,317.39,4,Bastar,Chhattisgarh,0.845,-0.0186,Summer,2519.91,Bamboo
Pottery & Terracotta,Decorative Pot,153.57,4,Kutch,Gujarat,0.644,0.1592,Festival,1830.26,Clay
Woodcraft,Wall Décor,702.91,9,Kolkata,West Bengal,0.348,0.1355,Normal,2643.58,Wood
"Bamboo, Cane & Natural Fibre",Tray,91.16,2,Channapatna,Karnataka,0.626,-0.2,Monsoon,926.88,Bamboo
Metal Crafts,Brassware,1368.77,9,Jaipur,Rajasthan,0.804,0.0993,Monsoon,6822.64,Brass
Metal Crafts,Metal Sculpture,1609.15,7,Moradabad,Uttar Pradesh,0.578,0.1562,Winter,7518.14,Bell Metal
Embroidery & Needlecraft,Patchwork Product,486.39,5,Kutch,Gujarat,0.488,-0.0434,Normal,2103.07,Wool
Embroidery & Needlecraft,Cushion Cover,691.38,12,Bhubaneswar,Odisha,0.817,-0.0343,Winter,3925.29,Linen
Handloom & Textiles,Rug,577.92,8,Narsapur,Andhra Pradesh,0.391,0.0467,Normal,3841.55,Cotton
Metal Crafts,Metal Sculpture,1205.44,9,Thanjavur,Tamil Nadu,0.66,0.2174,Wedding,7400.58,Bell Metal
Natural / Eco-friendly Crafts,Handmade Paper Product,157.33,5,Madhubani,Bihar,0.256,0.0228,Normal,1187.9,Handmade Paper
Embroidery & Needlecraft,Table Runner,550.32,9,Assam,Assam,0.602,0.0158,Winter,2383.2,Silk
Natural / Eco-friendly Crafts,Eco-friendly Packaging,72.25,2,Saharanpur,Uttar Pradesh,0.654,0.0057,Summer,1302.03,Banana Fibre
Handmade Bags & Accessories,Handbag,283.04,3,Kashmir,Jammu and Kashmir,0.713,0.2259,Normal,1399.16,Leather
Natural / Eco-friendly Crafts,Natural-fibre Basket,133.32,3,Moradabad,Uttar Pradesh,0.563,0.0653,Monsoon,1184.7,Coir
Leather & Traditional Craft,Wallet,640.71,5,Narsapur,Andhra Pradesh,0.498,0.1127,Winter,2509.55,Leather
Woodcraft,Kitchenware,704.09,14,Kashmir,Jammu and Kashmir,0.593,0.0323,Normal,3202.37,Wood
Handmade Bags & Accessories,Backpack,461.99,5,Thanjavur,Tamil Nadu,0.317,0.1013,Wedding,3066.99,Leather
Handmade Home Décor,Showpiece,307.33,3,Srikalahasti,Andhra Pradesh,0.741,0.0655,Summer,1511.41,Ceramic
"Bamboo, Cane & Natural Fibre",Household Product,82.63,1,Bastar,Chhattisgarh,0.641,0.0706,Normal,1127.01,Bamboo
Metal Crafts,Copperware,1044.98,8,Pochampally,Telangana,0.318,0.0286,Winter,5736.84,Copper
Natural / Eco-friendly Crafts,Palm-leaf Product,277.01,4,Srinagar,Jammu and Kashmir,0.279,0.0182,Normal,1340.96,Palm Leaf
Handloom & Textiles,Bedsheet,415.73,7,Bhubaneswar,Odisha,0.785,0.0086,Normal,2771.81,Jute
Handmade Jewellery,Beaded Jewellery,144.9,5,Etikoppaka,Andhra Pradesh,0.371,0.2975,Summer,2077.46,Glass Beads
Metal Crafts,Decorative Item,1496.33,3,Pochampally,Telangana,0.635,0.0366,Normal,2717.51,Copper
"Bamboo, Cane & Natural Fibre",Bag,332.06,5,Assam,Assam,0.304,0.0144,Summer,1784.8,Cane
Embroidery & Needlecraft,Cushion Cover,249.21,5,Khurja,Uttar Pradesh,0.835,0.2499,Normal,1721.08,Cotton
Paintings & Art,Kalamkari,533.4,4,Saharanpur,Uttar Pradesh,0.749,0.1295,Normal,3063.72,Silk
Ceramics,Decorative Piece,262.31,3,Madhubani,Bihar,0.62,-0.0309,Normal,1980.44,Ceramic
Handmade Home Décor,Mirror,228.75,2,Kutch,Gujarat,0.679,0.0229,Normal,2250.06,Bamboo
"Bamboo, Cane & Natural Fibre",Decorative Item,30.0,2,Jaipur,Rajasthan,0.529,-0.0125,Wedding,2336.62,Palm Leaf
Embroidery & Needlecraft,Wall Hanging,413.05,5,Kutch,Gujarat,0.543,0.0692,Wedding,2077.44,Cotton
Metal Crafts,Lamp,857.65,8,Kolkata,West Bengal,0.325,-0.0275,Festival,6818.16,Brass
Handmade Toys,Wooden Toy,97.35,4,Bhubaneswar,Odisha,0.218,0.0337,Normal,640.32,Wood
Embroidery & Needlecraft,Patchwork Product,276.83,9,Channapatna,Karnataka,0.832,0.0888,Summer,1706.91,Cotton
Natural / Eco-friendly Crafts,Natural-fibre Basket,118.47,1,Khurja,Uttar Pradesh,0.628,0.1413,Normal,1643.7,Palm Leaf
Handmade Jewellery,Lac Jewellery,444.96,4,Kolkata,West Bengal,0.804,0.0382,Summer,4719.58,Lac
Woodcraft,Furniture,680.39,12,Pochampally,Telangana,0.706,0.1707,Normal,4332.46,Sheesham Wood
Woodcraft,Kitchenware,594.2,10,Channapatna,Karnataka,0.82,0.0891,Normal,3119.51,Wood
Handloom & Textiles,Towel,94.11,8,Kolkata,West Bengal,0.537,0.0266,Normal,2647.22,Cotton
Ceramics,Vase,227.08,2,Pochampally,Telangana,0.74,-0.0791,Winter,2417.26,Stoneware
Pottery & Terracotta,Clay Lamp,30.0,2,Bastar,Chhattisgarh,0.691,0.0166,Normal,891.45,Clay
Leather & Traditional Craft,Belt,922.56,3,Assam,Assam,0.578,0.0465,Wedding,3342.83,Leather
Handmade Jewellery,Terracotta Jewellery,329.28,5,Assam,Assam,0.595,0.0084,Normal,2035.61,Terracotta
Handmade Home Décor,Wall Hanging,285.36,7,Kashmir,Jammu and Kashmir,0.689,0.0569,Festival,3656.8,Cotton
Woodcraft,Decorative Panel,711.6,1,Pochampally,Telangana,0.473,0.1106,Normal,3422.89,Wood
Metal Crafts,Brassware,1032.77,1,Madhubani,Bihar,0.577,-0.0552,Normal,6801.39,Brass
Handmade Jewellery,Bangles,233.97,3,Etikoppaka,Andhra Pradesh,0.582,-0.0886,Festival,2884.94,Lac
Handmade Toys,Educational Toy,84.96,3,Khurja,Uttar Pradesh,0.761,0.0019,Festival,1472.94,Wood
Handloom & Textiles,Traditional Garment,599.08,8,Kondapalli,Andhra Pradesh,0.342,0.0042,Summer,4048.36,Silk
Pottery & Terracotta,Planter,120.2,3,Channapatna,Karnataka,0.631,-0.0884,Normal,1266.21,Clay
Pottery & Terracotta,Decorative Pot,48.42,2,Jaipur,Rajasthan,0.515,0.062,Festival,1926.7,Terracotta
Pottery & Terracotta,Kitchenware,190.91,3,Kolkata,West Bengal,0.874,0.0067,Summer,1994.44,Terracotta
Leather & Traditional Craft,Traditional Leather Craft,678.66,8,Jaipur,Rajasthan,0.746,0.0811,Normal,3560.16,Leather
Handmade Toys,Traditional Toy,175.69,1,Kolkata,West Bengal,0.231,0.0144,Winter,1870.54,Cloth
Natural / Eco-friendly Crafts,Handmade Paper Product,136.98,3,Etikoppaka,Andhra Pradesh,0.73,-0.1011,Monsoon,1705.3,Handmade Paper
Natural / Eco-friendly Crafts,Natural-fibre Basket,134.44,3,Narsapur,Andhra Pradesh,0.486,0.0781,Normal,1120.9,Palm Leaf
Ceramics,Tableware,100.03,1,Saharanpur,Uttar Pradesh,0.429,0.1418,Wedding,1327.0,Ceramic
Metal Crafts,Lamp,1273.42,9,Bastar,Chhattisgarh,0.806,0.0049,Normal,3993.34,Copper
Woodcraft,Tray,545.69,8,Kolkata,West Bengal,0.925,0.005,Normal,3929.29,Wood
Ceramics,Home Décor,210.18,3,Saharanpur,Uttar Pradesh,0.672,0.1274,Festival,2015.63,Ceramic
Paintings & Art,Sketch,162.22,9,Narsapur,Andhra Pradesh,0.575,0.1068,Festival,2533.95,Ink
Handmade Toys,Cloth Doll,379.92,2,Narsapur,Andhra Pradesh,0.825,0.0955,Normal,2451.65,Wool
Woodcraft,Kitchenware,345.54,5,Khurja,Uttar Pradesh,0.442,0.0008,Normal,2590.5,Wood
Pottery & Terracotta,Terracotta Jewellery,53.09,1,Khurja,Uttar Pradesh,0.655,0.0701,Summer,1340.24,Terracotta
Handmade Bags & Accessories,Basket,366.08,1,Kutch,Gujarat,0.511,0.1357,Normal,2492.3,Cane
Ceramics,Cup,195.86,2,Jaipur,Rajasthan,0.756,0.0719,Festival,2138.42,Stoneware
Handmade Bags & Accessories,Scarf,288.38,5,Pochampally,Telangana,0.77,-0.1199,Normal,2090.71,Cotton
Metal Crafts,Copperware,1205.62,9,Kashmir,Jammu and Kashmir,0.37,-0.0813,Normal,5327.94,Copper
Metal Crafts,Lamp,1495.73,6,Kolkata,West Bengal,0.492,-0.1656,Normal,6661.48,Brass
Handmade Bags & Accessories,Accessories,487.99,3,Kashmir,Jammu and Kashmir,0.423,0.0487,Normal,1471.98,Cotton
Handmade Jewellery,Wooden Jewellery,590.14,6,Srinagar,Jammu and Kashmir,0.4,0.0522,Normal,3015.08,Wood
Ceramics,Plate,213.24,3,Kutch,Gujarat,0.716,-0.1694,Normal,1613.17,Ceramic
Paintings & Art,Phad Painting,196.53,5,Narsapur,Andhra Pradesh,0.694,0.0122,Festival,1537.16,Natural Pigment
Paintings & Art,Tanjore Painting,401.72,9,Etikoppaka,Andhra Pradesh,0.461,-0.0347,Festival,4368.03,Acrylic
Embroidery & Needlecraft,Patchwork Product,718.12,10,Kutch,Gujarat,0.826,-0.0668,Wedding,3004.41,Wool
Natural / Eco-friendly Crafts,Banana-fibre Product,100.6,3,Srikalahasti,Andhra Pradesh,0.898,-0.0774,Summer,1933.12,Banana Fibre
Natural / Eco-friendly Crafts,Jute Product,147.06,3,Assam,Assam,0.613,-0.0919,Normal,986.88,Jute
Paintings & Art,Miniature Painting,131.3,4,Thanjavur,Tamil Nadu,0.402,0.0274,Wedding,2345.96,Handmade Paper
Handloom & Textiles,Stole,396.3,14,Channapatna,Karnataka,0.397,0.0249,Normal,2180.14,Wool
Woodcraft,Sculpture,635.48,7,Srikalahasti,Andhra Pradesh,0.417,0.0659,Monsoon,3344.46,Wood
Natural / Eco-friendly Crafts,Palm-leaf Product,139.87,4,Bhubaneswar,Odisha,0.745,0.0598,Winter,2471.66,Palm Leaf
Handloom & Textiles,Rug,572.6,13,Kondapalli,Andhra Pradesh,0.403,-0.0074,Wedding,2690.74,Jute
Leather & Traditional Craft,Traditional Leather Craft,510.03,5,Pochampally,Telangana,0.22,0.1295,Winter,3157.12,Leather
Metal Crafts,Copperware,1690.95,11,Pochampally,Telangana,0.632,-0.1315,Monsoon,5280.22,Copper
"Bamboo, Cane & Natural Fibre",Bag,323.05,4,Srikalahasti,Andhra Pradesh,0.501,0.1946,Summer,2259.25,Bamboo
Embroidery & Needlecraft,Quilt,239.09,7,Bastar,Chhattisgarh,0.458,-0.1261,Monsoon,1384.64,Cotton
"Bamboo, Cane & Natural Fibre",Mat,30.0,3,Kashmir,Jammu and Kashmir,0.636,-0.0423,Festival,2134.46,Jute
Paintings & Art,Warli Painting,230.37,8,Channapatna,Karnataka,0.829,-0.0023,Festival,2388.0,Natural Pigment
Metal Crafts,Decorative Item,1481.42,9,Saharanpur,Uttar Pradesh,0.219,0.1313,Monsoon,8260.47,Copper
Handloom & Textiles,Fabric,108.32,7,Narsapur,Andhra Pradesh,0.545,0.0017,Normal,1386.62,Jute
Handmade Bags & Accessories,Accessories,426.88,1,Raghurajpur,Odisha,0.485,0.061,Winter,2329.04,Cotton
Handmade Home Décor,Mirror,225.83,2,Kolkata,West Bengal,0.844,0.2265,Festival,3469.94,Bamboo
Ceramics,Ceramic Jewellery,333.79,3,Bhubaneswar,Odisha,0.894,-0.007,Normal,1980.95,Porcelain
Metal Crafts,Utensil,1714.8,5,Madhubani,Bihar,0.523,-0.0194,Summer,6559.19,Copper
Leather & Traditional Craft,Leather Bag,1030.17,3,Etikoppaka,Andhra Pradesh,0.417,0.2055,Wedding,5390.23,Leather
Pottery & Terracotta,Terracotta Figurine,93.16,2,Channapatna,Karnataka,0.841,0.1567,Normal,1475.63,Clay
Handmade Jewellery,Bracelet,289.68,4,Khurja,Uttar Pradesh,0.903,0.0298,Normal,2933.34,Beads
Handmade Toys,Cloth Doll,258.46,3,Srinagar,Jammu and Kashmir,0.785,0.0933,Festival,2371.03,Wool
Leather & Traditional Craft,Traditional Leather Craft,785.26,8,Kondapalli,Andhra Pradesh,0.654,-0.0365,Normal,4063.71,Leather
Ceramics,Plate,184.38,2,Kashmir,Jammu and Kashmir,0.703,0.0276,Festival,1602.91,Ceramic
Metal Crafts,Decorative Item,723.5,5,Bhubaneswar,Odisha,0.601,0.0641,Normal,3720.05,Copper
Embroidery & Needlecraft,Embroidered Bag,339.6,5,Moradabad,Uttar Pradesh,0.472,0.0511,Normal,3164.29,Cotton
Embroidery & Needlecraft,Wall Hanging,550.65,5,Pochampally,Telangana,0.611,-0.0252,Festival,3671.21,Wool
Paintings & Art,Folk Painting,162.15,4,Channapatna,Karnataka,0.573,0.0799,Normal,2036.49,Acrylic
Handmade Toys,Traditional Toy,360.81,4,Raghurajpur,Odisha,0.709,0.0828,Monsoon,2104.42,Wood
"Bamboo, Cane & Natural Fibre",Basket,152.43,1,Srinagar,Jammu and Kashmir,0.662,0.1501,Festival,1487.61,Palm Leaf
Leather & Traditional Craft,Belt,708.18,5,Narsapur,Andhra Pradesh,0.533,0.078,Normal,2454.07,Leather
Handloom & Textiles,Carpet,429.2,9,Etikoppaka,Andhra Pradesh,0.642,-0.0429,Summer,2228.95,Wool
Pottery & Terracotta,Clay Pot,30.0,3,Bhubaneswar,Odisha,0.448,0.0511,Normal,972.68,Terracotta
Handmade Toys,Wooden Toy,203.54,4,Kutch,Gujarat,0.444,0.0279,Normal,1618.51,Wood
Natural / Eco-friendly Crafts,Natural-fibre Basket,73.44,2,Kondapalli,Andhra Pradesh,0.598,0.1149,Festival,1426.7,Jute
Paintings & Art,Sketch,246.06,7,Srinagar,Jammu and Kashmir,0.545,-0.0021,Festival,2183.51,Graphite
Pottery & Terracotta,Terracotta Figurine,38.02,2,Srinagar,Jammu and Kashmir,0.685,0.1136,Summer,1400.39,Clay
Handmade Toys,Stuffed Toy,201.68,3,Kashmir,Jammu and Kashmir,0.722,-0.057,Winter,1097.34,Jute
Handmade Jewellery,Handmade Earrings,543.31,3,Madhubani,Bihar,0.468,-0.0535,Normal,2860.22,Beads
Handmade Home Décor,Candle,523.98,7,Assam,Assam,0.849,0.0308,Winter,2968.46,Beeswax
Leather & Traditional Craft,Leather Bag,1132.82,7,Bastar,Chhattisgarh,0.768,0.1605,Wedding,6433.85,Leather
Handmade Toys,Traditional Toy,220.54,2,Bastar,Chhattisgarh,0.43,-0.0553,Summer,1599.4,Cloth
Ceramics,Tableware,204.12,2,Srikalahasti,Andhra Pradesh,0.667,0.0775,Normal,1655.9,Ceramic
"Bamboo, Cane & Natural Fibre",Furniture,201.93,4,Narsapur,Andhra Pradesh,0.701,0.2047,Wedding,2065.49,Bamboo
Natural / Eco-friendly Crafts,Jute Product,138.73,2,Saharanpur,Uttar Pradesh,0.694,0.0147,Normal,1481.52,Jute
Natural / Eco-friendly Crafts,Natural-fibre Basket,120.2,4,Khurja,Uttar Pradesh,0.891,0.0308,Festival,2934.51,Jute
Handmade Jewellery,Bracelet,419.69,5,Madhubani,Bihar,0.741,0.1084,Wedding,2992.07,Beads
Handloom & Textiles,Traditional Garment,495.86,12,Kutch,Gujarat,0.771,-0.1656,Normal,4022.06,Wool
Handloom & Textiles,Bedsheet,307.19,14,Etikoppaka,Andhra Pradesh,0.474,0.1018,Normal,3068.39,Cotton
Natural / Eco-friendly Crafts,Banana-fibre Product,115.59,5,Bhubaneswar,Odisha,0.782,0.1203,Normal,1541.25,Banana Fibre
Handmade Home Décor,Handmade Clock,561.53,2,Srikalahasti,Andhra Pradesh,0.517,0.0921,Winter,2618.02,Wood
Handmade Bags & Accessories,Scarf,144.66,4,Madhubani,Bihar,0.638,-0.1537,Normal,1277.21,Cotton
Handloom & Textiles,Durrie,253.31,9,Kashmir,Jammu and Kashmir,0.324,0.2655,Winter,2654.93,Jute
Metal Crafts,Lamp,1320.34,8,Bhubaneswar,Odisha,0.623,0.0367,Summer,5374.35,Brass
Embroidery & Needlecraft,Cushion Cover,361.26,4,Thanjavur,Tamil Nadu,0.488,-0.1067,Normal,2044.64,Cotton
Leather & Traditional Craft,Belt,1010.24,7,Etikoppaka,Andhra Pradesh,0.661,0.0495,Summer,3538.66,Leather
Woodcraft,Wall Décor,457.9,5,Thanjavur,Tamil Nadu,0.482,0.0516,Normal,2637.8,Wood
Pottery & Terracotta,Planter,32.71,2,Assam,Assam,0.347,0.139,Normal,952.68,Clay
Leather & Traditional Craft,Footwear,1061.77,7,Jaipur,Rajasthan,0.893,0.0548,Normal,4641.68,Leather
Metal Crafts,Utensil,1235.54,9,Pochampally,Telangana,0.416,0.074,Normal,4913.71,Copper
Natural / Eco-friendly Crafts,Palm-leaf Product,213.87,1,Bastar,Chhattisgarh,0.894,0.0946,Wedding,2588.76,Palm Leaf
Handloom & Textiles,Saree,183.93,5,Raghurajpur,Odisha,0.721,-0.0829,Normal,2781.68,Cotton
Woodcraft,Furniture,945.81,9,Kutch,Gujarat,0.637,0.0255,Normal,4427.31,Teak Wood
Leather & Traditional Craft,Decorative Leather Product,824.57,1,Pochampally,Telangana,0.721,-0.0309,Normal,4173.19,Leather
Embroidery & Needlecraft,Embroidered Bag,161.57,12,Khurja,Uttar Pradesh,0.548,0.1405,Normal,3419.59,Jute
Handmade Bags & Accessories,Pouch,602.86,4,Channapatna,Karnataka,0.354,0.029,Normal,3183.15,Leather
Woodcraft,Figurine,830.68,7,Saharanpur,Uttar Pradesh,0.757,-0.0449,Normal,5360.09,Wood
Paintings & Art,Kalamkari,475.63,5,Narsapur,Andhra Pradesh,0.528,0.055,Normal,3370.49,Silk
Ceramics,Ceramic Jewellery,144.36,3,Pochampally,Telangana,0.901,0.0551,Normal,1401.99,Ceramic
Handmade Bags & Accessories,Basket,202.88,3,Srinagar,Jammu and Kashmir,0.636,-0.0226,Monsoon,2589.91,Jute
"Bamboo, Cane & Natural Fibre",Decorative Item,180.93,1,Pochampally,Telangana,0.703,0.0392,Normal,1283.65,Palm Leaf
Embroidery & Needlecraft,Table Runner,519.36,10,Madhubani,Bihar,0.46,0.0875,Festival,3177.4,Linen
Pottery & Terracotta,Diya,87.2,3,Madhubani,Bihar,0.776,-0.0319,Winter,1296.3,Clay
Handmade Jewellery,Bracelet,726.16,3,Assam,Assam,0.539,-0.0803,Normal,2534.6,Brass
Pottery & Terracotta,Terracotta Jewellery,55.67,2,Bhubaneswar,Odisha,0.305,0.0205,Festival,1441.68,Terracotta
Handmade Bags & Accessories,Clutch,96.12,4,Bhubaneswar,Odisha,0.629,0.0255,Winter,1141.35,Cotton
Natural / Eco-friendly Crafts,Eco-friendly Packaging,181.47,1,Kutch,Gujarat,0.844,0.0764,Normal,1324.99,Banana Fibre
Woodcraft,Sculpture,636.83,10,Kutch,Gujarat,0.804,-0.1284,Monsoon,2272.87,Wood
Metal Crafts,Bell-metal Product,1339.02,3,Moradabad,Uttar Pradesh,0.666,-0.0369,Winter,6224.83,Bell Metal
Paintings & Art,Kalamkari,348.2,5,Raghurajpur,Odisha,0.754,0.0431,Normal,3602.08,Cotton
Pottery & Terracotta,Planter,99.1,3,Narsapur,Andhra Pradesh,0.759,0.0798,Monsoon,1223.79,Clay
Handloom & Textiles,Towel,90.54,8,Thanjavur,Tamil Nadu,0.62,0.0214,Normal,2669.34,Cotton
Handmade Jewellery,Terracotta Jewellery,288.92,3,Raghurajpur,Odisha,0.815,0.0685,Normal,2457.65,Terracotta
"Bamboo, Cane & Natural Fibre",Decorative Item,30.0,6,Khurja,Uttar Pradesh,0.729,0.097,Festival,2812.69,Bamboo
Woodcraft,Box,201.05,10,Narsapur,Andhra Pradesh,0.534,0.1528,Winter,3520.81,Wood
"Bamboo, Cane & Natural Fibre",Household Product,140.33,2,Madhubani,Bihar,0.722,0.0273,Festival,2654.34,Cane
Metal Crafts,Metal Sculpture,1277.92,8,Raghurajpur,Odisha,0.673,0.0202,Normal,5972.03,Brass
Natural / Eco-friendly Crafts,Jute Product,149.07,5,Raghurajpur,Odisha,0.823,0.0131,Festival,1890.01,Jute
Handmade Jewellery,Handmade Earrings,106.73,5,Kutch,Gujarat,0.757,0.0739,Winter,3454.43,Terracotta
Pottery & Terracotta,Vase,142.31,3,Jaipur,Rajasthan,0.692,-0.1042,Summer,1502.55,Terracotta
Handloom & Textiles,Carpet,138.6,9,Channapatna,Karnataka,0.645,0.1052,Monsoon,3416.54,Cotton
Handloom & Textiles,Handwoven Bag,453.41,8,Kondapalli,Andhra Pradesh,0.831,0.1868,Normal,2736.43,Linen
Embroidery & Needlecraft,Patchwork Product,502.97,4,Bastar,Chhattisgarh,0.389,-0.0356,Winter,1656.96,Linen
Embroidery & Needlecraft,Wall Hanging,399.65,8,Pochampally,Telangana,0.636,-0.0086,Normal,3881.24,Jute
Metal Crafts,Jewellery,617.84,7,Bastar,Chhattisgarh,0.767,0.136,Wedding,3315.71,Copper
Handloom & Textiles,Dress Material,201.1,2,Saharanpur,Uttar Pradesh,0.661,0.078,Normal,1600.91,Cotton
Pottery & Terracotta,Terracotta Figurine,74.41,3,Raghurajpur,Odisha,0.668,0.0161,Normal,1163.26,Clay
Woodcraft,Figurine,480.39,9,Bhubaneswar,Odisha,0.666,0.1388,Festival,4643.96,Wood
Handmade Toys,Stuffed Toy,193.69,5,Raghurajpur,Odisha,0.748,-0.1452,Normal,1229.68,Cotton
Handmade Toys,Handmade Game,265.79,5,Moradabad,Uttar Pradesh,0.722,0.2786,Wedding,2792.8,Wood
Handmade Toys,Educational Toy,190.81,3,Kondapalli,Andhra Pradesh,0.44,0.0308,Festival,1725.19,Wood
Ceramics,Plate,149.08,3,Jaipur,Rajasthan,0.859,0.1015,Normal,1454.62,Ceramic
Handmade Toys,Wooden Toy,134.86,2,Kutch,Gujarat,0.511,-0.0211,Winter,1281.17,Wood
Metal Crafts,Utensil,1601.5,5,Saharanpur,Uttar Pradesh,0.411,0.0163,Wedding,4207.56,Brass
Ceramics,Decorative Piece,71.61,3,Kolkata,West Bengal,0.414,-0.122,Festival,1380.61,Stoneware
Handloom & Textiles,Fabric,573.04,11,Kashmir,Jammu and Kashmir,0.67,0.0335,Normal,3402.11,Cotton
Handloom & Textiles,Saree,685.14,10,Moradabad,Uttar Pradesh,0.485,0.1174,Normal,3541.52,Silk
Handloom & Textiles,Carpet,348.87,10,Bhubaneswar,Odisha,0.463,0.1479,Normal,2087.27,Cotton
Handmade Jewellery,Metal Jewellery,487.63,7,Bastar,Chhattisgarh,0.584,0.071,Normal,3192.38,Copper
Handmade Home Décor,Wall Hanging,633.03,3,Srikalahasti,Andhra Pradesh,0.62,0.1496,Normal,2632.11,Cotton
Handmade Bags & Accessories,Accessories,185.52,3,Channapatna,Karnataka,0.446,0.1408,Normal,2097.63,Cotton
Paintings & Art,Warli Painting,262.3,4,Channapatna,Karnataka,0.76,0.0862,Summer,1940.49,Watercolour
Woodcraft,Sculpture,629.8,8,Jaipur,Rajasthan,0.777,0.0948,Normal,2848.6,Wood
Embroidery & Needlecraft,Embroidered Clothing,692.86,7,Madhubani,Bihar,0.674,0.101,Normal,3720.33,Silk
Handmade Bags & Accessories,Backpack,185.19,3,Jaipur,Rajasthan,0.828,0.0154,Normal,2800.02,Canvas
Handmade Home Décor,Candle,345.65,1,Srinagar,Jammu and Kashmir,0.675,0.0617,Monsoon,2519.81,Soy Wax
Woodcraft,Wall Décor,674.78,7,Etikoppaka,Andhra Pradesh,0.378,0.1793,Normal,3502.07,Wood
Natural / Eco-friendly Crafts,Handmade Paper Product,167.32,3,Kutch,Gujarat,0.28,0.1819,Winter,1268.37,Handmade Paper
Leather & Traditional Craft,Decorative Leather Product,1004.09,5,Kolkata,West Bengal,0.645,-0.0748,Normal,2950.15,Leather
Natural / Eco-friendly Crafts,Palm-leaf Product,220.91,5,Narsapur,Andhra Pradesh,0.783,-0.0286,Normal,1321.39,Palm Leaf
Natural / Eco-friendly Crafts,Palm-leaf Product,33.33,4,Raghurajpur,Odisha,0.479,0.1812,Normal,1770.78,Palm Leaf
"Bamboo, Cane & Natural Fibre",Lampshade,170.89,4,Saharanpur,Uttar Pradesh,0.6,-0.0426,Summer,1805.84,Bamboo
Handmade Toys,Educational Toy,182.72,2,Bhubaneswar,Odisha,0.437,0.0507,Normal,1577.09,Cotton
Woodcraft,Box,440.6,12,Channapatna,Karnataka,0.78,0.0174,Festival,5012.9,Wood
Embroidery & Needlecraft,Embroidered Clothing,30.0,11,Bhubaneswar,Odisha,0.635,0.1707,Normal,1396.27,Cotton
Handmade Jewellery,Lac Jewellery,318.42,5,Khurja,Uttar Pradesh,0.483,-0.1124,Monsoon,1870.95,Lac
Metal Crafts,Copperware,832.35,7,Bastar,Chhattisgarh,0.713,-0.1037,Normal,4973.76,Copper
Metal Crafts,Brassware,1321.48,6,Srikalahasti,Andhra Pradesh,0.547,0.1421,Normal,5788.51,Brass
Pottery & Terracotta,Decorative Pot,47.59,4,Srinagar,Jammu and Kashmir,0.41,-0.0402,Normal,801.57,Terracotta
Leather & Traditional Craft,Traditional Leather Craft,806.09,4,Kashmir,Jammu and Kashmir,0.879,-0.0302,Summer,4971.3,Leather
Handloom & Textiles,Fabric,650.86,6,Kolkata,West Bengal,0.728,0.0927,Summer,3239.49,Silk
Metal Crafts,Metal Sculpture,760.54,5,Madhubani,Bihar,0.576,0.0589,Normal,4884.8,Copper
Handmade Bags & Accessories,Scarf,470.57,6,Pochampally,Telangana,0.728,0.0123,Festival,1922.67,Linen
Woodcraft,Furniture,668.8,13,Moradabad,Uttar Pradesh,0.754,-0.0421,Summer,3239.56,Sheesham Wood
Handmade Jewellery,Bangles,893.92,3,Narsapur,Andhra Pradesh,0.542,0.0689,Normal,2634.2,Brass
Metal Crafts,Jewellery,781.37,11,Thanjavur,Tamil Nadu,0.496,-0.0554,Normal,4642.65,Brass
Handmade Home Décor,Mirror,223.8,6,Srinagar,Jammu and Kashmir,0.564,0.0901,Normal,1946.74,Wood
Handmade Home Décor,Handmade Clock,465.09,1,Kolkata,West Bengal,0.524,0.091,Festival,2200.06,Bamboo
Paintings & Art,Kalamkari,276.05,6,Moradabad,Uttar Pradesh,0.19,-0.0791,Summer,1959.55,Natural Dye
Metal Crafts,Lamp,1095.08,3,Thanjavur,Tamil Nadu,0.484,0.1666,Normal,7529.8,Brass
Handmade Bags & Accessories,Accessories,377.83,3,Moradabad,Uttar Pradesh,0.597,0.0849,Festival,2478.49,Cotton
Leather & Traditional Craft,Footwear,626.7,4,Channapatna,Karnataka,0.666,-0.0457,Festival,4614.51,Leather
Leather & Traditional Craft,Leather Bag,996.82,9,Kondapalli,Andhra Pradesh,0.944,0.2088,Summer,5255.7,Leather
Woodcraft,Tray,611.07,2,Pochampally,Telangana,0.594,-0.1403,Monsoon,4359.11,Wood
Paintings & Art,Sketch,83.29,7,Raghurajpur,Odisha,0.735,-0.0123,Festival,2878.18,Graphite
Handmade Toys,Wooden Toy,181.37,3,Raghurajpur,Odisha,0.35,0.0783,Normal,882.85,Wood
Woodcraft,Wall Décor,939.79,9,Khurja,Uttar Pradesh,0.572,-0.0108,Normal,3856.12,Wood
"Bamboo, Cane & Natural Fibre",Bottle/Container,166.4,4,Kondapalli,Andhra Pradesh,0.685,-0.0783,Normal,2195.82,Bamboo
Handloom & Textiles,Bedsheet,279.49,10,Moradabad,Uttar Pradesh,0.387,-0.0628,Festival,2221.58,Jute
Natural / Eco-friendly Crafts,Jute Product,98.29,4,Kondapalli,Andhra Pradesh,0.722,-0.0115,Monsoon,1526.34,Jute
"Bamboo, Cane & Natural Fibre",Bottle/Container,248.82,2,Bastar,Chhattisgarh,0.503,0.0337,Wedding,2077.67,Cane
Metal Crafts,Utensil,1566.69,5,Bastar,Chhattisgarh,0.424,0.0699,Summer,3826.81,Brass
Embroidery & Needlecraft,Cushion Cover,216.36,6,Jaipur,Rajasthan,0.853,0.074,Wedding,2948.29,Cotton
Woodcraft,Furniture,670.5,7,Narsapur,Andhra Pradesh,0.774,-0.0277,Wedding,3968.5,Sheesham Wood
Handloom & Textiles,Scarf,530.85,7,Kutch,Gujarat,0.641,0.0552,Summer,2867.25,Wool
Handmade Home Décor,Showpiece,275.82,4,Srikalahasti,Andhra Pradesh,0.484,0.0143,Summer,2002.29,Wood
Handmade Bags & Accessories,Scarf,321.98,4,Kashmir,Jammu and Kashmir,0.689,-0.0014,Normal,2454.28,Cotton
Handmade Bags & Accessories,Accessories,243.08,4,Kolkata,West Bengal,0.668,0.0988,Normal,2751.33,Jute
Handmade Toys,Traditional Toy,145.83,1,Thanjavur,Tamil Nadu,0.742,0.0806,Normal,1164.94,Clay
Ceramics,Decorative Piece,254.61,3,Kolkata,West Bengal,0.524,0.0758,Normal,1259.81,Ceramic
Handmade Home Décor,Lamp,273.32,4,Moradabad,Uttar Pradesh,0.852,0.1672,Monsoon,1731.75,Bamboo
Handmade Toys,Traditional Toy,255.87,1,Kutch,Gujarat,0.541,0.0763,Festival,2135.46,Wood
Embroidery & Needlecraft,Embroidered Bag,707.36,5,Bhubaneswar,Odisha,0.584,0.0612,Winter,2774.69,Silk
Paintings & Art,Folk Painting,283.31,5,Kutch,Gujarat,0.499,0.0152,Normal,2157.44,Watercolour
Embroidery & Needlecraft,Quilt,672.99,5,Thanjavur,Tamil Nadu,0.594,0.0396,Normal,1932.14,Wool
Natural / Eco-friendly Crafts,Jute Product,166.35,2,Jaipur,Rajasthan,0.804,-0.0226,Monsoon,1362.86,Jute
Handloom & Textiles,Dress Material,412.59,7,Srikalahasti,Andhra Pradesh,0.79,0.0842,Monsoon,2269.06,Cotton
Natural / Eco-friendly Crafts,Handmade Paper Product,119.37,1,Kolkata,West Bengal,0.52,0.0759,Normal,854.59,Handmade Paper
Paintings & Art,Kalamkari,504.24,2,Bastar,Chhattisgarh,0.457,-0.1446,Normal,1474.96,Silk
Handloom & Textiles,Traditional Garment,638.89,6,Jaipur,Rajasthan,0.669,0.055,Festival,4217.33,Linen
Pottery & Terracotta,Sculpture,46.33,1,Etikoppaka,Andhra Pradesh,0.742,0.0244,Normal,955.95,Clay
Pottery & Terracotta,Vase,68.71,3,Bastar,Chhattisgarh,0.512,0.0986,Normal,1718.64,Terracotta
Handmade Jewellery,Bracelet,899.36,3,Srikalahasti,Andhra Pradesh,0.605,-0.039,Normal,4086.38,Brass
"Bamboo, Cane & Natural Fibre",Bottle/Container,295.21,4,Kolkata,West Bengal,0.529,0.036,Normal,2017.27,Cane
"Bamboo, Cane & Natural Fibre",Household Product,173.47,2,Saharanpur,Uttar Pradesh,0.728,-0.0351,Normal,1138.03,Jute
Handmade Toys,Wooden Toy,184.23,3,Bhubaneswar,Odisha,0.647,0.1132,Normal,1604.46,Wood
Pottery & Terracotta,Terracotta Figurine,62.15,3,Pochampally,Telangana,0.824,0.0439,Normal,1113.79,Terracotta
Handmade Toys,Wooden Toy,169.28,1,Srikalahasti,Andhra Pradesh,0.847,-0.0903,Normal,1176.02,Wood
Embroidery & Needlecraft,Cushion Cover,227.35,9,Bhubaneswar,Odisha,0.582,-0.0578,Winter,1393.52,Cotton
Ceramics,Tableware,261.81,4,Saharanpur,Uttar Pradesh,0.49,-0.0954,Normal,1414.75,Stoneware
Embroidery & Needlecraft,Table Runner,549.45,8,Moradabad,Uttar Pradesh,0.546,-0.1168,Winter,2048.72,Silk
Natural / Eco-friendly Crafts,Natural-fibre Basket,30.0,4,Thanjavur,Tamil Nadu,0.568,0.0743,Summer,1470.35,Palm Leaf
Pottery & Terracotta,Terracotta Jewellery,111.38,4,Srinagar,Jammu and Kashmir,0.598,0.1696,Normal,1685.7,Terracotta
Leather & Traditional Craft,Belt,858.39,6,Jaipur,Rajasthan,0.702,0.1214,Festival,5166.95,Leather
Paintings & Art,Madhubani Painting,140.66,3,Bastar,Chhattisgarh,0.698,0.0512,Normal,1602.47,Natural Pigment
Handmade Bags & Accessories,Backpack,293.69,1,Srikalahasti,Andhra Pradesh,0.625,-0.001,Wedding,2274.93,Leather
Handloom & Textiles,Stole,558.49,5,Saharanpur,Uttar Pradesh,0.743,0.1496,Normal,2018.93,Silk
Handmade Bags & Accessories,Accessories,197.5,2,Assam,Assam,0.835,-0.0022,Normal,1836.8,Jute
Handloom & Textiles,Handwoven Bag,551.94,8,Srikalahasti,Andhra Pradesh,0.936,-0.0067,Summer,2897.24,Linen
Pottery & Terracotta,Vase,56.46,4,Narsapur,Andhra Pradesh,0.883,0.0354,Normal,1325.41,Terracotta
Ceramics,Bowl,216.6,2,Moradabad,Uttar Pradesh,0.617,0.0164,Summer,1425.71,Stoneware
"Bamboo, Cane & Natural Fibre",Lampshade,195.75,4,Etikoppaka,Andhra Pradesh,0.782,0.0545,Wedding,2747.77,Cane
Pottery & Terracotta,Kitchenware,78.84,2,Narsapur,Andhra Pradesh,0.772,0.1199,Monsoon,1522.7,Clay
Paintings & Art,Miniature Painting,177.77,6,Kutch,Gujarat,0.61,0.177,Festival,2083.96,Watercolour
Handmade Home Décor,Wall Hanging,152.04,3,Bastar,Chhattisgarh,0.808,0.1966,Festival,2077.04,Cotton
"Bamboo, Cane & Natural Fibre",Storage Box,260.07,3,Kutch,Gujarat,0.707,0.085,Normal,2840.98,Bamboo
Handloom & Textiles,Blanket,371.62,10,Srikalahasti,Andhra Pradesh,0.659,-0.0506,Winter,2989.65,Cotton
Handmade Bags & Accessories,Tote Bag,263.79,3,Thanjavur,Tamil Nadu,0.611,-0.1163,Winter,1528.48,Canvas
Handloom & Textiles,Bedsheet,388.81,2,Srikalahasti,Andhra Pradesh,0.68,0.0489,Festival,2557.31,Linen
Embroidery & Needlecraft,Embroidered Bag,146.07,7,Channapatna,Karnataka,0.9,-0.0433,Normal,2237.97,Jute
Handloom & Textiles,Dupatta,344.1,6,Kolkata,West Bengal,0.631,-0.0503,Monsoon,1805.56,Cotton
"Bamboo, Cane & Natural Fibre",Bag,125.76,4,Channapatna,Karnataka,0.597,-0.0637,Winter,1776.8,Jute
Paintings & Art,Madhubani Painting,220.6,10,Kashmir,Jammu and Kashmir,0.202,0.1558,Festival,2001.12,Watercolour
Handmade Home Décor,Showpiece,415.34,2,Narsapur,Andhra Pradesh,0.502,0.0195,Summer,2588.2,Metal
Handmade Toys,Cloth Doll,170.91,3,Narsapur,Andhra Pradesh,0.723,0.2634,Winter,1672.9,Cotton
Embroidery & Needlecraft,Cushion Cover,244.93,6,Jaipur,Rajasthan,0.735,0.0926,Monsoon,1581.57,Cotton
Paintings & Art,Phad Painting,468.09,1,Kondapalli,Andhra Pradesh,0.685,-0.0237,Monsoon,2482.61,Cotton
Natural / Eco-friendly Crafts,Eco-friendly Packaging,244.81,4,Kondapalli,Andhra Pradesh,0.431,0.0435,Normal,1375.15,Jute
Pottery & Terracotta,Terracotta Jewellery,78.99,2,Thanjavur,Tamil Nadu,0.802,-0.0764,Winter,1616.18,Terracotta
Paintings & Art,Miniature Painting,214.98,5,Kolkata,West Bengal,0.437,-0.0421,Normal,1537.58,Watercolour
Natural / Eco-friendly Crafts,Handmade Paper Product,196.1,1,Kondapalli,Andhra Pradesh,0.791,0.1516,Summer,1602.25,Handmade Paper
Handmade Bags & Accessories,Basket,490.26,1,Bhubaneswar,Odisha,0.589,-0.0177,Normal,1604.91,Cane
Embroidery & Needlecraft,Embroidered Bag,208.35,3,Assam,Assam,0.499,0.1531,Summer,3516.01,Jute
Paintings & Art,Pattachitra,287.49,7,Raghurajpur,Odisha,0.429,-0.0712,Summer,2362.56,Natural Pigment
Natural / Eco-friendly Crafts,Palm-leaf Product,118.33,4,Jaipur,Rajasthan,0.642,0.0415,Normal,2120.83,Palm Leaf
Handloom & Textiles,Stole,712.35,5,Kashmir,Jammu and Kashmir,0.735,-0.0912,Summer,3488.93,Linen
Woodcraft,Wooden Toy,886.38,8,Raghurajpur,Odisha,0.896,0.0121,Wedding,5759.95,Wood
Handmade Toys,Wooden Toy,345.92,3,Pochampally,Telangana,0.773,0.0813,Festival,2017.91,Wood
Handmade Home Décor,Showpiece,260.69,3,Channapatna,Karnataka,0.706,0.031,Normal,2253.62,Metal
Leather & Traditional Craft,Footwear,771.81,1,Bastar,Chhattisgarh,0.331,0.0536,Normal,1964.51,Leather
Pottery & Terracotta,Kitchenware,150.5,2,Pochampally,Telangana,0.819,-0.1761,Normal,1246.28,Clay
Pottery & Terracotta,Decorative Pot,101.7,2,Jaipur,Rajasthan,0.844,0.0752,Monsoon,2062.95,Terracotta
Handmade Home Décor,Dreamcatcher,30.0,4,Narsapur,Andhra Pradesh,0.685,-0.0724,Normal,1248.54,Jute
Handmade Bags & Accessories,Accessories,109.45,4,Raghurajpur,Odisha,0.781,0.0191,Normal,2310.42,Cotton
Handmade Bags & Accessories,Pouch,341.49,3,Thanjavur,Tamil Nadu,0.461,-0.0856,Normal,1266.05,Leather
Natural / Eco-friendly Crafts,Handmade Paper Product,139.41,3,Saharanpur,Uttar Pradesh,0.607,0.0201,Normal,1210.71,Handmade Paper
Woodcraft,Furniture,691.26,9,Bhubaneswar,Odisha,0.608,0.1624,Winter,3670.46,Teak Wood
Ceramics,Plate,270.27,1,Assam,Assam,0.626,0.2099,Normal,1940.45,Stoneware
"Bamboo, Cane & Natural Fibre",Tray,63.39,2,Kondapalli,Andhra Pradesh,0.617,0.0197,Winter,1877.4,Palm Leaf
Handloom & Textiles,Handwoven Bag,397.56,5,Narsapur,Andhra Pradesh,0.827,0.006,Festival,2118.18,Cotton
Ceramics,Tableware,232.01,3,Assam,Assam,0.466,0.0231,Normal,1659.61,Ceramic
Woodcraft,Kitchenware,582.45,8,Narsapur,Andhra Pradesh,0.551,0.2071,Winter,3453.8,Wood
Handloom & Textiles,Handwoven Bag,368.31,11,Kashmir,Jammu and Kashmir,0.885,-0.0362,Festival,4432.26,Cotton
Pottery & Terracotta,Planter,64.33,1,Pochampally,Telangana,0.649,-0.1738,Normal,1103.21,Terracotta
Embroidery & Needlecraft,Patchwork Product,532.32,6,Channapatna,Karnataka,0.618,0.0156,Wedding,2909.02,Wool
Embroidery & Needlecraft,Quilt,193.12,4,Etikoppaka,Andhra Pradesh,0.503,0.0851,Summer,1905.65,Cotton
"Bamboo, Cane & Natural Fibre",Basket,162.04,2,Srikalahasti,Andhra Pradesh,0.81,-0.2,Winter,1624.16,Palm Leaf
Metal Crafts,Metal Sculpture,1345.61,4,Kondapalli,Andhra Pradesh,0.597,-0.1091,Normal,4898.28,Bell Metal
Metal Crafts,Lamp,1522.46,10,Etikoppaka,Andhra Pradesh,0.613,0.1933,Monsoon,7093.48,Copper
Ceramics,Ceramic Jewellery,196.51,4,Etikoppaka,Andhra Pradesh,0.679,-0.0703,Normal,1453.09,Porcelain
Handmade Home Décor,Candle,400.63,4,Srikalahasti,Andhra Pradesh,0.304,0.1935,Normal,1648.18,Soy Wax
"Bamboo, Cane & Natural Fibre",Bag,162.09,4,Narsapur,Andhra Pradesh,0.524,0.1501,Festival,1367.45,Jute
Embroidery & Needlecraft,Embroidered Bag,552.74,5,Bastar,Chhattisgarh,0.871,-0.0013,Normal,2718.63,Silk
Handmade Home Décor,Mirror,364.38,2,Madhubani,Bihar,0.764,-0.022,Festival,2457.59,Wood
Handmade Jewellery,Tribal Jewellery,923.43,2,Saharanpur,Uttar Pradesh,0.47,0.088,Summer,3628.06,Silver
Pottery & Terracotta,Kitchenware,101.01,3,Madhubani,Bihar,0.377,-0.0291,Wedding,1521.88,Terracotta
Embroidery & Needlecraft,Embroidered Clothing,683.45,8,Kondapalli,Andhra Pradesh,0.805,0.1036,Wedding,3157.3,Cotton
Woodcraft,Sculpture,342.66,15,Assam,Assam,0.705,0.1386,Wedding,3348.19,Wood
Handmade Jewellery,Necklace,516.09,2,Kutch,Gujarat,0.492,-0.0592,Summer,1957.57,Beads
Natural / Eco-friendly Crafts,Natural-fibre Basket,174.8,1,Kutch,Gujarat,0.644,0.2469,Festival,2197.82,Coir
"Bamboo, Cane & Natural Fibre",Bag,56.9,2,Etikoppaka,Andhra Pradesh,0.437,0.0078,Normal,1097.22,Jute
Metal Crafts,Bell-metal Product,1116.3,11,Madhubani,Bihar,0.483,0.102,Summer,4701.7,Bell Metal
Ceramics,Bowl,149.87,3,Etikoppaka,Andhra Pradesh,0.595,0.1657,Festival,1948.46,Stoneware
Handmade Bags & Accessories,Handbag,508.55,5,Kashmir,Jammu and Kashmir,0.378,0.1108,Normal,3141.65,Leather
Handmade Toys,Wooden Toy,216.36,4,Etikoppaka,Andhra Pradesh,0.509,0.043,Festival,2075.48,Wood
Leather & Traditional Craft,Traditional Leather Craft,692.91,6,Saharanpur,Uttar Pradesh,0.544,0.0572,Normal,3502.79,Leather
Handmade Bags & Accessories,Clutch,285.19,4,Narsapur,Andhra Pradesh,0.923,0.0595,Monsoon,2516.92,Cotton
Leather & Traditional Craft,Footwear,356.03,5,Narsapur,Andhra Pradesh,0.691,0.0054,Festival,2008.14,Leather
Natural / Eco-friendly Crafts,Coir Product,30.0,1,Channapatna,Karnataka,0.675,0.0835,Festival,1286.52,Coir
Handmade Toys,Traditional Toy,237.37,3,Pochampally,Telangana,0.827,-0.0705,Summer,1836.92,Cloth
"Bamboo, Cane & Natural Fibre",Tray,164.3,1,Saharanpur,Uttar Pradesh,0.826,0.0369,Normal,1662.68,Bamboo
Handmade Jewellery,Metal Jewellery,662.97,3,Channapatna,Karnataka,0.868,0.0732,Festival,3808.94,Brass
Woodcraft,Decorative Panel,351.55,7,Kolkata,West Bengal,0.488,0.128,Normal,2417.59,Wood
Metal Crafts,Copperware,883.81,3,Kondapalli,Andhra Pradesh,0.623,0.034,Normal,5423.64,Copper
Handmade Jewellery,Beaded Jewellery,405.95,1,Kutch,Gujarat,0.787,0.1045,Normal,2930.3,Seed Beads
Pottery & Terracotta,Kitchenware,55.43,2,Channapatna,Karnataka,0.594,0.0485,Normal,1084.77,Clay
Handmade Jewellery,Lac Jewellery,287.04,3,Srinagar,Jammu and Kashmir,0.777,-0.044,Normal,2907.38,Lac
Paintings & Art,Tanjore Painting,444.3,4,Saharanpur,Uttar Pradesh,0.745,0.0246,Festival,2903.2,Acrylic
Handloom & Textiles,Bedsheet,614.64,9,Kutch,Gujarat,0.761,0.1024,Normal,3971.17,Linen
Handmade Toys,Puppet,181.88,5,Khurja,Uttar Pradesh,0.874,0.0012,Festival,1426.63,Wood
Pottery & Terracotta,Planter,51.52,1,Kutch,Gujarat,0.273,0.0805,Normal,1321.74,Terracotta
Handmade Home Décor,Sculpture,282.18,3,Khurja,Uttar Pradesh,0.687,0.0262,Normal,1567.95,Clay
Handloom & Textiles,Fabric,449.27,4,Khurja,Uttar Pradesh,0.756,0.295,Normal,2547.58,Silk
Paintings & Art,Miniature Painting,326.91,10,Srikalahasti,Andhra Pradesh,0.423,0.2058,Wedding,3142.9,Watercolour
Handmade Jewellery,Handmade Earrings,860.99,5,Pochampally,Telangana,0.249,0.1028,Normal,3499.73,Brass
Handmade Jewellery,Metal Jewellery,1096.12,6,Pochampally,Telangana,0.57,0.1356,Wedding,3754.21,Silver
Pottery & Terracotta,Kitchenware,116.81,4,Madhubani,Bihar,0.403,0.0152,Monsoon,1913.35,Clay
Embroidery & Needlecraft,Embroidered Bag,671.7,6,Jaipur,Rajasthan,0.624,-0.0204,Normal,3616.47,Silk
Pottery & Terracotta,Sculpture,45.33,3,Thanjavur,Tamil Nadu,0.464,0.1289,Normal,1311.36,Terracotta
Handloom & Textiles,Blanket,284.81,9,Moradabad,Uttar Pradesh,0.909,-0.005,Normal,3268.78,Cotton
Ceramics,Vase,326.77,2,Jaipur,Rajasthan,0.717,0.055,Monsoon,2269.68,Stoneware
Woodcraft,Wall Décor,355.35,3,Jaipur,Rajasthan,0.772,0.0381,Summer,4198.25,Wood
Metal Crafts,Utensil,1179.63,1,Madhubani,Bihar,0.762,0.0625,Normal,6497.13,Copper
Handmade Bags & Accessories,Handmade Belt,438.49,3,Etikoppaka,Andhra Pradesh,0.573,0.1064,Wedding,2774.14,Leather
Handmade Toys,Handmade Game,160.2,5,Raghurajpur,Odisha,0.48,0.0216,Normal,2262.98,Paper
Handmade Bags & Accessories,Pouch,386.73,6,Bhubaneswar,Odisha,0.375,0.0606,Normal,2216.0,Cotton
Handmade Toys,Puppet,364.9,6,Narsapur,Andhra Pradesh,0.743,-0.0492,Normal,2286.82,Leather
Handmade Bags & Accessories,Handmade Belt,311.04,3,Assam,Assam,0.813,0.0372,Normal,2296.87,Cotton
Metal Crafts,Metal Sculpture,1360.51,7,Etikoppaka,Andhra Pradesh,0.632,0.0783,Winter,7220.57,Bell Metal
Handloom & Textiles,Traditional Garment,479.84,7,Thanjavur,Tamil Nadu,0.883,0.1603,Wedding,4313.6,Cotton
Metal Crafts,Metal Sculpture,1174.48,6,Moradabad,Uttar Pradesh,0.569,0.2468,Normal,3277.54,Bell Metal
Handmade Toys,Traditional Toy,195.03,3,Srikalahasti,Andhra Pradesh,0.746,0.0314,Monsoon,1807.36,Wood
Leather & Traditional Craft,Footwear,1148.69,3,Thanjavur,Tamil Nadu,0.223,0.0818,Festival,3160.18,Leather
Handmade Toys,Cloth Doll,94.37,1,Pochampally,Telangana,0.512,0.029,Normal,990.88,Cotton
"Bamboo, Cane & Natural Fibre",Bottle/Container,199.04,2,Bastar,Chhattisgarh,0.673,0.0529,Festival,1270.14,Cane
Leather & Traditional Craft,Decorative Leather Product,787.63,3,Madhubani,Bihar,0.769,-0.0671,Winter,3364.7,Leather
Pottery & Terracotta,Planter,126.53,2,Channapatna,Karnataka,0.597,-0.0374,Normal,1220.97,Clay
Leather & Traditional Craft,Decorative Leather Product,1091.23,6,Bastar,Chhattisgarh,0.656,0.0492,Normal,4126.26,Leather
Ceramics,Home Décor,170.57,4,Saharanpur,Uttar Pradesh,0.685,0.1435,Summer,1839.93,Porcelain
Handloom & Textiles,Shawl,318.06,9,Bastar,Chhattisgarh,0.8,0.0866,Monsoon,2828.3,Cotton
Leather & Traditional Craft,Decorative Leather Product,709.94,3,Etikoppaka,Andhra Pradesh,0.549,-0.0884,Festival,2905.24,Leather
Pottery & Terracotta,Planter,120.23,4,Kondapalli,Andhra Pradesh,0.708,-0.0115,Wedding,1320.53,Clay
Handmade Home Décor,Lamp,137.0,4,Moradabad,Uttar Pradesh,0.984,-0.2,Normal,3185.52,Metal
Natural / Eco-friendly Crafts,Banana-fibre Product,65.66,6,Narsapur,Andhra Pradesh,0.364,-0.0451,Summer,1758.94,Banana Fibre
Leather & Traditional Craft,Decorative Leather Product,674.86,2,Thanjavur,Tamil Nadu,0.653,-0.0228,Normal,4260.11,Leather
Pottery & Terracotta,Sculpture,123.93,3,Bhubaneswar,Odisha,0.576,0.1724,Summer,1850.11,Clay
Ceramics,Plate,148.41,2,Srinagar,Jammu and Kashmir,0.367,-0.0053,Normal,1621.3,Stoneware
Paintings & Art,Miniature Painting,451.64,3,Bhubaneswar,Odisha,0.806,-0.0323,Normal,2197.87,Watercolour
Handmade Toys,Puppet,163.91,4,Jaipur,Rajasthan,0.683,-0.0084,Winter,1596.5,Wood
Handloom & Textiles,Dupatta,570.26,7,Jaipur,Rajasthan,0.658,0.1483,Normal,3066.9,Wool
Handmade Home Décor,Lamp,298.39,7,Khurja,Uttar Pradesh,0.35,0.0299,Normal,2601.65,Metal
Handmade Home Décor,Candle,362.61,3,Etikoppaka,Andhra Pradesh,0.506,-0.0551,Summer,1703.96,Soy Wax
Paintings & Art,Warli Painting,173.08,7,Jaipur,Rajasthan,0.452,-0.0621,Normal,1705.32,Watercolour
Metal Crafts,Copperware,1009.71,1,Kondapalli,Andhra Pradesh,0.741,0.0299,Normal,5431.93,Copper
"Bamboo, Cane & Natural Fibre",Bag,163.93,3,Saharanpur,Uttar Pradesh,0.81,0.0391,Normal,1620.26,Cane
Handloom & Textiles,Dupatta,824.32,2,Kashmir,Jammu and Kashmir,0.472,0.1088,Festival,2254.06,Silk
Natural / Eco-friendly Crafts,Jute Product,101.03,4,Srinagar,Jammu and Kashmir,0.668,-0.016,Festival,1560.65,Jute
Pottery & Terracotta,Clay Pot,80.78,2,Srinagar,Jammu and Kashmir,0.656,0.076,Wedding,1901.0,Terracotta
Handmade Bags & Accessories,Handmade Belt,462.93,6,Moradabad,Uttar Pradesh,0.408,-0.0229,Monsoon,1926.04,Cotton
Handmade Bags & Accessories,Clutch,30.0,5,Narsapur,Andhra Pradesh,0.831,0.1084,Wedding,3134.23,Jute
Embroidery & Needlecraft,Embroidered Bag,936.04,9,Madhubani,Bihar,0.916,0.2409,Winter,4086.83,Silk
Leather & Traditional Craft,Traditional Leather Craft,683.49,4,Jaipur,Rajasthan,0.554,-0.1156,Summer,3023.92,Leather
Woodcraft,Box,685.04,8,Srikalahasti,Andhra Pradesh,0.746,0.0385,Festival,4061.1,Wood
Pottery & Terracotta,Terracotta Jewellery,113.2,4,Kutch,Gujarat,0.761,0.1497,Normal,2053.71,Clay
Woodcraft,Box,231.82,10,Raghurajpur,Odisha,0.761,0.0748,Normal,2816.08,Wood
Metal Crafts,Lamp,1540.81,7,Khurja,Uttar Pradesh,0.522,0.1933,Festival,4613.45,Brass
Handmade Jewellery,Handmade Earrings,480.4,3,Pochampally,Telangana,0.549,-0.0411,Monsoon,2162.47,Brass
Handmade Toys,Handmade Game,78.96,2,Srikalahasti,Andhra Pradesh,0.353,0.1332,Wedding,840.11,Cloth
"Bamboo, Cane & Natural Fibre",Storage Box,204.17,4,Srinagar,Jammu and Kashmir,0.62,0.1159,Normal,1476.96,Palm Leaf
Handloom & Textiles,Towel,565.32,11,Saharanpur,Uttar Pradesh,0.773,0.1386,Normal,2950.81,Linen
Natural / Eco-friendly Crafts,Jute Product,149.5,3,Jaipur,Rajasthan,0.65,0.0259,Festival,1423.26,Jute
Handloom & Textiles,Carpet,339.78,7,Jaipur,Rajasthan,0.822,0.0411,Festival,2901.08,Cotton
Handmade Jewellery,Bracelet,405.92,4,Bastar,Chhattisgarh,0.703,0.0714,Winter,1652.74,Lac
Handmade Toys,Cloth Doll,170.16,1,Assam,Assam,0.937,-0.0212,Wedding,1939.76,Cotton
Ceramics,Plate,213.96,2,Khurja,Uttar Pradesh,0.858,0.1432,Festival,2232.87,Stoneware
Handmade Jewellery,Bracelet,200.33,4,Kolkata,West Bengal,0.821,-0.0255,Normal,2227.46,Beads
Natural / Eco-friendly Crafts,Coir Product,153.72,2,Saharanpur,Uttar Pradesh,0.613,0.086,Monsoon,1022.24,Coir
Handmade Toys,Educational Toy,209.4,5,Srikalahasti,Andhra Pradesh,0.505,-0.0025,Summer,1144.11,Wood
Handmade Toys,Stuffed Toy,153.73,3,Khurja,Uttar Pradesh,0.831,-0.0941,Wedding,1694.97,Cotton
Leather & Traditional Craft,Decorative Leather Product,585.25,6,Bhubaneswar,Odisha,0.545,0.0456,Normal,3144.57,Leather
Metal Crafts,Copperware,962.47,3,Etikoppaka,Andhra Pradesh,0.615,0.2349,Festival,5480.85,Copper
Embroidery & Needlecraft,Wall Hanging,190.71,4,Raghurajpur,Odisha,0.502,-0.0469,Monsoon,1192.82,Jute
Paintings & Art,Miniature Painting,241.87,5,Kondapalli,Andhra Pradesh,0.633,-0.0297,Wedding,1541.34,Natural Pigment
Handloom & Textiles,Dress Material,637.4,10,Etikoppaka,Andhra Pradesh,0.352,0.0636,Winter,2539.34,Linen
Pottery & Terracotta,Decorative Pot,123.19,2,Kashmir,Jammu and Kashmir,0.475,0.0968,Summer,813.75,Terracotta
Metal Crafts,Brassware,1200.97,2,Khurja,Uttar Pradesh,0.413,-0.0402,Wedding,3656.92,Brass
Handmade Toys,Wooden Toy,174.37,5,Srikalahasti,Andhra Pradesh,0.402,-0.1073,Normal,1822.94,Wood
Handmade Jewellery,Terracotta Jewellery,226.99,4,Thanjavur,Tamil Nadu,0.574,0.2108,Winter,3525.52,Terracotta
Handmade Toys,Wooden Toy,188.24,2,Bhubaneswar,Odisha,0.556,0.0856,Summer,1250.06,Wood
Embroidery & Needlecraft,Embroidered Clothing,339.64,6,Srinagar,Jammu and Kashmir,0.72,0.0101,Summer,4195.17,Cotton
Handmade Jewellery,Handmade Earrings,346.5,2,Assam,Assam,0.473,0.1466,Normal,2391.06,Terracotta
Metal Crafts,Metal Sculpture,1471.98,9,Moradabad,Uttar Pradesh,0.365,0.1242,Summer,5952.35,Bell Metal
Handmade Jewellery,Necklace,1126.02,5,Etikoppaka,Andhra Pradesh,0.646,0.0301,Winter,3983.91,Silver
Paintings & Art,Madhubani Painting,176.74,3,Raghurajpur,Odisha,0.729,0.0664,Festival,2032.02,Watercolour
Embroidery & Needlecraft,Patchwork Product,237.48,3,Srikalahasti,Andhra Pradesh,0.833,-0.0074,Festival,2145.95,Linen
Handmade Jewellery,Handmade Earrings,692.46,3,Pochampally,Telangana,0.375,0.1162,Normal,2561.79,Lac
Metal Crafts,Metal Sculpture,1063.46,8,Narsapur,Andhra Pradesh,0.568,0.0803,Festival,5239.36,Brass
"Bamboo, Cane & Natural Fibre",Decorative Item,148.82,2,Thanjavur,Tamil Nadu,0.558,-0.0437,Normal,2274.67,Palm Leaf
Embroidery & Needlecraft,Wall Hanging,419.71,9,Thanjavur,Tamil Nadu,0.667,0.0904,Normal,1683.9,Cotton
Handloom & Textiles,Traditional Garment,531.04,7,Kolkata,West Bengal,0.738,0.1009,Festival,2985.39,Wool
Ceramics,Ceramic Jewellery,227.39,3,Kashmir,Jammu and Kashmir,0.6,0.2307,Normal,1721.2,Ceramic
Leather & Traditional Craft,Wallet,648.92,5,Kutch,Gujarat,0.343,0.0517,Normal,2827.76,Leather
Handmade Toys,Wooden Toy,231.36,2,Kutch,Gujarat,0.598,-0.0917,Summer,1737.69,Wood
Handmade Home Décor,Lamp,319.62,5,Kashmir,Jammu and Kashmir,0.689,0.1725,Winter,2197.62,Clay
Natural / Eco-friendly Crafts,Banana-fibre Product,174.58,3,Raghurajpur,Odisha,0.769,-0.0071,Festival,1785.23,Banana Fibre
"Bamboo, Cane & Natural Fibre",Storage Box,48.76,6,Madhubani,Bihar,0.644,-0.0401,Festival,1640.29,Palm Leaf
Handloom & Textiles,Towel,178.14,5,Madhubani,Bihar,0.741,0.0314,Festival,2276.6,Cotton
Handmade Bags & Accessories,Pouch,597.39,2,Assam,Assam,0.925,-0.1016,Normal,2320.37,Leather
"Bamboo, Cane & Natural Fibre",Lampshade,137.41,5,Khurja,Uttar Pradesh,0.743,0.0844,Normal,1946.43,Bamboo
Handmade Home Décor,Handmade Clock,242.57,4,Bhubaneswar,Odisha,0.766,-0.0182,Winter,1710.87,Bamboo
Embroidery & Needlecraft,Quilt,350.57,9,Kolkata,West Bengal,0.757,-0.0084,Monsoon,2282.58,Cotton
Handmade Bags & Accessories,Clutch,208.33,7,Bhubaneswar,Odisha,0.417,0.067,Normal,2174.69,Cotton
Handloom & Textiles,Blanket,308.67,13,Madhubani,Bihar,0.536,-0.0551,Monsoon,2454.0,Cotton
Handmade Bags & Accessories,Pouch,86.04,1,Kolkata,West Bengal,0.892,0.2165,Wedding,2741.35,Jute
Ceramics,Mug,89.39,3,Jaipur,Rajasthan,0.638,-0.0009,Normal,997.01,Stoneware
Handmade Home Décor,Decorative Box,113.34,2,Raghurajpur,Odisha,0.354,0.0073,Normal,2413.62,Bamboo
Handmade Bags & Accessories,Handmade Belt,531.67,3,Khurja,Uttar Pradesh,0.526,-0.0366,Festival,2459.58,Leather
Leather & Traditional Craft,Traditional Leather Craft,809.95,3,Kutch,Gujarat,0.599,0.0844,Winter,2606.68,Leather
Paintings & Art,Handmade Wall Art,242.45,7,Bhubaneswar,Odisha,0.445,0.1976,Normal,1370.14,Handmade Paper
Embroidery & Needlecraft,Embroidered Clothing,282.91,11,Khurja,Uttar Pradesh,0.385,0.1219,Winter,2411.01,Cotton
Natural / Eco-friendly Crafts,Natural-fibre Basket,189.97,2,Pochampally,Telangana,0.64,0.1003,Normal,2185.18,Coir
Embroidery & Needlecraft,Embroidered Clothing,380.72,3,Bhubaneswar,Odisha,0.568,0.1403,Normal,2879.2,Linen
"Bamboo, Cane & Natural Fibre",Mat,276.1,4,Narsapur,Andhra Pradesh,0.308,-0.0645,Normal,1405.73,Bamboo
Embroidery & Needlecraft,Patchwork Product,326.12,8,Pochampally,Telangana,0.852,0.2119,Monsoon,1932.36,Cotton
Embroidery & Needlecraft,Cushion Cover,570.22,4,Srinagar,Jammu and Kashmir,0.894,0.0232,Festival,3765.75,Silk
Handmade Toys,Puppet,359.45,2,Kolkata,West Bengal,0.911,0.0089,Festival,2390.34,Leather
Woodcraft,Figurine,768.94,6,Thanjavur,Tamil Nadu,0.73,0.1104,Normal,4762.21,Wood
Metal Crafts,Decorative Item,1387.38,4,Kashmir,Jammu and Kashmir,0.767,0.0334,Monsoon,7831.71,Copper
Handloom & Textiles,Dupatta,551.33,4,Saharanpur,Uttar Pradesh,0.61,0.0953,Wedding,3443.68,Silk
Handmade Bags & Accessories,Tote Bag,160.22,3,Pochampally,Telangana,0.703,-0.0784,Normal,2224.13,Cotton
"Bamboo, Cane & Natural Fibre",Basket,118.04,1,Etikoppaka,Andhra Pradesh,0.447,0.0402,Normal,1974.09,Palm Leaf
Handloom & Textiles,Traditional Garment,426.4,6,Etikoppaka,Andhra Pradesh,0.77,0.1399,Normal,3168.1,Cotton
"Bamboo, Cane & Natural Fibre",Tray,179.19,5,Kondapalli,Andhra Pradesh,0.556,0.0126,Normal,2120.7,Cane
Handmade Home Décor,Table Décor,147.64,4,Narsapur,Andhra Pradesh,0.636,0.0302,Normal,2194.1,Clay
Handmade Toys,Traditional Toy,213.83,1,Narsapur,Andhra Pradesh,0.415,-0.0339,Normal,1300.71,Cloth
Embroidery & Needlecraft,Patchwork Product,164.07,5,Bastar,Chhattisgarh,0.484,0.1084,Monsoon,1410.62,Cotton
Pottery & Terracotta,Sculpture,30.0,2,Bhubaneswar,Odisha,0.465,0.0246,Wedding,1213.93,Clay
Pottery & Terracotta,Kitchenware,146.85,3,Kolkata,West Bengal,0.565,0.116,Winter,1400.72,Clay
Embroidery & Needlecraft,Cushion Cover,864.29,7,Assam,Assam,0.468,0.1977,Normal,4692.25,Silk
Paintings & Art,Tanjore Painting,220.44,9,Bhubaneswar,Odisha,0.776,0.1367,Normal,2082.89,Acrylic
Handmade Jewellery,Tribal Jewellery,304.31,6,Srikalahasti,Andhra Pradesh,0.562,0.2232,Festival,4455.8,Beads
Embroidery & Needlecraft,Embroidered Bag,525.77,7,Etikoppaka,Andhra Pradesh,0.716,0.3,Festival,3343.82,Silk
Paintings & Art,Folk Painting,270.71,6,Assam,Assam,0.693,-0.0208,Normal,2790.66,Watercolour
Pottery & Terracotta,Planter,87.7,4,Madhubani,Bihar,0.432,0.0446,Summer,1279.07,Terracotta
"Bamboo, Cane & Natural Fibre",Bottle/Container,193.32,3,Kondapalli,Andhra Pradesh,0.642,-0.0396,Normal,1911.65,Cane
Paintings & Art,Sketch,267.82,4,Srikalahasti,Andhra Pradesh,0.545,0.0947,Normal,1479.35,Charcoal
Metal Crafts,Bell-metal Product,1119.61,8,Bastar,Chhattisgarh,0.586,0.1087,Wedding,6245.09,Bell Metal
Ceramics,Cup,222.36,3,Saharanpur,Uttar Pradesh,0.734,0.2278,Summer,1618.67,Ceramic
Handmade Toys,Wooden Toy,208.99,2,Jaipur,Rajasthan,0.531,0.0705,Festival,2046.36,Wood
Handmade Jewellery,Lac Jewellery,216.69,3,Narsapur,Andhra Pradesh,0.825,0.087,Normal,3323.99,Lac
Natural / Eco-friendly Crafts,Coir Product,84.81,3,Srikalahasti,Andhra Pradesh,0.639,0.0846,Normal,1067.1,Coir
Handmade Home Décor,Candle,195.17,7,Kutch,Gujarat,0.651,0.0187,Normal,2453.49,Soy Wax
Handloom & Textiles,Shawl,441.37,10,Khurja,Uttar Pradesh,0.643,0.0925,Normal,3753.64,Linen
Natural / Eco-friendly Crafts,Eco-friendly Packaging,118.55,2,Thanjavur,Tamil Nadu,0.519,-0.0061,Festival,1839.54,Banana Fibre
Embroidery & Needlecraft,Wall Hanging,386.07,7,Kutch,Gujarat,0.687,0.0126,Normal,2487.43,Wool
Metal Crafts,Jewellery,1219.6,10,Assam,Assam,0.798,-0.055,Winter,5998.46,Copper
Handmade Jewellery,Necklace,295.27,3,Jaipur,Rajasthan,0.55,0.0695,Normal,2429.19,Beads
Handmade Bags & Accessories,Tote Bag,402.44,6,Kondapalli,Andhra Pradesh,0.748,-0.013,Normal,2254.51,Canvas
Paintings & Art,Pattachitra,371.13,5,Etikoppaka,Andhra Pradesh,0.585,0.0318,Festival,1820.48,Natural Pigment
Natural / Eco-friendly Crafts,Handmade Paper Product,48.77,3,Assam,Assam,0.463,0.0042,Normal,1440.69,Handmade Paper
Handmade Toys,Cloth Doll,273.35,3,Madhubani,Bihar,0.351,0.0465,Festival,1282.89,Wool
Handmade Jewellery,Bangles,308.15,3,Assam,Assam,0.889,-0.0059,Monsoon,2132.17,Glass
Ceramics,Vase,225.8,3,Bastar,Chhattisgarh,0.223,0.0408,Monsoon,1510.27,Stoneware
Natural / Eco-friendly Crafts,Jute Product,176.28,2,Khurja,Uttar Pradesh,0.431,0.0058,Normal,871.17,Jute
Natural / Eco-friendly Crafts,Eco-friendly Packaging,174.31,3,Srinagar,Jammu and Kashmir,0.425,0.0738,Festival,1803.69,Jute
Leather & Traditional Craft,Footwear,1141.24,7,Khurja,Uttar Pradesh,0.581,0.0002,Winter,5475.43,Leather
Natural / Eco-friendly Crafts,Coir Product,30.0,2,Etikoppaka,Andhra Pradesh,0.734,-0.0221,Normal,2057.0,Coir
Ceramics,Ceramic Jewellery,144.61,3,Bastar,Chhattisgarh,0.785,0.0908,Festival,2018.1,Ceramic
Ceramics,Bowl,200.72,2,Khurja,Uttar Pradesh,0.611,-0.0336,Monsoon,1129.39,Ceramic
Ceramics,Tableware,224.12,1,Madhubani,Bihar,0.909,0.1258,Normal,2340.01,Stoneware
Paintings & Art,Folk Painting,249.69,7,Raghurajpur,Odisha,0.258,0.1092,Normal,2508.57,Watercolour
Pottery & Terracotta,Clay Pot,81.37,3,Jaipur,Rajasthan,0.636,-0.0002,Summer,1109.63,Terracotta
Metal Crafts,Copperware,1638.93,2,Bastar,Chhattisgarh,0.854,-0.012,Normal,3797.9,Copper
Handmade Toys,Traditional Toy,55.15,2,Raghurajpur,Odisha,0.805,-0.0512,Festival,1610.64,Clay
Natural / Eco-friendly Crafts,Natural-fibre Basket,59.47,2,Srikalahasti,Andhra Pradesh,0.358,0.0132,Normal,1708.99,Palm Leaf
"Bamboo, Cane & Natural Fibre",Household Product,175.78,4,Jaipur,Rajasthan,0.707,0.2496,Wedding,2311.32,Jute
Natural / Eco-friendly Crafts,Handmade Paper Product,165.53,3,Srinagar,Jammu and Kashmir,0.706,0.0538,Wedding,1862.96,Handmade Paper
Paintings & Art,Warli Painting,341.98,6,Pochampally,Telangana,0.345,0.1231,Festival,1709.2,Natural Pigment
"Bamboo, Cane & Natural Fibre",Household Product,192.73,7,Jaipur,Rajasthan,0.631,0.1888,Festival,2614.22,Bamboo
Leather & Traditional Craft,Traditional Leather Craft,718.65,6,Kolkata,West Bengal,0.773,0.1544,Normal,4535.25,Leather
Paintings & Art,Phad Painting,142.93,10,Saharanpur,Uttar Pradesh,0.603,-0.0425,Monsoon,1538.74,Cotton
Handmade Jewellery,Metal Jewellery,805.38,4,Madhubani,Bihar,0.49,0.1322,Normal,4524.62,Brass
Metal Crafts,Utensil,895.34,7,Raghurajpur,Odisha,0.456,0.176,Monsoon,6589.02,Brass
Natural / Eco-friendly Crafts,Coir Product,30.0,3,Srinagar,Jammu and Kashmir,0.743,0.0198,Festival,1251.19,Coir
Metal Crafts,Jewellery,1919.69,10,Narsapur,Andhra Pradesh,0.691,-0.0203,Monsoon,6164.2,Silver
Pottery & Terracotta,Planter,30.0,3,Kolkata,West Bengal,0.588,-0.0711,Festival,905.43,Clay
Embroidery & Needlecraft,Embroidered Bag,643.85,6,Kondapalli,Andhra Pradesh,0.344,0.039,Festival,4000.98,Silk
Metal Crafts,Copperware,974.87,1,Srinagar,Jammu and Kashmir,0.733,-0.0903,Wedding,6093.75,Copper
Handmade Bags & Accessories,Wallet,544.56,3,Jaipur,Rajasthan,0.555,0.0088,Festival,3584.23,Leather
Ceramics,Mug,266.25,1,Khurja,Uttar Pradesh,0.688,0.0122,Festival,1669.44,Ceramic
Pottery & Terracotta,Sculpture,63.11,1,Thanjavur,Tamil Nadu,0.194,0.0233,Normal,806.23,Terracotta
Ceramics,Plate,100.59,2,Bhubaneswar,Odisha,0.384,0.0338,Normal,1133.94,Ceramic
Handloom & Textiles,Blanket,242.31,3,Kondapalli,Andhra Pradesh,0.537,0.0442,Normal,1740.6,Cotton
Handloom & Textiles,Dress Material,284.42,13,Assam,Assam,0.724,-0.0897,Normal,3515.51,Cotton
Pottery & Terracotta,Clay Lamp,102.4,2,Kashmir,Jammu and Kashmir,0.742,0.1112,Summer,1067.84,Clay
"Bamboo, Cane & Natural Fibre",Mat,224.99,5,Bhubaneswar,Odisha,0.473,0.1663,Summer,1797.75,Jute
Natural / Eco-friendly Crafts,Palm-leaf Product,129.49,3,Kolkata,West Bengal,0.706,-0.0986,Winter,2070.16,Palm Leaf
Handmade Jewellery,Handmade Earrings,219.84,5,Assam,Assam,0.533,0.0354,Normal,2945.04,Lac
Handmade Jewellery,Tribal Jewellery,763.09,5,Channapatna,Karnataka,0.369,0.024,Festival,4486.86,Brass
Handmade Jewellery,Terracotta Jewellery,504.55,7,Raghurajpur,Odisha,0.654,0.1881,Winter,4218.76,Terracotta
Embroidery & Needlecraft,Cushion Cover,389.77,11,Moradabad,Uttar Pradesh,0.541,0.0509,Summer,3083.35,Cotton
Woodcraft,Decorative Panel,448.06,14,Assam,Assam,0.892,0.069,Normal,4999.71,Wood
Ceramics,Bowl,257.84,3,Raghurajpur,Odisha,0.65,0.1466,Normal,2878.46,Ceramic
Leather & Traditional Craft,Leather Bag,562.57,2,Etikoppaka,Andhra Pradesh,0.375,0.1326,Festival,2227.33,Leather
Natural / Eco-friendly Crafts,Eco-friendly Packaging,246.41,3,Srikalahasti,Andhra Pradesh,0.682,0.0733,Normal,1558.37,Banana Fibre
Handmade Jewellery,Necklace,585.11,5,Bhubaneswar,Odisha,0.485,-0.1656,Wedding,4294.22,Brass
Handmade Home Décor,Handmade Clock,238.95,5,Jaipur,Rajasthan,0.787,0.1762,Normal,1967.7,Bamboo
Paintings & Art,Tanjore Painting,46.79,10,Assam,Assam,0.688,0.1647,Normal,1983.14,Natural Pigment
Ceramics,Bowl,88.43,4,Kondapalli,Andhra Pradesh,0.596,0.1856,Monsoon,1375.8,Ceramic
Leather & Traditional Craft,Leather Bag,779.74,6,Bastar,Chhattisgarh,0.689,0.0233,Winter,5035.35,Leather
Metal Crafts,Brassware,1301.9,11,Bastar,Chhattisgarh,0.434,-0.0974,Festival,5771.82,Brass
Embroidery & Needlecraft,Cushion Cover,240.45,4,Moradabad,Uttar Pradesh,0.679,0.0464,Summer,2546.31,Linen
Leather & Traditional Craft,Traditional Leather Craft,781.31,4,Bastar,Chhattisgarh,0.466,0.0435,Summer,2490.06,Leather
Leather & Traditional Craft,Traditional Leather Craft,525.94,6,Moradabad,Uttar Pradesh,0.831,0.0469,Summer,4222.67,Leather
Natural / Eco-friendly Crafts,Jute Product,118.3,2,Kondapalli,Andhra Pradesh,0.715,0.2694,Monsoon,1077.64,Jute
Metal Crafts,Brassware,1415.24,6,Srinagar,Jammu and Kashmir,0.712,-0.0561,Festival,9940.67,Brass
Natural / Eco-friendly Crafts,Palm-leaf Product,92.24,3,Pochampally,Telangana,0.316,0.144,Normal,731.42,Palm Leaf
Ceramics,Tableware,315.86,2,Madhubani,Bihar,0.694,0.0633,Normal,2908.03,Stoneware
Handmade Bags & Accessories,Backpack,214.96,3,Khurja,Uttar Pradesh,0.545,0.0472,Normal,1681.07,Cotton
Pottery & Terracotta,Decorative Pot,259.49,1,Assam,Assam,0.679,-0.2,Normal,1217.81,Terracotta
Handmade Toys,Traditional Toy,44.08,3,Pochampally,Telangana,0.859,0.0401,Wedding,1970.29,Clay
Ceramics,Ceramic Jewellery,165.34,3,Saharanpur,Uttar Pradesh,0.78,-0.1014,Normal,2044.67,Ceramic
"Bamboo, Cane & Natural Fibre",Household Product,237.62,3,Thanjavur,Tamil Nadu,0.374,0.2303,Normal,1710.06,Cane
Handloom & Textiles,Carpet,232.53,2,Kutch,Gujarat,0.565,0.0895,Normal,2084.06,Cotton
Metal Crafts,Metal Sculpture,812.04,6,Khurja,Uttar Pradesh,0.492,0.1672,Winter,4890.81,Copper
Ceramics,Home Décor,237.13,3,Srikalahasti,Andhra Pradesh,0.679,0.1579,Normal,1411.06,Ceramic
Metal Crafts,Decorative Item,1192.05,5,Pochampally,Telangana,0.679,0.2212,Normal,5243.37,Copper
Woodcraft,Tray,478.18,11,Raghurajpur,Odisha,0.714,0.0287,Normal,4619.68,Wood
Leather & Traditional Craft,Belt,695.33,6,Thanjavur,Tamil Nadu,0.406,-0.0815,Normal,3954.56,Leather
Ceramics,Vase,266.77,3,Kolkata,West Bengal,0.212,-0.0294,Wedding,1205.12,Ceramic
Handmade Bags & Accessories,Clutch,143.27,4,Etikoppaka,Andhra Pradesh,0.697,0.0956,Monsoon,1354.55,Jute
Handmade Home Décor,Dreamcatcher,324.49,4,Pochampally,Telangana,0.525,-0.0347,Monsoon,1234.74,Cotton
Metal Crafts,Jewellery,1042.96,5,Srikalahasti,Andhra Pradesh,0.902,0.0157,Festival,6465.88,Copper
Ceramics,Cup,179.3,2,Madhubani,Bihar,0.481,0.0697,Summer,2089.42,Ceramic
Natural / Eco-friendly Crafts,Natural-fibre Basket,94.72,2,Kolkata,West Bengal,0.702,0.0131,Festival,2232.46,Palm Leaf
Handmade Jewellery,Beaded Jewellery,543.39,3,Raghurajpur,Odisha,0.866,-0.0477,Normal,3407.96,Wood
Handmade Jewellery,Beaded Jewellery,134.7,4,Madhubani,Bihar,0.71,-0.2,Normal,1618.57,Seed Beads
Leather & Traditional Craft,Belt,538.95,7,Madhubani,Bihar,0.561,0.1431,Monsoon,3809.33,Leather
Woodcraft,Wooden Jewellery,573.61,6,Assam,Assam,0.242,0.1881,Festival,2973.37,Wood
Natural / Eco-friendly Crafts,Coir Product,51.31,3,Kolkata,West Bengal,0.657,-0.0001,Normal,1164.24,Coir
